999
LibreDWG 0.14.8592
  0
SECTION
  2
HEADER
  9
$ACADVER
  1
AC1027
  9
$ACADMAINTVER
 70
   105
  9
$DWGCODEPAGE
  3
ANSI_936
  9
$LASTSAVEDBY
  1
admin
  9
$REQUIREDVERSIONS
160
           0
  9
$INSBASE
 10
0.0
 20
0.0
 30
0.0
  9
$EXTMIN
 10
391415.0245868016
 20
3188456.350857411
 30
0.0
  9
$EXTMAX
 10
399139.6011820271
 20
3193760.476758249
 30
88888.0
  9
$LIMMIN
 10
0.0
 20
0.0
  9
$LIMMAX
 10
120.0
 20
80.0
  9
$ORTHOMODE
 70
     0
  9
$REGENMODE
 70
     1
  9
$FILLMODE
 70
     1
  9
$QTEXTMODE
 70
     0
  9
$MIRRTEXT
 70
     1
  9
$LTSCALE
 40
1.0
  9
$ATTMODE
 70
     1
  9
$TEXTSIZE
 40
0.2
  9
$TRACEWID
 40
0.05
  9
$TEXTSTYLE
  7
HZ
  9
$CLAYER
  8
0
  9
$CELTYPE
  6
CONTINUOUS
  9
$CECOLOR
 62
     0
  9
$CELTSCALE
 40
1.0
  9
$DISPSILH
 70
     0
  9
$DIMSCALE
 40
1.0
  9
$DIMASZ
 40
0.18
  9
$DIMEXO
 40
0.0625
  9
$DIMDLI
 40
0.38
  9
$DIMRND
 40
0.0
  9
$DIMDLE
 40
0.0
  9
$DIMEXE
 40
0.18
  9
$DIMTP
 40
0.0
  9
$DIMTM
 40
0.0
  9
$DIMTXT
 40
0.18
  9
$DIMCEN
 40
0.09
  9
$DIMTSZ
 40
0.0
  9
$DIMTOL
 70
     0
  9
$DIMLIM
 70
     0
  9
$DIMTIH
 70
     1
  9
$DIMTOH
 70
     1
  9
$DIMSE1
 70
     0
  9
$DIMSE2
 70
     0
  9
$DIMTAD
 70
     0
  9
$DIMZIN
 70
     0
  9
$DIMBLK
  1

  9
$DIMASO
 70
     1
  9
$DIMSHO
 70
     0
  9
$DIMPOST
  1

  9
$DIMAPOST
  1

  9
$DIMALT
 70
     0
  9
$DIMALTD
 70
     2
  9
$DIMALTF
 40
25.4
  9
$DIMLFAC
 40
1.0
  9
$DIMTOFL
 70
     0
  9
$DIMTVP
 40
0.0
  9
$DIMTIX
 70
     0
  9
$DIMSOXD
 70
     0
  9
$DIMSAH
 70
     0
  9
$DIMBLK1
  1

  9
$DIMBLK2
  1

  9
$DIMSTYLE
  2
Standard
  9
$DIMCLRD
 70
     0
  9
$DIMCLRE
 70
     0
  9
$DIMCLRT
 70
     0
  9
$DIMTFAC
 40
1.0
  9
$DIMGAP
 40
0.09
  9
$DIMJUST
 70
     0
  9
$DIMSD1
 70
     0
  9
$DIMSD2
 70
     0
  9
$DIMTOLJ
 70
     1
  9
$DIMTZIN
 70
     0
  9
$DIMALTZ
 70
     0
  9
$DIMALTTZ
 70
     0
  9
$DIMUPT
 70
     0
  9
$DIMDEC
 70
     4
  9
$DIMTDEC
 70
     4
  9
$DIMALTU
 70
     2
  9
$DIMALTTD
 70
     2
  9
$DIMTXSTY
  7
Standard
  9
$DIMAUNIT
 70
     0
  9
$DIMADEC
 70
     0
  9
$DIMALTRND
 40
0.0
  9
$DIMAZIN
 70
     0
  9
$DIMDSEP
 70
    46
  9
$DIMATFIT
 70
     3
  9
$DIMFRAC
 70
     0
  9
$DIMLDRBLK
  1

  9
$DIMLUNIT
 70
     2
  9
$DIMLWD
 70
    -2
  9
$DIMLWE
 70
    -2
  9
$DIMTMOVE
 70
     0
  9
$DIMFXL
 40
1.0
  9
$DIMFXLON
 70
     0
  9
$DIMJOGANG
 40
0.7853981633974483
  9
$DIMTFILL
 70
     0
  9
$DIMTFILLCLR
 70
     0
  9
$DIMARCSYM
 70
     0
  9
$DIMLTYPE
  6

  9
$DIMLTEX1
  6

  9
$DIMLTEX2
  6

  9
$DIMTXTDIRECTION
 70
     0
  9
$LUNITS
 70
     2
  9
$LUPREC
 70
     4
  9
$AXISMODE
 70
     0
  9
$AXISUNIT
 10
0.0
 20
0.0
  9
$SKETCHINC
 40
0.1
  9
$FILLETRAD
 40
0.0
  9
$AUNITS
 70
     0
  9
$AUPREC
 70
     0
  9
$MENU
  1
A
  9
$ELEVATION
 40
0.0
  9
$PELEVATION
 40
0.0
  9
$THICKNESS
 40
0.0
  9
$LIMCHECK
 70
     0
  9
$CHAMFERA
 40
0.0
  9
$CHAMFERB
 40
0.0
  9
$CHAMFERC
 40
0.0
  9
$CHAMFERD
 40
0.0
  9
$SKPOLY
 70
     0
  9
$TDCREATE
 40
2460924.423362060
  9
$TDUCREATE
 40
2460924.135362060
  9
$TDUPDATE
 40
2460925.376797140
  9
$TDUUPDATE
 40
2460925.088797140
  9
$TDINDWG
 40
0.003086210
  9
$TDUSRTIMER
 40
0.003086180
  9
$USRTIMER
 70
     1
  9
$ANGBASE
 50
0.0
  9
$ANGDIR
 70
     0
  9
$PDMODE
 70
     0
  9
$PDSIZE
 40
0.2
  9
$PLINEWID
 40
0.0
  9
$SPLFRAME
 70
     0
  9
$SPLINETYPE
 70
     5
  9
$SPLINESEGS
 70
     8
  9
$HANDSEED
  5
14DB
  9
$SURFTAB1
 70
     6
  9
$SURFTAB2
 70
     6
  9
$SURFTYPE
 70
     6
  9
$SURFU
 70
     6
  9
$SURFV
 70
     6
  9
$UCSBASE
  2

  9
$UCSORG
 10
0.0
 20
0.0
 30
0.0
  9
$UCSXDIR
 10
1.0
 20
0.0
 30
0.0
  9
$UCSYDIR
 10
0.0
 20
1.0
 30
0.0
  9
$UCSORTHOREF
  2

  9
$UCSORTHOVIEW
 70
     0
  9
$UCSORGTOP
 10
0.0
 20
0.0
 30
0.0
  9
$UCSORGBOTTOM
 10
0.0
 20
0.0
 30
0.0
  9
$UCSORGLEFT
 10
0.0
 20
0.0
 30
0.0
  9
$UCSORGRIGHT
 10
0.0
 20
0.0
 30
0.0
  9
$UCSORGFRONT
 10
0.0
 20
0.0
 30
0.0
  9
$UCSORGBACK
 10
0.0
 20
0.0
 30
0.0
  9
$PUCSBASE
  2

  9
$PUCSORG
 10
0.0
 20
0.0
 30
0.0
  9
$PUCSXDIR
 10
1.0
 20
0.0
 30
0.0
  9
$PUCSYDIR
 10
0.0
 20
1.0
 30
0.0
  9
$PUCSORTHOREF
  2

  9
$PUCSORTHOVIEW
 70
     0
  9
$PUCSORGTOP
 10
0.0
 20
0.0
 30
0.0
  9
$PUCSORGBOTTOM
 10
0.0
 20
0.0
 30
0.0
  9
$PUCSORGLEFT
 10
0.0
 20
0.0
 30
0.0
  9
$PUCSORGRIGHT
 10
0.0
 20
0.0
 30
0.0
  9
$PUCSORGFRONT
 10
0.0
 20
0.0
 30
0.0
  9
$PUCSORGBACK
 10
0.0
 20
0.0
 30
0.0
  9
$USERI1
 70
     0
  9
$USERI2
 70
     0
  9
$USERI3
 70
     0
  9
$USERI4
 70
     0
  9
$USERI5
 70
     0
  9
$USERR1
 40
0.0
  9
$USERR2
 40
0.0
  9
$USERR3
 40
0.0
  9
$USERR4
 40
0.0
  9
$USERR5
 40
0.0
  9
$WORLDVIEW
 70
     1
  9
$SHADEDGE
 70
     3
  9
$SHADEDIF
 70
    70
  9
$TILEMODE
 70
     1
  9
$MAXACTVP
 70
    16
  9
$PINSBASE
 10
0.0
 20
0.0
 30
0.0
  9
$PLIMCHECK
 70
     0
  9
$PEXTMIN
 10
1E+20
 20
1E+20
 30
1E+20
  9
$PEXTMAX
 10
-1E+20
 20
-1E+20
 30
-1E+20
  9
$PLIMMIN
 10
0.0
 20
0.0
  9
$PLIMMAX
 10
12.0
 20
9.0
  9
$UNITMODE
 70
     0
  9
$VISRETAIN
 70
     0
  9
$PLINEGEN
 70
     1
  9
$PSLTSCALE
 70
     0
  9
$TREEDEPTH
 70
  3020
  9
$CMLSTYLE
  2
S
  9
$CMLJUST
 70
     0
  9
$CMLSCALE
 40
1.0
  9
$PROXYGRAPHICS
 70
     1
  9
$MEASUREMENT
 70
     1
  9
$CELWEIGHT
370
    -1
  9
$ENDCAPS
280
     0
  9
$JOINSTYLE
280
     0
  9
$LWDISPLAY
290
     1
  9
$INSUNITS
 70
     0
  9
$HYPERLINKBASE
  1

  9
$STYLESHEET
  1

  9
$XEDIT
290
     1
  9
$CEPSNTYPE
380
     0
  9
$PSTYLEMODE
290
     1
  9
$FINGERPRINTGUID
  2
{CDC6903C-6883-48FF-A9B1-2E3C405004DE}
  9
$VERSIONGUID
  2
{BA4CBFB0-D762-4B3F-A667-0D26CA135C0D}
  9
$EXTNAMES
290
     1
  9
$PSVPSCALE
 40
0.0
  9
$OLESTARTUP
290
     0
  9
$SORTENTS
280
   127
  9
$INDEXCTL
280
     0
  9
$HIDETEXT
280
     0
  9
$XCLIPFRAME
280
     2
  9
$HALOGAP
280
     0
  9
$OBSCOLOR
 70
   257
  9
$OBSLTYPE
280
     0
  9
$INTERSECTIONDISPLAY
280
     0
  9
$INTERSECTIONCOLOR
 70
   257
  9
$DIMASSOC
280
     1
  9
$PROJECTNAME
  1

  9
$CAMERADISPLAY
290
     0
  9
$LENSLENGTH
 40
50.0
  9
$CAMERAHEIGHT
 40
0.0
  9
$STEPSPERSEC
 40
2.0
  9
$STEPSIZE
 40
6.0
  9
$3DDWFPREC
 40
2.0
  9
$PSOLWIDTH
 40
0.25
  9
$PSOLHEIGHT
 40
4.0
  9
$LOFTANG1
 40
1.570796326794897
  9
$LOFTANG2
 40
1.570796326794897
  9
$LOFTMAG1
 40
0.0
  9
$LOFTMAG2
 40
0.0
  9
$LOFTPARAM
 70
     7
  9
$LOFTNORMALS
280
     1
  9
$LATITUDE
 40
37.795
  9
$LONGITUDE
 40
-122.394
  9
$NORTHDIRECTION
 40
0.0
  9
$TIMEZONE
 70
 -8000
  9
$LIGHTGLYPHDISPLAY
280
     1
  9
$TILEMODELIGHTSYNCH
280
     1
  9
$CMATERIAL
347
498
  9
$SOLIDHIST
280
     1
  9
$SHOWHIST
280
     1
  9
$DWFFRAME
280
     2
  9
$DGNFRAME
280
     0
  9
$REALWORLDSCALE
290
     1
  9
$INTERFERECOLOR
 62
   256
  9
$INTERFEREOBJVS
345
4BA
  9
$INTERFEREVPVS
346
586
  9
$CSHADOW
280
     0
  9
$SHADOWPLANELOCATION
 40
0.0
  0
ENDSEC
  0
SECTION
  2
CLASSES
  0
CLASS
  1
LWPOLYLINE
  2
AcDbPolyline
  3
ObjectDBX Classes
 90
        0
 91
      253
280
     0
281
     1
  0
CLASS
  1
ACDBDICTIONARYWDFLT
  2
AcDbDictionaryWithDefault
  3
ObjectDBX Classes
 90
        0
 91
        1
280
     0
281
     0
  0
CLASS
  1
DICTIONARYVAR
  2
AcDbDictionaryVar
  3
ObjectDBX Classes
 90
        0
 91
       10
280
     0
281
     0
  0
CLASS
  1
MATERIAL
  2
AcDbMaterial
  3
ObjectDBX Classes
 90
     1153
 91
        3
280
     0
281
     0
  0
CLASS
  1
VISUALSTYLE
  2
AcDbVisualStyle
  3
ObjectDBX Classes
 90
     4095
 91
       26
280
     0
281
     0
  0
CLASS
  1
TABLESTYLE
  2
AcDbTableStyle
  3
ObjectDBX Classes
 90
     4095
 91
        1
280
     0
281
     0
  0
CLASS
  1
SCALE
  2
AcDbScale
  3
ObjectDBX Classes
 90
     1153
 91
       17
280
     0
281
     0
  0
CLASS
  1
MLEADERSTYLE
  2
AcDbMLeaderStyle
  3
ACDB_MLEADERSTYLE_CLASS
 90
     4095
 91
        1
280
     0
281
     0
  0
CLASS
  1
ACDBSECTIONVIEWSTYLE
  2
AcDbSectionViewStyle
  3
ObjectDBX Classes
 90
     1025
 91
        1
280
     0
281
     0
  0
CLASS
  1
ACDBDETAILVIEWSTYLE
  2
AcDbDetailViewStyle
  3
ObjectDBX Classes
 90
     1025
 91
        1
280
     0
281
     0
  0
ENDSEC
  0
SECTION
  2
TABLES
  0
TABLE
  2
VPORT
  5
8
330
0
100
AcDbSymbolTable
 70
     1
  0
VPORT
  5
495
330
8
100
AcDbSymbolTableRecord
100
AcDbViewportTableRecord
  2
*Active
 70
     0
 10
0.0
 20
0.0
 11
1.0
 21
1.0
 12
392432.6994341665
 22
3193806.761038767
 13
0.0
 23
0.0
 14
1.0
 24
1.0
 15
0.0
 25
0.0
 16
0.0
 26
0.0
 36
1.0
 17
0.0
 27
0.0
 37
0.0
 40
1899.092444324866
 41
1.94060773480663
 42
50.0
 43
0.0
 44
0.0
 50
0.0
 51
0.0
 71
     0
 72
   100
 73
     1
 74
     0
 75
     0
 76
     0
 77
     0
 78
     0
281
     0
 65
     1
110
0.0
120
0.0
130
0.0
111
1.0
121
0.0
131
0.0
112
0.0
122
1.0
132
0.0
 79
     0
146
0.0
348
4B6
 60
     3
 61
     5
292
     1
282
     1
141
0.0
142
0.0
 63
   250
421
3258135347
1001
ACAD_NAV_VCDISPLAY
1070
     3
  0
ENDTAB
  0
TABLE
  2
LTYPE
  5
5
330
0
100
AcDbSymbolTable
 70
    13
  0
LTYPE
  5
12
330
5
100
AcDbSymbolTableRecord
100
AcDbLinetypeTableRecord
  2
ByBlock
 70
     0
  3

 72
    65
 73
     0
 40
0.0
  0
LTYPE
  5
13
330
5
100
AcDbSymbolTableRecord
100
AcDbLinetypeTableRecord
  2
ByLayer
 70
     0
  3

 72
    65
 73
     0
 40
0.0
  0
LTYPE
  5
14
330
5
100
AcDbSymbolTableRecord
100
AcDbLinetypeTableRecord
  2
CONTINUOUS
 70
     0
  3
Solid line
 72
    65
 73
     0
 40
0.0
  0
LTYPE
  5
2B5
330
5
100
AcDbSymbolTableRecord
100
AcDbLinetypeTableRecord
  2
X0
 70
     0
  3

 72
    65
 73
     2
 40
4.0
 49
3.0
 74
     0
 49
-1.0
 74
     0
  0
LTYPE
  5
2B6
330
5
100
AcDbSymbolTableRecord
100
AcDbLinetypeTableRecord
  2
X1
 70
     0
  3

 72
    65
 73
     2
 40
5.0
 49
4.0
 74
     0
 49
-1.0
 74
     0
  0
LTYPE
  5
2B7
330
5
100
AcDbSymbolTableRecord
100
AcDbLinetypeTableRecord
  2
X10
 70
     0
  3

 72
    65
 73
     8
 40
17.999
 49
6.0
 74
     0
 49
-2.0
 74
     0
 49
6.0
 74
     0
 49
-1.333
 74
     0
 49
0.0
 74
     0
 49
-1.333
 74
     0
 49
0.0
 74
     0
 49
-1.333
 74
     0
  0
LTYPE
  5
2B9
330
5
100
AcDbSymbolTableRecord
100
AcDbLinetypeTableRecord
  2
X2
 70
     0
  3

 72
    65
 73
     2
 40
10.0
 49
8.0
 74
     0
 49
-2.0
 74
     0
  0
LTYPE
  5
2BA
330
5
100
AcDbSymbolTableRecord
100
AcDbLinetypeTableRecord
  2
X3
 70
     0
  3

 72
    65
 73
     2
 40
5.0
 49
4.0
 74
     0
 49
-1.0
 74
     0
  0
LTYPE
  5
2BB
330
5
100
AcDbSymbolTableRecord
100
AcDbLinetypeTableRecord
  2
X4
 70
     0
  3

 72
    65
 73
     2
 40
1.6
 49
0.0
 74
     0
 49
-1.6
 74
     0
  0
LTYPE
  5
2BC
330
5
100
AcDbSymbolTableRecord
100
AcDbLinetypeTableRecord
  2
X5
 70
     0
  3

 72
    65
 73
     2
 40
3.0
 49
2.0
 74
     0
 49
-1.0
 74
     0
  0
LTYPE
  5
2BD
330
5
100
AcDbSymbolTableRecord
100
AcDbLinetypeTableRecord
  2
X6
 70
     0
  3

 72
    65
 73
     2
 40
2.0
 49
1.0
 74
     0
 49
-1.0
 74
     0
  0
LTYPE
  5
2BE
330
5
100
AcDbSymbolTableRecord
100
AcDbLinetypeTableRecord
  2
X7
 70
     0
  3

 72
    65
 73
     6
 40
9.999000000000001
 49
6.0
 74
     0
 49
-1.333
 74
     0
 49
0.0
 74
     0
 49
-1.333
 74
     0
 49
0.0
 74
     0
 49
-1.333
 74
     0
  0
LTYPE
  5
2BF
330
5
100
AcDbSymbolTableRecord
100
AcDbLinetypeTableRecord
  2
X8
 70
     0
  3

 72
    65
 73
     6
 40
18.0
 49
6.0
 74
     0
 49
-2.0
 74
     0
 49
6.0
 74
     0
 49
-2.0
 74
     0
 49
0.0
 74
     0
 49
-2.0
 74
     0
  0
LTYPE
  5
2C0
330
5
100
AcDbSymbolTableRecord
100
AcDbLinetypeTableRecord
  2
X9
 70
     0
  3

 72
    65
 73
     4
 40
10.0
 49
6.0
 74
     0
 49
-2.0
 74
     0
 49
0.0
 74
     0
 49
-2.0
 74
     0
  0
LTYPE
  5
39F
330
5
100
AcDbSymbolTableRecord
100
AcDbLinetypeTableRecord
  2
1161
 70
     0
  3

 72
    65
 73
     2
 40
1.6
 49
0.0
 74
     4
 75
   149
340
17D
 46
0.15
 50
0.0
 44
0.0
 45
0.0
 49
-1.6
 74
     0
  0
ENDTAB
  0
TABLE
  2
LAYER
  5
2
102
{ACAD_XDICTIONARY
360
519
102
}
330
0
100
AcDbSymbolTable
 70
    28
  0
LAYER
  5
F
102
{ACAD_XDICTIONARY
360
553
102
}
330
2
100
AcDbSymbolTableRecord
100
AcDbLayerTableRecord
  2
0
 70
     0
 62
     7
  6
CONTINUOUS
370
    -3
390
240
347
4A8
348
0
  0
LAYER
  5
47
102
{ACAD_XDICTIONARY
360
555
102
}
330
2
100
AcDbSymbolTableRecord
100
AcDbLayerTableRecord
  2
KZD
 70
     0
 62
     1
  6
CONTINUOUS
370
    -3
390
240
347
4A8
348
0
  0
LAYER
  5
48
102
{ACAD_XDICTIONARY
360
557
102
}
330
2
100
AcDbSymbolTableRecord
100
AcDbLayerTableRecord
  2
JMD
 70
     0
 62
     6
  6
CONTINUOUS
370
    -3
390
240
347
4A8
348
0
  0
LAYER
  5
49
102
{ACAD_XDICTIONARY
360
559
102
}
330
2
100
AcDbSymbolTableRecord
100
AcDbLayerTableRecord
  2
DLSS
 70
     0
 62
     4
  6
CONTINUOUS
370
    -3
390
240
347
4A8
348
0
  0
LAYER
  5
4A
102
{ACAD_XDICTIONARY
360
55B
102
}
330
2
100
AcDbSymbolTableRecord
100
AcDbLayerTableRecord
  2
GXYZ
 70
     0
 62
     2
  6
CONTINUOUS
370
    -3
390
240
347
4A8
348
0
  0
LAYER
  5
4B
102
{ACAD_XDICTIONARY
360
55D
102
}
330
2
100
AcDbSymbolTableRecord
100
AcDbLayerTableRecord
  2
DLDW
 70
     0
 62
    11
  6
CONTINUOUS
370
    -3
390
240
347
4A8
348
0
  0
LAYER
  5
4C
102
{ACAD_XDICTIONARY
360
55F
102
}
330
2
100
AcDbSymbolTableRecord
100
AcDbLayerTableRecord
  2
ZBTZ
 70
     0
 62
     3
  6
CONTINUOUS
370
    -3
390
240
347
4A8
348
0
  0
LAYER
  5
4D
102
{ACAD_XDICTIONARY
360
561
102
}
330
2
100
AcDbSymbolTableRecord
100
AcDbLayerTableRecord
  2
SXSS
 70
     0
 62
     5
  6
CONTINUOUS
370
    -3
390
240
347
4A8
348
0
  0
LAYER
  5
4E
102
{ACAD_XDICTIONARY
360
563
102
}
330
2
100
AcDbSymbolTableRecord
100
AcDbLayerTableRecord
  2
JJ
 70
     0
 62
     2
  6
CONTINUOUS
370
    -3
390
240
347
4A8
348
0
  0
LAYER
  5
4F
102
{ACAD_XDICTIONARY
360
565
102
}
330
2
100
AcDbSymbolTableRecord
100
AcDbLayerTableRecord
  2
JZD
 70
     0
 62
     1
  6
CONTINUOUS
370
    -3
390
240
347
4A8
348
0
  0
LAYER
  5
50
102
{ACAD_XDICTIONARY
360
567
102
}
330
2
100
AcDbSymbolTableRecord
100
AcDbLayerTableRecord
  2
GCD
 70
     0
 62
     1
  6
CONTINUOUS
370
    -3
390
240
347
4A8
348
0
  0
LAYER
  5
51
102
{ACAD_XDICTIONARY
360
569
102
}
330
2
100
AcDbSymbolTableRecord
100
AcDbLayerTableRecord
  2
SJW
 70
     0
 62
     1
  6
CONTINUOUS
370
    -3
390
240
347
4A8
348
0
  0
LAYER
  5
52
102
{ACAD_XDICTIONARY
360
56B
102
}
330
2
100
AcDbSymbolTableRecord
100
AcDbLayerTableRecord
  2
DGX
 70
     0
 62
     2
  6
CONTINUOUS
370
    -3
390
240
347
4A8
348
0
  0
LAYER
  5
53
102
{ACAD_XDICTIONARY
360
56D
102
}
330
2
100
AcDbSymbolTableRecord
100
AcDbLayerTableRecord
  2
DSX
 70
     0
 62
     2
  6
CONTINUOUS
370
    -3
390
240
347
4A8
348
0
  0
LAYER
  5
54
102
{ACAD_XDICTIONARY
360
56F
102
}
330
2
100
AcDbSymbolTableRecord
100
AcDbLayerTableRecord
  2
ZDH
 70
     0
 62
     1
  6
CONTINUOUS
370
    -3
390
240
347
4A8
348
0
  0
LAYER
  5
55
102
{ACAD_XDICTIONARY
360
571
102
}
330
2
100
AcDbSymbolTableRecord
100
AcDbLayerTableRecord
  2
ZJ
 70
     0
 62
     7
  6
CONTINUOUS
370
    -3
390
240
347
4A8
348
0
  0
LAYER
  5
56
102
{ACAD_XDICTIONARY
360
573
102
}
330
2
100
AcDbSymbolTableRecord
100
AcDbLayerTableRecord
  2
MJZJ
 70
     0
 62
     4
  6
CONTINUOUS
370
    -3
390
240
347
4A8
348
0
  0
LAYER
  5
57
102
{ACAD_XDICTIONARY
360
575
102
}
330
2
100
AcDbSymbolTableRecord
100
AcDbLayerTableRecord
  2
TK
 70
     0
 62
     7
  6
CONTINUOUS
370
    -3
390
240
347
4A8
348
0
  0
LAYER
  5
15C
102
{ACAD_XDICTIONARY
360
577
102
}
330
2
100
AcDbSymbolTableRecord
100
AcDbLayerTableRecord
  2
DMTZ
 70
     0
 62
     3
  6
CONTINUOUS
370
    -3
390
240
347
4A8
348
0
  0
LAYER
  5
22C
102
{ACAD_XDICTIONARY
360
579
102
}
330
2
100
AcDbSymbolTableRecord
100
AcDbLayerTableRecord
  2
ASSIST
 70
     0
 62
     7
  6
CONTINUOUS
290
     0
370
    -3
390
240
347
4A8
348
0
  0
LAYER
  5
360
102
{ACAD_XDICTIONARY
360
57B
102
}
330
2
100
AcDbSymbolTableRecord
100
AcDbLayerTableRecord
  2
JZP
 70
     0
 62
     1
  6
CONTINUOUS
370
    -3
390
240
347
4A8
348
0
  0
LAYER
  5
3D6
102
{ACAD_XDICTIONARY
360
57D
102
}
330
2
100
AcDbSymbolTableRecord
100
AcDbLayerTableRecord
  2
DLJ
 70
     0
 62
     2
  6
CONTINUOUS
370
    -3
390
240
347
4A8
348
0
  0
LAYER
  5
3D7
102
{ACAD_XDICTIONARY
360
57F
102
}
330
2
100
AcDbSymbolTableRecord
100
AcDbLayerTableRecord
  2
KCYDJ
 70
     0
 62
     1
  6
CONTINUOUS
370
    -3
390
240
347
4A8
348
0
  0
LAYER
  5
3D8
102
{ACAD_XDICTIONARY
360
581
102
}
330
2
100
AcDbSymbolTableRecord
100
AcDbLayerTableRecord
  2
KCJZD
 70
     0
 62
     1
  6
CONTINUOUS
370
    -3
390
240
347
4A8
348
0
  0
LAYER
  5
3D9
102
{ACAD_XDICTIONARY
360
583
102
}
330
2
100
AcDbSymbolTableRecord
100
AcDbLayerTableRecord
  2
KCJZD_TXT
 70
     0
 62
     1
  6
CONTINUOUS
370
    -3
390
240
347
4A8
348
0
  0
LAYER
  5
5A0
330
2
100
AcDbSymbolTableRecord
100
AcDbLayerTableRecord
  2
zdm1
 70
     0
 62
     2
  6
CONTINUOUS
370
    -3
390
240
347
4A8
348
0
  0
LAYER
  5
5A1
330
2
100
AcDbSymbolTableRecord
100
AcDbLayerTableRecord
  2
DMX
 70
     0
 62
     1
  6
CONTINUOUS
370
    -3
390
240
347
4A8
348
0
  0
LAYER
  5
5A2
330
2
100
AcDbSymbolTableRecord
100
AcDbLayerTableRecord
  2
ZDMT5
 70
     0
 62
     3
  6
CONTINUOUS
370
    -3
390
240
347
4A8
348
0
  0
LAYER
100
AcDbSymbolTableRecord
100
AcDbLayerTableRecord
  2
CURRENT_BED
 70
0
 62
8
  6
CONTINUOUS
  0
LAYER
100
AcDbSymbolTableRecord
100
AcDbLayerTableRecord
  2
DESIGN_CENTER
 70
0
 62
1
  6
CONTINUOUS
  0
LAYER
100
AcDbSymbolTableRecord
100
AcDbLayerTableRecord
  2
DESIGN_LOCAL
 70
0
 62
5
  6
CONTINUOUS
  0
LAYER
100
AcDbSymbolTableRecord
100
AcDbLayerTableRecord
  2
DESIGN_DISTRIBUTED
 70
0
 62
3
  6
CONTINUOUS
  0
LAYER
100
AcDbSymbolTableRecord
100
AcDbLayerTableRecord
  2
PIER_CONTROL
 70
0
 62
6
  6
CONTINUOUS
  0
LAYER
100
AcDbSymbolTableRecord
100
AcDbLayerTableRecord
  2
WSE_22_190
 70
0
 62
4
  6
CONTINUOUS
  0
LAYER
100
AcDbSymbolTableRecord
100
AcDbLayerTableRecord
  2
ANNOTATION
 70
0
 62
7
  6
CONTINUOUS
  0
LAYER
100
AcDbSymbolTableRecord
100
AcDbLayerTableRecord
  2
FRAME
 70
0
 62
8
  6
CONTINUOUS
  0
ENDTAB
  0
TABLE
  2
STYLE
  5
3
330
0
100
AcDbSymbolTable
 70
    18
  0
STYLE
  5
10
330
3
100
AcDbSymbolTableRecord
100
AcDbTextStyleTableRecord
  2
Standard
 70
     0
 40
0.0
 41
1.0
 50
0.0
 71
     0
 42
0.2
  3
rs.shx
  4
hztxt.shx
  0
STYLE
  5
35
330
3
100
AcDbSymbolTableRecord
100
AcDbTextStyleTableRecord
  2
HZ
 70
     0
 40
0.0
 41
0.8
 50
0.0
 71
     0
 42
0.2
  3
rs.shx
  4
hztxt.shx
  0
STYLE
  5
36
330
3
100
AcDbSymbolTableRecord
100
AcDbTextStyleTableRecord
  2
KHZ
 70
     0
 40
0.0
 41
1.0
 50
0.0
 71
     0
 42
0.2
  3
rd
  4
khz
  0
STYLE
  5
37
330
3
100
AcDbSymbolTableRecord
100
AcDbTextStyleTableRecord
  2
FS
 70
     0
 40
0.0
 41
1.0
 50
0.0
 71
     0
 42
0.2
  3
rs.shx
  4
fs.shx
  0
STYLE
  5
38
330
3
100
AcDbSymbolTableRecord
100
AcDbTextStyleTableRecord
  2
HT
 70
     0
 40
0.0
 41
1.0
 50
0.0
 71
     0
 42
10.0
  3
rd.shx
  4
ht.shx
  0
STYLE
  5
36F
330
3
100
AcDbSymbolTableRecord
100
AcDbTextStyleTableRecord
  2
等线体
 70
     0
 40
0.0
 41
1.0
 50
0.0
 71
     0
 42
0.2
  3
simhei.ttf
  4

1001
ACAD
1000
SimHei
1071
    34306
  0
STYLE
  5
371
330
3
100
AcDbSymbolTableRecord
100
AcDbTextStyleTableRecord
  2
宋体
 70
     0
 40
0.0
 41
1.0
 50
0.0
 71
     0
 42
0.2
  3

  4

1001
ACAD
1000
SimSun
1071
    34306
  0
STYLE
  5
3AE
330
3
100
AcDbSymbolTableRecord
100
AcDbTextStyleTableRecord
  2
仿宋体
 70
     0
 40
0.0
 41
0.8
 50
0.0
 71
     0
 42
0.2
  3
simfang.ttf
  4

1001
ACAD
1000
FangSong
1071
    34353
  0
STYLE
  5
3B0
330
3
100
AcDbSymbolTableRecord
100
AcDbTextStyleTableRecord
  2
楷体
 70
     0
 40
0.0
 41
0.8
 50
0.0
 71
     0
 42
0.2
  3

  4

1001
ACAD
1000
楷体_GB2312
1071
    34353
  0
STYLE
  5
421
330
3
100
AcDbSymbolTableRecord
100
AcDbTextStyleTableRecord
  2
粗等线体
 70
     0
 40
0.0
 41
1.0
 50
0.0
 71
     0
 42
0.2
  3
simhei.ttf
  4

1001
ACAD
1000
SimHei
1071
    34306
  0
STYLE
  5
422
330
3
100
AcDbSymbolTableRecord
100
AcDbTextStyleTableRecord
  2
中等线体
 70
     0
 40
0.0
 41
1.0
 50
0.0
 71
     0
 42
0.2
  3

  4

1001
ACAD
1000
FZZhongDengXian-Z07S
1071
    34306
  0
STYLE
  5
434
330
3
100
AcDbSymbolTableRecord
100
AcDbTextStyleTableRecord
  2
细等线体
 70
     0
 40
0.0
 41
0.8
 50
0.0
 71
     0
 42
0.2
  3

  4

1001
ACAD
1000
FZXiDengXian-Z06S
1071
    34306
  0
STYLE
  5
435
330
3
100
AcDbSymbolTableRecord
100
AcDbTextStyleTableRecord
  2
正等线体
 70
     0
 40
0.0
 41
1.0
 50
0.0
 71
     0
 42
0.2
  3
simhei.ttf
  4

1001
ACAD
1000
SimHei
1071
    34306
  0
STYLE
  5
47E
330
3
100
AcDbSymbolTableRecord
100
AcDbTextStyleTableRecord
  2
黑体
 70
     0
 40
0.0
 41
1.0
 50
0.0
 71
     0
 42
0.2
  3
simhei.ttf
  4

1001
ACAD
1000
SimHei
1071
    34306
  0
STYLE
  5
492
330
3
100
AcDbSymbolTableRecord
100
AcDbTextStyleTableRecord
  2
扁等线体
 70
     0
 40
0.0
 41
1.33
 50
0.0
 71
     0
 42
0.2
  3

  4

1001
ACAD
1000
迷你简特细等线
1071
    34306
  0
STYLE
  5
494
330
3
100
AcDbSymbolTableRecord
100
AcDbTextStyleTableRecord
  2
长等线体
 70
     0
 40
0.0
 41
0.8
 50
0.0
 71
     0
 42
0.2
  3

  4

1001
ACAD
1000
FZXiDengXian-Z06S
1071
    34306
  0
STYLE
  5
515
330
3
100
AcDbSymbolTableRecord
100
AcDbTextStyleTableRecord
  2
扁宋体
 70
     0
 40
0.8
 41
0.8
 50
0.0
 71
     0
 42
0.2
  3

  4

1001
ACAD
1000
SimSun
1071
    34306
  0
STYLE
  5
533
330
3
100
AcDbSymbolTableRecord
100
AcDbTextStyleTableRecord
  2
ZDXT
 70
     0
 40
0.0
 41
1.0
 50
0.0
 71
     0
 42
0.2
  3

  4

1001
ACAD
1000
FZZhongDengXian-Z07S
1071
    34306
  0
ENDTAB
  0
TABLE
  2
VIEW
  5
6
330
0
100
AcDbSymbolTable
 70
     0
  0
ENDTAB
  0
TABLE
  2
UCS
  5
7
330
0
100
AcDbSymbolTable
 70
     0
  0
ENDTAB
  0
TABLE
  2
APPID
  5
9
330
0
100
AcDbSymbolTable
 70
    10
  0
APPID
  5
11
330
9
100
AcDbSymbolTableRecord
100
AcDbRegAppTableRecord
  2
ACAD
 70
     0
  0
APPID
  5
15B
330
9
100
AcDbSymbolTableRecord
100
AcDbRegAppTableRecord
  2
SOUTH
 70
     0
  0
APPID
  5
3C4
330
9
100
AcDbSymbolTableRecord
100
AcDbRegAppTableRecord
  2
attribute
 70
     0
  0
APPID
  5
514
330
9
100
AcDbSymbolTableRecord
100
AcDbRegAppTableRecord
  2
AcadAnnoPO
 70
     0
  0
APPID
  5
534
330
9
100
AcDbSymbolTableRecord
100
AcDbRegAppTableRecord
  2
AcAecLayerStandard
 70
     0
  0
APPID
  5
535
330
9
100
AcDbSymbolTableRecord
100
AcDbRegAppTableRecord
  2
ACAD_MLEADERVER
 70
     0
  0
APPID
  5
54C
330
9
100
AcDbSymbolTableRecord
100
AcDbRegAppTableRecord
  2
ACAD_EXEMPT_FROM_CAD_STANDARDS
 70
     0
  0
APPID
  5
5A3
330
9
100
AcDbSymbolTableRecord
100
AcDbRegAppTableRecord
  2
ACAD_NAV_VCDISPLAY
 70
     0
  0
APPID
  5
5A4
330
9
100
AcDbSymbolTableRecord
100
AcDbRegAppTableRecord
  2
DeepCloneGroup
 70
     0
  0
APPID
  5
6EF
330
9
100
AcDbSymbolTableRecord
100
AcDbRegAppTableRecord
  2
S_GXRQ
 70
     0
  0
ENDTAB
  0
TABLE
  2
DIMSTYLE
  5
A
330
0
100
AcDbSymbolTable
 70
     1
100
AcDbDimStyleTable
 71
     1
340
136
  0
DIMSTYLE
105
136
330
A
100
AcDbSymbolTableRecord
100
AcDbDimStyleTableRecord
  2
Standard
 70
     0
 41
0.18
 42
0.0625
 43
0.38
 44
0.18
 49
1.0
 50
45.0
 70
     0
 73
     1
 74
     1
140
0.18
141
0.09
143
25.4
144
1.0
146
1.0
147
0.09
171
     2
176
-1056964608
177
-1056964608
178
-1056964608
271
     4
272
     4
273
     2
274
     2
277
     2
278
    46
283
     1
289
     3
340
10
294
     0
371
    -2
372
    -2
341
0
342
0
343
0
344
0
345
0
346
0
347
0
  0
ENDTAB
  0
TABLE
  2
BLOCK_RECORD
  5
1
330
0
100
AcDbSymbolTable
 70
    22
  0
BLOCK_RECORD
  5
18
330
1
100
AcDbSymbolTableRecord
100
AcDbBlockTableRecord
  2
*MODEL_SPACE
340
243
310

 70
     0
280
     1
281
     0
  0
BLOCK_RECORD
  5
15
330
1
100
AcDbSymbolTableRecord
100
AcDbBlockTableRecord
  2
*PAPER_SPACE
340
244
310

 70
     0
280
     1
281
     0
  0
BLOCK_RECORD
  5
1C
330
1
100
AcDbSymbolTableRecord
100
AcDbBlockTableRecord
  2
GC148
340
0
310

 70
     0
280
     1
281
     0
  0
BLOCK_RECORD
  5
1F
330
1
100
AcDbSymbolTableRecord
100
AcDbBlockTableRecord
  2
GC001
340
0
310

 70
     0
280
     1
281
     0
  0
BLOCK_RECORD
  5
20
330
1
100
AcDbSymbolTableRecord
100
AcDbBlockTableRecord
  2
GC003
340
0
310

 70
     0
280
     1
281
     0
  0
BLOCK_RECORD
  5
21
330
1
100
AcDbSymbolTableRecord
100
AcDbBlockTableRecord
  2
GC077
340
0
310

 70
     0
280
     1
281
     0
  0
BLOCK_RECORD
  5
22
330
1
100
AcDbSymbolTableRecord
100
AcDbBlockTableRecord
  2
GC078
340
0
310

 70
     0
280
     1
281
     0
  0
BLOCK_RECORD
  5
23
330
1
100
AcDbSymbolTableRecord
100
AcDbBlockTableRecord
  2
GC081
340
0
310

 70
     0
280
     1
281
     0
  0
BLOCK_RECORD
  5
24
330
1
100
AcDbSymbolTableRecord
100
AcDbBlockTableRecord
  2
GC082
340
0
310

 70
     0
280
     1
281
     0
  0
BLOCK_RECORD
  5
25
330
1
100
AcDbSymbolTableRecord
100
AcDbBlockTableRecord
  2
GC151
340
0
310

 70
     0
280
     1
281
     0
  0
BLOCK_RECORD
  5
26
330
1
100
AcDbSymbolTableRecord
100
AcDbBlockTableRecord
  2
GC079
340
0
310

 70
     0
280
     1
281
     0
  0
BLOCK_RECORD
  5
27
330
1
100
AcDbSymbolTableRecord
100
AcDbBlockTableRecord
  2
GC080
340
0
310

 70
     0
280
     1
281
     0
  0
BLOCK_RECORD
  5
28
330
1
100
AcDbSymbolTableRecord
100
AcDbBlockTableRecord
  2
GC083
340
0
310

 70
     0
280
     1
281
     0
  0
BLOCK_RECORD
  5
29
330
1
100
AcDbSymbolTableRecord
100
AcDbBlockTableRecord
  2
GC084
340
0
310

 70
     0
280
     1
281
     0
  0
BLOCK_RECORD
  5
2A
330
1
100
AcDbSymbolTableRecord
100
AcDbBlockTableRecord
  2
GC085
340
0
310

 70
     0
280
     1
281
     0
  0
BLOCK_RECORD
  5
2C
330
1
100
AcDbSymbolTableRecord
100
AcDbBlockTableRecord
  2
GC005
340
0
310

 70
     0
280
     1
281
     0
  0
BLOCK_RECORD
  5
2D
330
1
100
AcDbSymbolTableRecord
100
AcDbBlockTableRecord
  2
GC131
340
0
310

 70
     0
280
     1
281
     0
  0
BLOCK_RECORD
  5
30
330
1
100
AcDbSymbolTableRecord
100
AcDbBlockTableRecord
  2
GC007
340
0
310

 70
     0
280
     1
281
     0
  0
BLOCK_RECORD
  5
32
330
1
100
AcDbSymbolTableRecord
100
AcDbBlockTableRecord
  2
GC009
340
0
310

 70
     0
280
     1
281
     0
  0
BLOCK_RECORD
  5
20C
330
1
100
AcDbSymbolTableRecord
100
AcDbBlockTableRecord
  2
GC0850
340
0
310

 70
     0
280
     1
281
     0
  0
BLOCK_RECORD
  5
21C
330
1
100
AcDbSymbolTableRecord
100
AcDbBlockTableRecord
  2
GC0000
340
0
310

 70
     0
280
     1
281
     0
  0
BLOCK_RECORD
  5
536
330
1
100
AcDbSymbolTableRecord
100
AcDbBlockTableRecord
  2
gc200
340
0
310

 70
     0
280
     1
281
     0
  0
ENDTAB
  0
ENDSEC
  0
SECTION
  2
BLOCKS
  0
BLOCK
  5
58
330
15
100
AcDbEntity
 67
     1
  8
0
370
     0
100
AcDbBlockBegin
  2
*PAPER_SPACE
 70
     0
 10
0.0
 20
0.0
 30
0.0
  3
*PAPER_SPACE
  1

  0
ENDBLK
  5
59
330
15
100
AcDbEntity
 67
     1
  8
0
370
     0
100
AcDbBlockEnd
  0
BLOCK
  5
5A
330
18
100
AcDbEntity
  8
0
370
     0
100
AcDbBlockBegin
  2
*MODEL_SPACE
 70
     0
 10
0.0
 20
0.0
 30
0.0
  3
*MODEL_SPACE
  1

  0
ENDBLK
  5
5B
330
18
100
AcDbEntity
  8
0
370
     0
100
AcDbBlockEnd
  0
BLOCK
  5
5C
330
1C
100
AcDbEntity
  8
0
100
AcDbBlockBegin
  2
GC148
 70
     0
 10
0.0
 20
0.0
 30
0.0
  3
GC148
  1

  0
LINE
  5
5D
330
1C
100
AcDbEntity
  8
0
100
AcDbLine
 10
-0.5
 20
0.0
 30
0.0
 11
0.5
 21
0.0
 31
0.0
  0
LINE
  5
5E
330
1C
100
AcDbEntity
  8
0
100
AcDbLine
 10
0.0
 20
0.5
 30
0.0
 11
0.0
 21
-0.5
 31
0.0
  0
ENDBLK
  5
5F
330
1C
100
AcDbEntity
  8
0
100
AcDbBlockEnd
  0
BLOCK
  5
CC
330
1F
100
AcDbEntity
  8
0
100
AcDbBlockBegin
  2
GC001
 70
     0
 10
0.0
 20
0.0
 30
0.0
  3
GC001
  1

  0
LINE
  5
CD
330
1F
100
AcDbEntity
  8
0
100
AcDbLine
 10
-0.25
 20
0.0
 30
0.0
 11
-0.25
 21
-0.5
 31
0.0
  0
LINE
  5
CE
330
1F
100
AcDbEntity
  8
0
100
AcDbLine
 10
0.25
 20
0.0
 30
0.0
 11
0.25
 21
-0.5
 31
0.0
  0
ENDBLK
  5
CF
330
1F
100
AcDbEntity
  8
0
100
AcDbBlockEnd
  0
BLOCK
  5
D0
330
20
100
AcDbEntity
  8
0
100
AcDbBlockBegin
  2
GC003
 70
     0
 10
0.0
 20
0.0
 30
0.0
  3
GC003
  1

  0
LINE
  5
D1
330
20
100
AcDbEntity
  8
0
100
AcDbLine
 10
0.0
 20
0.8
 30
0.0
 11
0.0
 21
1.8
 31
0.0
  0
LINE
  5
D2
330
20
100
AcDbEntity
  8
0
100
AcDbLine
 10
0.0
 20
-1.0
 30
0.0
 11
0.0
 21
0.0
 31
0.0
  0
ENDBLK
  5
D3
330
20
100
AcDbEntity
  8
0
100
AcDbBlockEnd
  0
BLOCK
  5
D4
330
21
100
AcDbEntity
  8
0
100
AcDbBlockBegin
  2
GC077
 70
     0
 10
0.0
 20
0.0
 30
0.0
  3
GC077
  1

  0
LINE
  5
D5
330
21
100
AcDbEntity
  8
0
100
AcDbLine
 10
0.0
 20
0.0
 30
0.0
 11
0.0
 21
1.0
 31
0.0
  0
ENDBLK
  5
D6
330
21
100
AcDbEntity
  8
0
100
AcDbBlockEnd
  0
BLOCK
  5
D7
330
22
100
AcDbEntity
  8
0
100
AcDbBlockBegin
  2
GC078
 70
     0
 10
0.0
 20
0.0
 30
0.0
  3
GC078
  1

  0
LINE
  5
D8
330
22
100
AcDbEntity
  8
0
100
AcDbLine
 10
0.0
 20
-1.0
 30
0.0
 11
0.0
 21
0.0
 31
0.0
  0
ENDBLK
  5
D9
330
22
100
AcDbEntity
  8
0
100
AcDbBlockEnd
  0
BLOCK
  5
DA
330
23
100
AcDbEntity
  8
0
100
AcDbBlockBegin
  2
GC081
 70
     0
 10
0.0
 20
0.0
 30
0.0
  3
GC081
  1

  0
POINT
  5
DB
330
23
100
AcDbEntity
  8
0
100
AcDbPoint
 10
1.5
 20
0.7
 30
0.0
 50
0.0
  0
LINE
  5
DC
330
23
100
AcDbEntity
  8
0
100
AcDbLine
 10
0.0
 20
0.0
 30
0.0
 11
0.0
 21
1.0
 31
0.0
  0
ENDBLK
  5
DD
330
23
100
AcDbEntity
  8
0
100
AcDbBlockEnd
  0
BLOCK
  5
DE
330
24
100
AcDbEntity
  8
0
100
AcDbBlockBegin
  2
GC082
 70
     0
 10
0.0
 20
0.0
 30
0.0
  3
GC082
  1

  0
LINE
  5
DF
330
24
100
AcDbEntity
  8
0
100
AcDbLine
 10
0.0
 20
-1.0
 30
0.0
 11
0.0
 21
0.0
 31
0.0
  0
POINT
  5
E0
330
24
100
AcDbEntity
  8
0
100
AcDbPoint
 10
1.5
 20
-0.7
 30
0.0
 50
0.0
  0
ENDBLK
  5
E1
330
24
100
AcDbEntity
  8
0
100
AcDbBlockEnd
  0
BLOCK
  5
E2
330
25
100
AcDbEntity
  8
0
100
AcDbBlockBegin
  2
GC151
 70
     0
 10
0.0
 20
0.0
 30
0.0
  3
GC151
  1

  0
LINE
  5
E3
330
25
100
AcDbEntity
  8
0
100
AcDbLine
 10
0.0
 20
-0.5
 30
0.0
 11
0.0
 21
0.0
 31
0.0
  0
ENDBLK
  5
E4
330
25
100
AcDbEntity
  8
0
100
AcDbBlockEnd
  0
BLOCK
  5
E5
330
26
100
AcDbEntity
  8
0
100
AcDbBlockBegin
  2
GC079
 70
     0
 10
0.0
 20
0.0
 30
0.0
  3
GC079
  1

  0
LINE
  5
E6
330
26
100
AcDbEntity
  8
0
100
AcDbLine
 10
1.5
 20
0.0
 30
0.0
 11
1.5
 21
1.0
 31
0.0
  0
LINE
  5
E7
330
26
100
AcDbEntity
  8
0
100
AcDbLine
 10
0.0
 20
0.0
 30
0.0
 11
0.0
 21
2.0
 31
0.0
  0
ENDBLK
  5
E8
330
26
100
AcDbEntity
  8
0
100
AcDbBlockEnd
  0
BLOCK
  5
E9
330
27
100
AcDbEntity
  8
0
100
AcDbBlockBegin
  2
GC080
 70
     0
 10
0.0
 20
0.0
 30
0.0
  3
GC080
  1

  0
LINE
  5
EA
330
27
100
AcDbEntity
  8
0
100
AcDbLine
 10
1.5
 20
-1.0
 30
0.0
 11
1.5
 21
0.0
 31
0.0
  0
LINE
  5
EB
330
27
100
AcDbEntity
  8
0
100
AcDbLine
 10
0.0
 20
-2.0
 30
0.0
 11
0.0
 21
0.0
 31
0.0
  0
ENDBLK
  5
EC
330
27
100
AcDbEntity
  8
0
100
AcDbBlockEnd
  0
BLOCK
  5
ED
330
28
100
AcDbEntity
  8
0
100
AcDbBlockBegin
  2
GC083
 70
     0
 10
0.0
 20
0.0
 30
0.0
  3
GC083
  1

  0
POINT
  5
EE
330
28
100
AcDbEntity
  8
0
100
AcDbPoint
 10
1.5
 20
1.5
 30
0.0
 50
0.0
  0
LINE
  5
EF
330
28
100
AcDbEntity
  8
0
100
AcDbLine
 10
1.5
 20
0.0
 30
0.0
 11
1.5
 21
0.8
 31
0.0
  0
LINE
  5
F0
330
28
100
AcDbEntity
  8
0
100
AcDbLine
 10
0.0
 20
2.0
 30
0.0
 11
0.0
 21
0.0
 31
0.0
  0
ENDBLK
  5
F1
330
28
100
AcDbEntity
  8
0
100
AcDbBlockEnd
  0
BLOCK
  5
F2
330
29
100
AcDbEntity
  8
0
100
AcDbBlockBegin
  2
GC084
 70
     0
 10
0.0
 20
0.0
 30
0.0
  3
GC084
  1

  0
POINT
  5
F3
330
29
100
AcDbEntity
  8
0
100
AcDbPoint
 10
1.5
 20
-1.5
 30
0.0
 50
0.0
  0
LINE
  5
F4
330
29
100
AcDbEntity
  8
0
100
AcDbLine
 10
1.5
 20
0.0
 30
0.0
 11
1.5
 21
-0.8
 31
0.0
  0
LINE
  5
F5
330
29
100
AcDbEntity
  8
0
100
AcDbLine
 10
0.0
 20
0.0
 30
0.0
 11
0.0
 21
-2.0
 31
0.0
  0
ENDBLK
  5
F6
330
29
100
AcDbEntity
  8
0
100
AcDbBlockEnd
  0
BLOCK
  5
F7
330
2A
100
AcDbEntity
  8
0
100
AcDbBlockBegin
  2
GC085
 70
     0
 10
0.0
 20
0.0
 30
0.0
  3
GC085
  1

  0
LINE
  5
F8
330
2A
100
AcDbEntity
  8
0
100
AcDbLine
 10
0.0
 20
-0.4
 30
0.0
 11
0.0
 21
0.4
 31
0.0
  0
ENDBLK
  5
F9
330
2A
100
AcDbEntity
  8
0
100
AcDbBlockEnd
  0
BLOCK
  5
100
330
2C
100
AcDbEntity
  8
0
100
AcDbBlockBegin
  2
GC005
 70
     0
 10
0.0
 20
0.0
 30
0.0
  3
GC005
  1

  0
LWPOLYLINE
  5
101
330
2C
100
AcDbEntity
  8
0
100
AcDbPolyline
 90
        4
 70
     1
 43
0.0
 10
-1.5
 20
-1.0
 10
1.5
 20
-1.0
 10
1.5
 20
1.0
 10
-1.5
 20
1.0
  0
ENDBLK
  5
107
330
2C
100
AcDbEntity
  8
0
100
AcDbBlockEnd
  0
BLOCK
  5
108
330
2D
100
AcDbEntity
  8
0
100
AcDbBlockBegin
  2
GC131
 70
     0
 10
0.0
 20
0.0
 30
0.0
  3
GC131
  1

  0
LINE
  5
109
330
2D
100
AcDbEntity
  8
0
100
AcDbLine
 10
-5.0
 20
5.0
 30
0.0
 11
5.0
 21
-5.0
 31
0.0
  0
LINE
  5
10A
330
2D
100
AcDbEntity
  8
0
100
AcDbLine
 10
-5.0
 20
-5.0
 30
0.0
 11
5.0
 21
5.0
 31
0.0
  0
LINE
  5
10B
330
2D
100
AcDbEntity
  8
0
100
AcDbLine
 10
-5.0
 20
5.0
 30
0.0
 11
-5.0
 21
-5.0
 31
0.0
  0
LINE
  5
10C
330
2D
100
AcDbEntity
  8
0
100
AcDbLine
 10
5.0
 20
5.0
 30
0.0
 11
-5.0
 21
5.0
 31
0.0
  0
LINE
  5
10D
330
2D
100
AcDbEntity
  8
0
100
AcDbLine
 10
5.0
 20
-5.0
 30
0.0
 11
5.0
 21
5.0
 31
0.0
  0
LINE
  5
10E
330
2D
100
AcDbEntity
  8
0
100
AcDbLine
 10
-5.0
 20
-5.0
 30
0.0
 11
5.0
 21
-5.0
 31
0.0
  0
ENDBLK
  5
10F
330
2D
100
AcDbEntity
  8
0
100
AcDbBlockEnd
  0
BLOCK
  5
11C
330
30
100
AcDbEntity
  8
0
100
AcDbBlockBegin
  2
GC007
 70
     0
 10
0.0
 20
0.0
 30
0.0
  3
GC007
  1

  0
LINE
  5
11D
330
30
100
AcDbEntity
  8
0
100
AcDbLine
 10
0.0
 20
-1.1
 30
0.0
 11
0.0
 21
0.3
 31
0.0
  0
ENDBLK
  5
11E
330
30
100
AcDbEntity
  8
0
100
AcDbBlockEnd
  0
BLOCK
  5
125
330
32
100
AcDbEntity
  8
0
100
AcDbBlockBegin
  2
GC009
 70
     0
 10
0.0
 20
0.0
 30
0.0
  3
GC009
  1

  0
LINE
  5
126
330
32
100
AcDbEntity
  8
0
100
AcDbLine
 10
0.0
 20
-0.9
 30
0.0
 11
0.0
 21
0.3
 31
0.0
  0
ENDBLK
  5
127
330
32
100
AcDbEntity
  8
0
100
AcDbBlockEnd
  0
BLOCK
  5
20D
330
20C
100
AcDbEntity
  8
0
100
AcDbBlockBegin
  2
GC0850
 70
     0
 10
0.0
 20
0.0
 30
0.0
  3
GC0850
  1

  0
LINE
  5
20E
330
20C
100
AcDbEntity
  8
0
  6
Continuous
100
AcDbLine
 10
0.0
 20
-0.25
 30
0.0
 11
0.0
 21
0.25
 31
0.0
  0
ENDBLK
  5
20F
330
20C
100
AcDbEntity
  8
0
100
AcDbBlockEnd
  0
BLOCK
  5
21D
330
21C
100
AcDbEntity
  8
0
100
AcDbBlockBegin
  2
GC0000
 70
     0
 10
0.0
 20
0.0
 30
0.0
  3
GC0000
  1

  0
POINT
  5
21E
330
21C
100
AcDbEntity
  8
0
  6
Continuous
100
AcDbPoint
 10
0.0
 20
0.0
 30
0.0
 50
0.0
  0
ENDBLK
  5
21F
330
21C
100
AcDbEntity
  8
0
100
AcDbBlockEnd
  0
BLOCK
  5
539
330
536
100
AcDbEntity
  8
0
100
AcDbBlockBegin
  2
gc200
 70
     0
 10
0.0
 20
0.0
 30
0.0
  3
gc200
  1

  0
HATCH
  5
537
330
536
100
AcDbEntity
  8
0
100
AcDbHatch
 10
0.0
 20
0.0
 30
0.0
210
0.0
220
0.0
230
1.0
  2
SOLID
 70
     1
 71
     0
 91
        1
 92
        1
 93
        1
 72
     2
 10
0.0
 20
-5.551115123125783E-17
 40
0.2500000000000001
 50
0.0
 51
360.0
 73
     1
 97
        0
 75
     0
 76
     1
 98
        1
 10
0.0
 20
0.0
  0
CIRCLE
  5
538
330
536
100
AcDbEntity
  8
0
100
AcDbCircle
 10
0.0
 20
-5.551115123125783E-17
 30
0.0
 40
0.2500000000000001
  0
ENDBLK
  5
53A
330
536
100
AcDbEntity
  8
0
100
AcDbBlockEnd
  0
ENDSEC
  0
SECTION
  2
ENTITIES
  0
LINE
  5
BC3
102
{ACAD_REACTORS
330
EE0
102
}
330
18
100
AcDbEntity
  8
zdm1
  6
Continuous
100
AcDbLine
 10
391490.9810016416
 20
3191349.682304821
 30
0.0
 11
398959.1369664127
 21
3191349.682304821
 31
0.0
1001
SOUTH
1000
991000
1040
100.0
1040
100.0
1040
0.0
1040
-5.0
1001
S_GXRQ
1071
1757073117
  0
LINE
  5
BC4
102
{ACAD_REACTORS
330
EE0
102
}
330
18
100
AcDbEntity
  8
zdm1
  6
Continuous
100
AcDbLine
 10
391445.9810016416
 20
3191349.682304821
 30
0.0
 11
391490.9810016416
 21
3191349.682304821
 31
0.0
  0
LINE
  5
BC5
102
{ACAD_REACTORS
330
EE0
102
}
330
18
100
AcDbEntity
  8
zdm1
  6
Continuous
100
AcDbLine
 10
391445.9810016416
 20
3191334.682304821
 30
0.0
 11
398959.1369664127
 21
3191334.682304821
 31
0.0
  0
LINE
  5
BC6
102
{ACAD_REACTORS
330
EE0
102
}
330
18
100
AcDbEntity
  8
zdm1
  6
Continuous
100
AcDbLine
 10
391445.9810016416
 20
3191314.682304821
 30
0.0
 11
398959.1369664127
 21
3191314.682304821
 31
0.0
  0
LINE
  5
BC7
102
{ACAD_REACTORS
330
EE0
102
}
330
18
100
AcDbEntity
  8
zdm1
  6
Continuous
100
AcDbLine
 10
391445.9810016416
 20
3191314.682304821
 30
0.0
 11
391445.9810016416
 21
3191349.682304821
 31
0.0
  0
LINE
  5
BC8
102
{ACAD_REACTORS
330
EE0
102
}
330
18
100
AcDbEntity
  8
zdm1
  6
Continuous
100
AcDbLine
 10
391485.9810016416
 20
3191314.682304821
 30
0.0
 11
391485.9810016416
 21
3191349.682304821
 31
0.0
  0
TEXT
  5
BC9
102
{ACAD_REACTORS
330
EE0
102
}
330
18
100
AcDbEntity
  8
zdm1
  6
Continuous
100
AcDbText
 10
391448.8610016416
 20
3191339.182304821
 30
0.0
 40
6.0
  1
地 面 高 程
 41
0.8
  7
HZ
 72
     4
 11
391465.9810016416
 21
3191342.182304821
 31
0.0
100
AcDbText
  0
TEXT
  5
BCA
102
{ACAD_REACTORS
330
EE0
102
}
330
18
100
AcDbEntity
  8
zdm1
  6
Continuous
100
AcDbText
 10
391451.5810016416
 20
3191321.682304821
 30
0.0
 40
6.0
  1
距    离
 41
0.8
  7
HZ
 72
     4
 11
391465.9810016416
 21
3191324.682304821
 31
0.0
100
AcDbText
  0
LWPOLYLINE
  5
BCB
102
{ACAD_REACTORS
330
EE0
102
}
330
18
100
AcDbEntity
  8
zdm1
  6
Continuous
100
AcDbPolyline
 90
        2
 70
   128
 43
1.0
 43
1.0
 10
391485.9810016416
 20
3191359.682304821
 10
391485.9810016416
 20
3191369.682304821
  0
LWPOLYLINE
  5
BCC
102
{ACAD_REACTORS
330
EE0
102
}
330
18
100
AcDbEntity
  8
zdm1
  6
Continuous
100
AcDbPolyline
 90
        2
 70
   128
 43
1.0
 43
1.0
 10
398959.1369664127
 20
3191359.682304821
 10
398959.1369664127
 20
3191369.682304821
  0
LWPOLYLINE
  5
BCD
102
{ACAD_REACTORS
330
EE0
102
}
330
18
100
AcDbEntity
  8
zdm1
  6
Continuous
100
AcDbPolyline
 90
        2
 70
   128
 43
1.0
 43
1.0
 10
391485.9810016416
 20
3191379.682304821
 10
391485.9810016416
 20
3191389.682304821
  0
LWPOLYLINE
  5
BCE
102
{ACAD_REACTORS
330
EE0
102
}
330
18
100
AcDbEntity
  8
zdm1
  6
Continuous
100
AcDbPolyline
 90
        2
 70
   128
 43
1.0
 43
1.0
 10
398959.1369664127
 20
3191379.682304821
 10
398959.1369664127
 20
3191389.682304821
  0
LWPOLYLINE
  5
BCF
102
{ACAD_REACTORS
330
EE0
102
}
330
18
100
AcDbEntity
  8
zdm1
  6
Continuous
100
AcDbPolyline
 90
        2
 70
   128
 43
1.0
 43
1.0
 10
391485.9810016416
 20
3191399.682304821
 10
391485.9810016416
 20
3191409.682304821
  0
LWPOLYLINE
  5
BD0
102
{ACAD_REACTORS
330
EE0
102
}
330
18
100
AcDbEntity
  8
zdm1
  6
Continuous
100
AcDbPolyline
 90
        2
 70
   128
 43
1.0
 43
1.0
 10
398959.1369664127
 20
3191399.682304821
 10
398959.1369664127
 20
3191409.682304821
  0
LWPOLYLINE
  5
BD1
102
{ACAD_REACTORS
330
EE0
102
}
330
18
100
AcDbEntity
  8
zdm1
  6
Continuous
100
AcDbPolyline
 90
        2
 70
   128
 43
1.0
 43
1.0
 10
391485.9810016416
 20
3191419.682304821
 10
391485.9810016416
 20
3191429.682304821
  0
LWPOLYLINE
  5
BD2
102
{ACAD_REACTORS
330
EE0
102
}
330
18
100
AcDbEntity
  8
zdm1
  6
Continuous
100
AcDbPolyline
 90
        2
 70
   128
 43
1.0
 43
1.0
 10
398959.1369664127
 20
3191419.682304821
 10
398959.1369664127
 20
3191429.682304821
  0
LWPOLYLINE
  5
BD3
102
{ACAD_REACTORS
330
EE0
102
}
330
18
100
AcDbEntity
  8
zdm1
  6
Continuous
100
AcDbPolyline
 90
        2
 70
   128
 43
1.0
 43
1.0
 10
391485.9810016416
 20
3191439.682304821
 10
391485.9810016416
 20
3191449.682304821
  0
LWPOLYLINE
  5
BD4
102
{ACAD_REACTORS
330
EE0
102
}
330
18
100
AcDbEntity
  8
zdm1
  6
Continuous
100
AcDbPolyline
 90
        2
 70
   128
 43
1.0
 43
1.0
 10
398959.1369664127
 20
3191439.682304821
 10
398959.1369664127
 20
3191449.682304821
  0
LWPOLYLINE
  5
BD5
102
{ACAD_REACTORS
330
EE0
102
}
330
18
100
AcDbEntity
  8
zdm1
  6
Continuous
100
AcDbPolyline
 90
        2
 70
   128
 43
1.0
 43
1.0
 10
391485.9810016416
 20
3191459.682304821
 10
391485.9810016416
 20
3191469.682304821
  0
LWPOLYLINE
  5
BD6
102
{ACAD_REACTORS
330
EE0
102
}
330
18
100
AcDbEntity
  8
zdm1
  6
Continuous
100
AcDbPolyline
 90
        2
 70
   128
 43
1.0
 43
1.0
 10
398959.1369664127
 20
3191459.682304821
 10
398959.1369664127
 20
3191469.682304821
  0
LWPOLYLINE
  5
BD7
102
{ACAD_REACTORS
330
EE0
102
}
330
18
100
AcDbEntity
  8
zdm1
  6
Continuous
100
AcDbPolyline
 90
        2
 70
   128
 43
1.0
 43
1.0
 10
391485.9810016416
 20
3191479.682304821
 10
391485.9810016416
 20
3191489.682304821
  0
LWPOLYLINE
  5
BD8
102
{ACAD_REACTORS
330
EE0
102
}
330
18
100
AcDbEntity
  8
zdm1
  6
Continuous
100
AcDbPolyline
 90
        2
 70
   128
 43
1.0
 43
1.0
 10
398959.1369664127
 20
3191479.682304821
 10
398959.1369664127
 20
3191489.682304821
  0
LWPOLYLINE
  5
BD9
102
{ACAD_REACTORS
330
EE0
102
}
330
18
100
AcDbEntity
  8
zdm1
  6
Continuous
100
AcDbPolyline
 90
        2
 70
   128
 43
1.0
 43
1.0
 10
391485.9810016416
 20
3191499.682304821
 10
391485.9810016416
 20
3191509.682304821
  0
LWPOLYLINE
  5
BDA
102
{ACAD_REACTORS
330
EE0
102
}
330
18
100
AcDbEntity
  8
zdm1
  6
Continuous
100
AcDbPolyline
 90
        2
 70
   128
 43
1.0
 43
1.0
 10
398959.1369664127
 20
3191499.682304821
 10
398959.1369664127
 20
3191509.682304821
  0
LWPOLYLINE
  5
BDB
102
{ACAD_REACTORS
330
EE0
102
}
330
18
100
AcDbEntity
  8
zdm1
  6
Continuous
100
AcDbPolyline
 90
        2
 70
   128
 43
1.0
 43
1.0
 10
391485.9810016416
 20
3191519.682304821
 10
391485.9810016416
 20
3191529.682304821
  0
LWPOLYLINE
  5
BDC
102
{ACAD_REACTORS
330
EE0
102
}
330
18
100
AcDbEntity
  8
zdm1
  6
Continuous
100
AcDbPolyline
 90
        2
 70
   128
 43
1.0
 43
1.0
 10
398959.1369664127
 20
3191519.682304821
 10
398959.1369664127
 20
3191529.682304821
  0
LWPOLYLINE
  5
BDD
102
{ACAD_REACTORS
330
EE0
102
}
330
18
100
AcDbEntity
  8
zdm1
  6
Continuous
100
AcDbPolyline
 90
        2
 70
   128
 43
1.0
 43
1.0
 10
391485.9810016416
 20
3191539.682304821
 10
391485.9810016416
 20
3191549.682304821
  0
LWPOLYLINE
  5
BDE
102
{ACAD_REACTORS
330
EE0
102
}
330
18
100
AcDbEntity
  8
zdm1
  6
Continuous
100
AcDbPolyline
 90
        2
 70
   128
 43
1.0
 43
1.0
 10
398959.1369664127
 20
3191539.682304821
 10
398959.1369664127
 20
3191549.682304821
  0
LWPOLYLINE
  5
BDF
102
{ACAD_REACTORS
330
EE0
102
}
330
18
100
AcDbEntity
  8
zdm1
  6
Continuous
100
AcDbPolyline
 90
        2
 70
   128
 43
1.0
 43
1.0
 10
391485.9810016416
 20
3191559.682304821
 10
391485.9810016416
 20
3191569.682304821
  0
LWPOLYLINE
  5
BE0
102
{ACAD_REACTORS
330
EE0
102
}
330
18
100
AcDbEntity
  8
zdm1
  6
Continuous
100
AcDbPolyline
 90
        2
 70
   128
 43
1.0
 43
1.0
 10
398959.1369664127
 20
3191559.682304821
 10
398959.1369664127
 20
3191569.682304821
  0
LWPOLYLINE
  5
BE1
102
{ACAD_REACTORS
330
EE0
102
}
330
18
100
AcDbEntity
  8
zdm1
  6
Continuous
100
AcDbPolyline
 90
        2
 70
   128
 43
1.0
 43
1.0
 10
391485.9810016416
 20
3191579.682304821
 10
391485.9810016416
 20
3191589.682304821
  0
LWPOLYLINE
  5
BE2
102
{ACAD_REACTORS
330
EE0
102
}
330
18
100
AcDbEntity
  8
zdm1
  6
Continuous
100
AcDbPolyline
 90
        2
 70
   128
 43
1.0
 43
1.0
 10
398959.1369664127
 20
3191579.682304821
 10
398959.1369664127
 20
3191589.682304821
  0
LWPOLYLINE
  5
BE3
102
{ACAD_REACTORS
330
EE0
102
}
330
18
100
AcDbEntity
  8
zdm1
  6
Continuous
100
AcDbPolyline
 90
        2
 70
   128
 43
1.0
 43
1.0
 10
391485.9810016416
 20
3191599.682304821
 10
391485.9810016416
 20
3191609.682304821
  0
LWPOLYLINE
  5
BE4
102
{ACAD_REACTORS
330
EE0
102
}
330
18
100
AcDbEntity
  8
zdm1
  6
Continuous
100
AcDbPolyline
 90
        2
 70
   128
 43
1.0
 43
1.0
 10
398959.1369664127
 20
3191599.682304821
 10
398959.1369664127
 20
3191609.682304821
  0
LWPOLYLINE
  5
BE5
102
{ACAD_REACTORS
330
EE0
102
}
330
18
100
AcDbEntity
  8
zdm1
  6
Continuous
100
AcDbPolyline
 90
        2
 70
   128
 43
1.0
 43
1.0
 10
391485.9810016416
 20
3191619.682304821
 10
391485.9810016416
 20
3191629.682304821
  0
LWPOLYLINE
  5
BE6
102
{ACAD_REACTORS
330
EE0
102
}
330
18
100
AcDbEntity
  8
zdm1
  6
Continuous
100
AcDbPolyline
 90
        2
 70
   128
 43
1.0
 43
1.0
 10
398959.1369664127
 20
3191619.682304821
 10
398959.1369664127
 20
3191629.682304821
  0
LWPOLYLINE
  5
BE7
102
{ACAD_REACTORS
330
EE0
102
}
330
18
100
AcDbEntity
  8
zdm1
  6
Continuous
100
AcDbPolyline
 90
        2
 70
   128
 43
1.0
 43
1.0
 10
391485.9810016416
 20
3191639.682304821
 10
391485.9810016416
 20
3191649.682304821
  0
LWPOLYLINE
  5
BE8
102
{ACAD_REACTORS
330
EE0
102
}
330
18
100
AcDbEntity
  8
zdm1
  6
Continuous
100
AcDbPolyline
 90
        2
 70
   128
 43
1.0
 43
1.0
 10
398959.1369664127
 20
3191639.682304821
 10
398959.1369664127
 20
3191649.682304821
  0
LWPOLYLINE
  5
BE9
102
{ACAD_REACTORS
330
EE0
102
}
330
18
100
AcDbEntity
  8
zdm1
  6
Continuous
100
AcDbPolyline
 90
        2
 70
   128
 43
1.0
 43
1.0
 10
391485.9810016416
 20
3191659.682304821
 10
391485.9810016416
 20
3191669.682304821
  0
LWPOLYLINE
  5
BEA
102
{ACAD_REACTORS
330
EE0
102
}
330
18
100
AcDbEntity
  8
zdm1
  6
Continuous
100
AcDbPolyline
 90
        2
 70
   128
 43
1.0
 43
1.0
 10
398959.1369664127
 20
3191659.682304821
 10
398959.1369664127
 20
3191669.682304821
  0
LWPOLYLINE
  5
BEB
102
{ACAD_REACTORS
330
EE0
102
}
330
18
100
AcDbEntity
  8
zdm1
  6
Continuous
100
AcDbPolyline
 90
        2
 70
   128
 43
1.0
 43
1.0
 10
391485.9810016416
 20
3191679.682304821
 10
391485.9810016416
 20
3191689.682304821
  0
LWPOLYLINE
  5
BEC
102
{ACAD_REACTORS
330
EE0
102
}
330
18
100
AcDbEntity
  8
zdm1
  6
Continuous
100
AcDbPolyline
 90
        2
 70
   128
 43
1.0
 43
1.0
 10
398959.1369664127
 20
3191679.682304821
 10
398959.1369664127
 20
3191689.682304821
  0
LINE
  5
BED
102
{ACAD_REACTORS
330
EE0
102
}
330
18
100
AcDbEntity
  8
zdm1
  6
Continuous
100
AcDbLine
 10
391485.4810016416
 20
3191349.682304821
 30
0.0
 11
391485.4810016416
 21
3191679.682304821
 31
0.0
  0
LINE
  5
BEE
102
{ACAD_REACTORS
330
EE0
102
}
330
18
100
AcDbEntity
  8
zdm1
  6
Continuous
100
AcDbLine
 10
391486.4810016416
 20
3191349.682304821
 30
0.0
 11
391486.4810016416
 21
3191679.682304821
 31
0.0
  0
LINE
  5
BEF
102
{ACAD_REACTORS
330
EE0
102
}
330
18
100
AcDbEntity
  8
zdm1
  6
Continuous
100
AcDbLine
 10
398958.6369664127
 20
3191349.682304821
 30
0.0
 11
398958.6369664127
 21
3191679.682304821
 31
0.0
  0
LINE
  5
BF0
102
{ACAD_REACTORS
330
EE0
102
}
330
18
100
AcDbEntity
  8
zdm1
  6
Continuous
100
AcDbLine
 10
398959.6369664127
 20
3191349.682304821
 30
0.0
 11
398959.6369664127
 21
3191679.682304821
 31
0.0
  0
LINE
  5
BF1
102
{ACAD_REACTORS
330
EE0
102
}
330
18
100
AcDbEntity
  8
zdm1
  6
X4
100
AcDbLine
 10
391475.9810016416
 20
3191349.682304821
 30
0.0
 11
398969.1369664127
 21
3191349.682304821
 31
0.0
  0
TEXT
  5
BF2
102
{ACAD_REACTORS
330
EE0
102
}
330
18
100
AcDbEntity
  8
zdm1
  6
Continuous
100
AcDbText
 10
391480.0667159273
 20
3191349.682304821
 30
0.0
 40
3.0
  1
-5
 41
0.8
  7
HZ
 72
     2
 11
391484.9810016416
 21
3191349.682304821
 31
0.0
100
AcDbText
  0
TEXT
  5
BF3
102
{ACAD_REACTORS
330
EE0
102
}
330
18
100
AcDbEntity
  8
zdm1
  6
Continuous
100
AcDbText
 10
398960.1369664127
 20
3191349.682304821
 30
0.0
 40
3.0
  1
-5
 41
0.8
  7
HZ
 11
0.0
 21
0.0
 31
0.0
100
AcDbText
  0
LINE
  5
BF4
102
{ACAD_REACTORS
330
EE0
102
}
330
18
100
AcDbEntity
  8
zdm1
  6
X4
100
AcDbLine
 10
391475.9810016416
 20
3191399.682304821
 30
0.0
 11
398969.1369664127
 21
3191399.682304821
 31
0.0
  0
TEXT
  5
BF5
102
{ACAD_REACTORS
330
EE0
102
}
330
18
100
AcDbEntity
  8
zdm1
  6
Continuous
100
AcDbText
 10
391483.0381444988
 20
3191399.682304821
 30
0.0
 40
3.0
  1
0
 41
0.8
  7
HZ
 72
     2
 11
391484.9810016416
 21
3191399.682304821
 31
0.0
100
AcDbText
  0
TEXT
  5
BF6
102
{ACAD_REACTORS
330
EE0
102
}
330
18
100
AcDbEntity
  8
zdm1
  6
Continuous
100
AcDbText
 10
398960.1369664127
 20
3191399.682304821
 30
0.0
 40
3.0
  1
0
 41
0.8
  7
HZ
 11
0.0
 21
0.0
 31
0.0
100
AcDbText
  0
LINE
  5
BF7
102
{ACAD_REACTORS
330
EE0
102
}
330
18
100
AcDbEntity
  8
zdm1
  6
X4
100
AcDbLine
 10
391475.9810016416
 20
3191449.682304821
 30
0.0
 11
398969.1369664127
 21
3191449.682304821
 31
0.0
  0
TEXT
  5
BF8
102
{ACAD_REACTORS
330
EE0
102
}
330
18
100
AcDbEntity
  8
zdm1
  6
Continuous
100
AcDbText
 10
391483.0381444988
 20
3191449.682304821
 30
0.0
 40
3.0
  1
5
 41
0.8
  7
HZ
 72
     2
 11
391484.9810016416
 21
3191449.682304821
 31
0.0
100
AcDbText
  0
TEXT
  5
BF9
102
{ACAD_REACTORS
330
EE0
102
}
330
18
100
AcDbEntity
  8
zdm1
  6
Continuous
100
AcDbText
 10
398960.1369664127
 20
3191449.682304821
 30
0.0
 40
3.0
  1
5
 41
0.8
  7
HZ
 11
0.0
 21
0.0
 31
0.0
100
AcDbText
  0
LINE
  5
BFA
102
{ACAD_REACTORS
330
EE0
102
}
330
18
100
AcDbEntity
  8
zdm1
  6
X4
100
AcDbLine
 10
391475.9810016416
 20
3191499.682304821
 30
0.0
 11
398969.1369664127
 21
3191499.682304821
 31
0.0
  0
TEXT
  5
BFB
102
{ACAD_REACTORS
330
EE0
102
}
330
18
100
AcDbEntity
  8
zdm1
  6
Continuous
100
AcDbText
 10
391480.752430213
 20
3191499.682304821
 30
0.0
 40
3.0
  1
10
 41
0.8
  7
HZ
 72
     2
 11
391484.9810016416
 21
3191499.682304821
 31
0.0
100
AcDbText
  0
TEXT
  5
BFC
102
{ACAD_REACTORS
330
EE0
102
}
330
18
100
AcDbEntity
  8
zdm1
  6
Continuous
100
AcDbText
 10
398960.1369664127
 20
3191499.682304821
 30
0.0
 40
3.0
  1
10
 41
0.8
  7
HZ
 11
0.0
 21
0.0
 31
0.0
100
AcDbText
  0
LINE
  5
BFD
102
{ACAD_REACTORS
330
EE0
102
}
330
18
100
AcDbEntity
  8
zdm1
  6
X4
100
AcDbLine
 10
391475.9810016416
 20
3191549.682304821
 30
0.0
 11
398969.1369664127
 21
3191549.682304821
 31
0.0
  0
TEXT
  5
BFE
102
{ACAD_REACTORS
330
EE0
102
}
330
18
100
AcDbEntity
  8
zdm1
  6
Continuous
100
AcDbText
 10
391480.752430213
 20
3191549.682304821
 30
0.0
 40
3.0
  1
15
 41
0.8
  7
HZ
 72
     2
 11
391484.9810016416
 21
3191549.682304821
 31
0.0
100
AcDbText
  0
TEXT
  5
BFF
102
{ACAD_REACTORS
330
EE0
102
}
330
18
100
AcDbEntity
  8
zdm1
  6
Continuous
100
AcDbText
 10
398960.1369664127
 20
3191549.682304821
 30
0.0
 40
3.0
  1
15
 41
0.8
  7
HZ
 11
0.0
 21
0.0
 31
0.0
100
AcDbText
  0
LINE
  5
C00
102
{ACAD_REACTORS
330
EE0
102
}
330
18
100
AcDbEntity
  8
zdm1
  6
X4
100
AcDbLine
 10
391475.9810016416
 20
3191599.682304821
 30
0.0
 11
398969.1369664127
 21
3191599.682304821
 31
0.0
  0
TEXT
  5
C01
102
{ACAD_REACTORS
330
EE0
102
}
330
18
100
AcDbEntity
  8
zdm1
  6
Continuous
100
AcDbText
 10
391480.752430213
 20
3191599.682304821
 30
0.0
 40
3.0
  1
20
 41
0.8
  7
HZ
 72
     2
 11
391484.9810016416
 21
3191599.682304821
 31
0.0
100
AcDbText
  0
TEXT
  5
C02
102
{ACAD_REACTORS
330
EE0
102
}
330
18
100
AcDbEntity
  8
zdm1
  6
Continuous
100
AcDbText
 10
398960.1369664127
 20
3191599.682304821
 30
0.0
 40
3.0
  1
20
 41
0.8
  7
HZ
 11
0.0
 21
0.0
 31
0.0
100
AcDbText
  0
LINE
  5
C03
102
{ACAD_REACTORS
330
EE0
102
}
330
18
100
AcDbEntity
  8
zdm1
  6
X4
100
AcDbLine
 10
391475.9810016416
 20
3191649.682304821
 30
0.0
 11
398969.1369664127
 21
3191649.682304821
 31
0.0
  0
TEXT
  5
C04
102
{ACAD_REACTORS
330
EE0
102
}
330
18
100
AcDbEntity
  8
zdm1
  6
Continuous
100
AcDbText
 10
391480.752430213
 20
3191649.682304821
 30
0.0
 40
3.0
  1
25
 41
0.8
  7
HZ
 72
     2
 11
391484.9810016416
 21
3191649.682304821
 31
0.0
100
AcDbText
  0
TEXT
  5
C05
102
{ACAD_REACTORS
330
EE0
102
}
330
18
100
AcDbEntity
  8
zdm1
  6
Continuous
100
AcDbText
 10
398960.1369664127
 20
3191649.682304821
 30
0.0
 40
3.0
  1
25
 41
0.8
  7
HZ
 11
0.0
 21
0.0
 31
0.0
100
AcDbText
  0
LWPOLYLINE
  5
C06
102
{ACAD_REACTORS
330
EE0
102
}
330
18
100
AcDbEntity
  8
DMX
  6
Continuous
100
AcDbPolyline
 90
       33
 70
   128
 43
0.0
 10
391490.9810016416
 20
3191651.682304821
 10
391958.1285951837
 20
3191644.682304821
 10
392212.0248364849
 20
3191599.682304821
 10
392544.2092955438
 20
3191571.682304821
 10
392869.744252049
 20
3191545.682304821
 10
393545.0220460988
 20
3191477.642304821
 10
393845.2437899727
 20
3191467.092304822
 10
394205.2873962458
 20
3191449.752304821
 10
394505.5091401197
 20
3191436.612304822
 10
394705.2861587396
 20
3191428.162304821
 10
394925.3746087886
 20
3191422.552304822
 10
395225.5963526625
 20
3191409.152304822
 10
395505.5066651074
 20
3191382.402304822
 10
395705.2836837279
 20
3191405.082304821
 10
396005.5054276018
 20
3191409.652304822
 10
396225.5938776503
 20
3191422.242304821
 10
396425.370896268
 20
3191419.832304821
 10
396522.7563482584
 20
3191477.982304821
 10
396602.3259129255
 20
3191532.682304821
 10
396726.8943375682
 20
3191542.247601966
 10
396902.1324632225
 20
3191561.682304821
 10
397173.4162889971
 20
3191565.682304821
 10
397369.1222307565
 20
3191567.682304821
 10
397576.7840109544
 20
3191562.182304821
 10
397787.9472052078
 20
3191578.682304821
 10
397936.7688523714
 20
3191583.182304821
 10
398107.4178249878
 20
3191591.882304822
 10
398157.3662647211
 20
3191634.682304821
 10
398226.8989858833
 20
3191638.682304821
 10
398300.5466378932
 20
3191611.982304821
 10
398411.994134008
 20
3191602.182304821
 10
398609.977051279
 20
3191580.782304822
 10
398954.1369664127
 20
3191580.582304821
  0
TEXT
  5
C07
102
{ACAD_REACTORS
330
EE0
102
}
330
18
100
AcDbEntity
  8
ZDMT5
  6
Continuous
100
AcDbText
 10
391490.0810016416
 20
3191321.825161964
 30
0.0
 40
3.0
  1
0.0
 50
90.0
 41
0.8
  7
HZ
 72
     1
 11
391490.4810016416
 21
3191324.682304821
 31
0.0
100
AcDbText
 73
     1
  0
TEXT
  5
C08
102
{ACAD_REACTORS
330
EE0
102
}
330
18
100
AcDbEntity
  8
ZDMT5
  6
Continuous
100
AcDbText
 10
391490.0810016416
 20
3191337.039447679
 30
0.0
 40
3.0
  1
25.20
 50
90.0
 41
0.8
  7
HZ
 72
     1
 11
391490.4810016416
 21
3191342.182304821
 31
0.0
100
AcDbText
 73
     1
  0
LINE
  5
C09
102
{ACAD_REACTORS
330
EE0
102
}
330
18
100
AcDbEntity
  8
ZDMT5
  6
Continuous
100
AcDbLine
 10
391490.9810016416
 20
3191314.682304821
 30
0.0
 11
391490.9810016416
 21
3191349.682304821
 31
0.0
  0
TEXT
  5
C0A
102
{ACAD_REACTORS
330
EE0
102
}
330
18
100
AcDbEntity
  8
ZDMT5
  6
Continuous
100
AcDbText
 10
391957.2285951837
 20
3191320.682304821
 30
0.0
 40
3.0
  1
46.7
 50
90.0
 41
0.8
  7
HZ
 72
     1
 11
391957.6285951837
 21
3191324.682304821
 31
0.0
100
AcDbText
 73
     1
  0
TEXT
  5
C0B
102
{ACAD_REACTORS
330
EE0
102
}
330
18
100
AcDbEntity
  8
ZDMT5
  6
Continuous
100
AcDbText
 10
391957.2285951837
 20
3191337.039447679
 30
0.0
 40
3.0
  1
24.50
 50
90.0
 41
0.8
  7
HZ
 72
     1
 11
391957.6285951837
 21
3191342.182304821
 31
0.0
100
AcDbText
 73
     1
  0
LINE
  5
C0C
102
{ACAD_REACTORS
330
EE0
102
}
330
18
100
AcDbEntity
  8
ZDMT5
  6
Continuous
100
AcDbLine
 10
391958.1285951837
 20
3191314.682304821
 30
0.0
 11
391958.1285951837
 21
3191349.682304821
 31
0.0
  0
TEXT
  5
C0D
102
{ACAD_REACTORS
330
EE0
102
}
330
18
100
AcDbEntity
  8
ZDMT5
  6
Continuous
100
AcDbText
 10
392211.1248364849
 20
3191321.025161964
 30
0.0
 40
3.0
  1
72.1
 50
90.0
 41
0.8
  7
HZ
 72
     1
 11
392211.5248364849
 21
3191324.682304821
 31
0.0
100
AcDbText
 73
     1
  0
TEXT
  5
C0E
102
{ACAD_REACTORS
330
EE0
102
}
330
18
100
AcDbEntity
  8
ZDMT5
  6
Continuous
100
AcDbText
 10
392211.1248364849
 20
3191337.039447679
 30
0.0
 40
3.0
  1
20.00
 50
90.0
 41
0.8
  7
HZ
 72
     1
 11
392211.5248364849
 21
3191342.182304821
 31
0.0
100
AcDbText
 73
     1
  0
LINE
  5
C0F
102
{ACAD_REACTORS
330
EE0
102
}
330
18
100
AcDbEntity
  8
ZDMT5
  6
Continuous
100
AcDbLine
 10
392212.0248364849
 20
3191314.682304821
 30
0.0
 11
392212.0248364849
 21
3191349.682304821
 31
0.0
  0
TEXT
  5
C10
102
{ACAD_REACTORS
330
EE0
102
}
330
18
100
AcDbEntity
  8
ZDMT5
  6
Continuous
100
AcDbText
 10
392543.3092955438
 20
3191319.368019107
 30
0.0
 40
3.0
  1
105.3
 50
90.0
 41
0.8
  7
HZ
 72
     1
 11
392543.7092955438
 21
3191324.682304821
 31
0.0
100
AcDbText
 73
     1
  0
TEXT
  5
C11
102
{ACAD_REACTORS
330
EE0
102
}
330
18
100
AcDbEntity
  8
ZDMT5
  6
Continuous
100
AcDbText
 10
392543.3092955438
 20
3191336.868019107
 30
0.0
 40
3.0
  1
17.20
 50
90.0
 41
0.8
  7
HZ
 72
     1
 11
392543.7092955438
 21
3191342.182304821
 31
0.0
100
AcDbText
 73
     1
  0
LINE
  5
C12
102
{ACAD_REACTORS
330
EE0
102
}
330
18
100
AcDbEntity
  8
ZDMT5
  6
Continuous
100
AcDbLine
 10
392544.2092955438
 20
3191314.682304821
 30
0.0
 11
392544.2092955438
 21
3191349.682304821
 31
0.0
  0
TEXT
  5
C13
102
{ACAD_REACTORS
330
EE0
102
}
330
18
100
AcDbEntity
  8
ZDMT5
  6
Continuous
100
AcDbText
 10
392868.8442520489
 20
3191319.425161964
 30
0.0
 40
3.0
  1
137.9
 50
90.0
 41
0.8
  7
HZ
 72
     1
 11
392869.244252049
 21
3191324.682304821
 31
0.0
100
AcDbText
 73
     1
  0
TEXT
  5
C14
102
{ACAD_REACTORS
330
EE0
102
}
330
18
100
AcDbEntity
  8
ZDMT5
  6
Continuous
100
AcDbText
 10
392868.8442520489
 20
3191336.868019107
 30
0.0
 40
3.0
  1
14.60
 50
90.0
 41
0.8
  7
HZ
 72
     1
 11
392869.244252049
 21
3191342.182304821
 31
0.0
100
AcDbText
 73
     1
  0
LINE
  5
C15
102
{ACAD_REACTORS
330
EE0
102
}
330
18
100
AcDbEntity
  8
ZDMT5
  6
Continuous
100
AcDbLine
 10
392869.744252049
 20
3191314.682304821
 30
0.0
 11
392869.744252049
 21
3191349.682304821
 31
0.0
  0
TEXT
  5
C16
102
{ACAD_REACTORS
330
EE0
102
}
330
18
100
AcDbEntity
  8
ZDMT5
  6
Continuous
100
AcDbText
 10
393544.1220460988
 20
3191319.482304821
 30
0.0
 40
3.0
  1
205.4
 50
90.0
 41
0.8
  7
HZ
 72
     1
 11
393544.5220460988
 21
3191324.682304821
 31
0.0
100
AcDbText
 73
     1
  0
TEXT
  5
C17
102
{ACAD_REACTORS
330
EE0
102
}
330
18
100
AcDbEntity
  8
ZDMT5
  6
Continuous
100
AcDbText
 10
393544.1220460988
 20
3191338.182304821
 30
0.0
 40
3.0
  1
7.80
 50
90.0
 41
0.8
  7
HZ
 72
     1
 11
393544.5220460988
 21
3191342.182304821
 31
0.0
100
AcDbText
 73
     1
  0
LINE
  5
C18
102
{ACAD_REACTORS
330
EE0
102
}
330
18
100
AcDbEntity
  8
ZDMT5
  6
Continuous
100
AcDbLine
 10
393545.0220460988
 20
3191314.682304821
 30
0.0
 11
393545.0220460988
 21
3191349.682304821
 31
0.0
  0
TEXT
  5
C19
102
{ACAD_REACTORS
330
EE0
102
}
330
18
100
AcDbEntity
  8
ZDMT5
  6
Continuous
100
AcDbText
 10
393844.3437899727
 20
3191319.482304821
 30
0.0
 40
3.0
  1
235.4
 50
90.0
 41
0.8
  7
HZ
 72
     1
 11
393844.7437899727
 21
3191324.682304821
 31
0.0
100
AcDbText
 73
     1
  0
TEXT
  5
C1A
102
{ACAD_REACTORS
330
EE0
102
}
330
18
100
AcDbEntity
  8
ZDMT5
  6
Continuous
100
AcDbText
 10
393844.3437899727
 20
3191338.068019107
 30
0.0
 40
3.0
  1
6.74
 50
90.0
 41
0.8
  7
HZ
 72
     1
 11
393844.7437899727
 21
3191342.182304821
 31
0.0
100
AcDbText
 73
     1
  0
LINE
  5
C1B
102
{ACAD_REACTORS
330
EE0
102
}
330
18
100
AcDbEntity
  8
ZDMT5
  6
Continuous
100
AcDbLine
 10
393845.2437899727
 20
3191314.682304821
 30
0.0
 11
393845.2437899727
 21
3191349.682304821
 31
0.0
  0
TEXT
  5
C1C
102
{ACAD_REACTORS
330
EE0
102
}
330
18
100
AcDbEntity
  8
ZDMT5
  6
Continuous
100
AcDbText
 10
394204.3873962457
 20
3191319.482304821
 30
0.0
 40
3.0
  1
271.4
 50
90.0
 41
0.8
  7
HZ
 72
     1
 11
394204.7873962458
 21
3191324.682304821
 31
0.0
100
AcDbText
 73
     1
  0
TEXT
  5
C1D
102
{ACAD_REACTORS
330
EE0
102
}
330
18
100
AcDbEntity
  8
ZDMT5
  6
Continuous
100
AcDbText
 10
394204.3873962457
 20
3191338.525161964
 30
0.0
 40
3.0
  1
5.01
 50
90.0
 41
0.8
  7
HZ
 72
     1
 11
394204.7873962458
 21
3191342.182304821
 31
0.0
100
AcDbText
 73
     1
  0
LINE
  5
C1E
102
{ACAD_REACTORS
330
EE0
102
}
330
18
100
AcDbEntity
  8
ZDMT5
  6
Continuous
100
AcDbLine
 10
394205.2873962458
 20
3191314.682304821
 30
0.0
 11
394205.2873962458
 21
3191349.682304821
 31
0.0
  0
TEXT
  5
C1F
102
{ACAD_REACTORS
330
EE0
102
}
330
18
100
AcDbEntity
  8
ZDMT5
  6
Continuous
100
AcDbText
 10
394504.6091401196
 20
3191319.539447679
 30
0.0
 40
3.0
  1
301.5
 50
90.0
 41
0.8
  7
HZ
 72
     1
 11
394505.0091401197
 21
3191324.682304821
 31
0.0
100
AcDbText
 73
     1
  0
TEXT
  5
C20
102
{ACAD_REACTORS
330
EE0
102
}
330
18
100
AcDbEntity
  8
ZDMT5
  6
Continuous
100
AcDbText
 10
394504.6091401196
 20
3191338.239447678
 30
0.0
 40
3.0
  1
3.69
 50
90.0
 41
0.8
  7
HZ
 72
     1
 11
394505.0091401197
 21
3191342.182304821
 31
0.0
100
AcDbText
 73
     1
  0
LINE
  5
C21
102
{ACAD_REACTORS
330
EE0
102
}
330
18
100
AcDbEntity
  8
ZDMT5
  6
Continuous
100
AcDbLine
 10
394505.5091401197
 20
3191314.682304821
 30
0.0
 11
394505.5091401197
 21
3191349.682304821
 31
0.0
  0
TEXT
  5
C22
102
{ACAD_REACTORS
330
EE0
102
}
330
18
100
AcDbEntity
  8
ZDMT5
  6
Continuous
100
AcDbText
 10
394704.3861587396
 20
3191319.482304821
 30
0.0
 40
3.0
  1
321.4
 50
90.0
 41
0.8
  7
HZ
 72
     1
 11
394704.7861587396
 21
3191324.682304821
 31
0.0
100
AcDbText
 73
     1
  0
TEXT
  5
C23
102
{ACAD_REACTORS
330
EE0
102
}
330
18
100
AcDbEntity
  8
ZDMT5
  6
Continuous
100
AcDbText
 10
394704.3861587396
 20
3191338.182304821
 30
0.0
 40
3.0
  1
2.85
 50
90.0
 41
0.8
  7
HZ
 72
     1
 11
394704.7861587396
 21
3191342.182304821
 31
0.0
100
AcDbText
 73
     1
  0
LINE
  5
C24
102
{ACAD_REACTORS
330
EE0
102
}
330
18
100
AcDbEntity
  8
ZDMT5
  6
Continuous
100
AcDbLine
 10
394705.2861587396
 20
3191314.682304821
 30
0.0
 11
394705.2861587396
 21
3191349.682304821
 31
0.0
  0
TEXT
  5
C25
102
{ACAD_REACTORS
330
EE0
102
}
330
18
100
AcDbEntity
  8
ZDMT5
  6
Continuous
100
AcDbText
 10
394924.4746087886
 20
3191319.482304821
 30
0.0
 40
3.0
  1
343.4
 50
90.0
 41
0.8
  7
HZ
 72
     1
 11
394924.8746087886
 21
3191324.682304821
 31
0.0
100
AcDbText
 73
     1
  0
TEXT
  5
C26
102
{ACAD_REACTORS
330
EE0
102
}
330
18
100
AcDbEntity
  8
ZDMT5
  6
Continuous
100
AcDbText
 10
394924.4746087886
 20
3191338.239447678
 30
0.0
 40
3.0
  1
2.29
 50
90.0
 41
0.8
  7
HZ
 72
     1
 11
394924.8746087886
 21
3191342.182304821
 31
0.0
100
AcDbText
 73
     1
  0
LINE
  5
C27
102
{ACAD_REACTORS
330
EE0
102
}
330
18
100
AcDbEntity
  8
ZDMT5
  6
Continuous
100
AcDbLine
 10
394925.3746087886
 20
3191314.682304821
 30
0.0
 11
394925.3746087886
 21
3191349.682304821
 31
0.0
  0
TEXT
  5
C28
102
{ACAD_REACTORS
330
EE0
102
}
330
18
100
AcDbEntity
  8
ZDMT5
  6
Continuous
100
AcDbText
 10
395224.6963526625
 20
3191319.539447679
 30
0.0
 40
3.0
  1
373.5
 50
90.0
 41
0.8
  7
HZ
 72
     1
 11
395225.0963526625
 21
3191324.682304821
 31
0.0
100
AcDbText
 73
     1
  0
TEXT
  5
C29
102
{ACAD_REACTORS
330
EE0
102
}
330
18
100
AcDbEntity
  8
ZDMT5
  6
Continuous
100
AcDbText
 10
395224.6963526625
 20
3191338.182304821
 30
0.0
 40
3.0
  1
0.95
 50
90.0
 41
0.8
  7
HZ
 72
     1
 11
395225.0963526625
 21
3191342.182304821
 31
0.0
100
AcDbText
 73
     1
  0
LINE
  5
C2A
102
{ACAD_REACTORS
330
EE0
102
}
330
18
100
AcDbEntity
  8
ZDMT5
  6
Continuous
100
AcDbLine
 10
395225.5963526625
 20
3191314.682304821
 30
0.0
 11
395225.5963526625
 21
3191349.682304821
 31
0.0
  0
TEXT
  5
C2B
102
{ACAD_REACTORS
330
EE0
102
}
330
18
100
AcDbEntity
  8
ZDMT5
  6
Continuous
100
AcDbText
 10
395504.6066651074
 20
3191319.539447679
 30
0.0
 40
3.0
  1
401.5
 50
90.0
 41
0.8
  7
HZ
 72
     1
 11
395505.0066651074
 21
3191324.682304821
 31
0.0
100
AcDbText
 73
     1
  0
TEXT
  5
C2C
102
{ACAD_REACTORS
330
EE0
102
}
330
18
100
AcDbEntity
  8
ZDMT5
  6
Continuous
100
AcDbText
 10
395504.6066651074
 20
3191336.639447679
 30
0.0
 40
3.0
  1
-1.73
 50
90.0
 41
0.8
  7
HZ
 72
     1
 11
395505.0066651074
 21
3191342.182304821
 31
0.0
100
AcDbText
 73
     1
  0
LINE
  5
C2D
102
{ACAD_REACTORS
330
EE0
102
}
330
18
100
AcDbEntity
  8
ZDMT5
  6
Continuous
100
AcDbLine
 10
395505.5066651074
 20
3191314.682304821
 30
0.0
 11
395505.5066651074
 21
3191349.682304821
 31
0.0
  0
TEXT
  5
C2E
102
{ACAD_REACTORS
330
EE0
102
}
330
18
100
AcDbEntity
  8
ZDMT5
  6
Continuous
100
AcDbText
 10
395704.3836837279
 20
3191319.482304821
 30
0.0
 40
3.0
  1
421.4
 50
90.0
 41
0.8
  7
HZ
 72
     1
 11
395704.7836837279
 21
3191324.682304821
 31
0.0
100
AcDbText
 73
     1
  0
TEXT
  5
C2F
102
{ACAD_REACTORS
330
EE0
102
}
330
18
100
AcDbEntity
  8
ZDMT5
  6
Continuous
100
AcDbText
 10
395704.3836837279
 20
3191338.125161964
 30
0.0
 40
3.0
  1
0.54
 50
90.0
 41
0.8
  7
HZ
 72
     1
 11
395704.7836837279
 21
3191342.182304821
 31
0.0
100
AcDbText
 73
     1
  0
LINE
  5
C30
102
{ACAD_REACTORS
330
EE0
102
}
330
18
100
AcDbEntity
  8
ZDMT5
  6
Continuous
100
AcDbLine
 10
395705.2836837279
 20
3191314.682304821
 30
0.0
 11
395705.2836837279
 21
3191349.682304821
 31
0.0
  0
TEXT
  5
C31
102
{ACAD_REACTORS
330
EE0
102
}
330
18
100
AcDbEntity
  8
ZDMT5
  6
Continuous
100
AcDbText
 10
396004.6054276018
 20
3191319.539447679
 30
0.0
 40
3.0
  1
451.5
 50
90.0
 41
0.8
  7
HZ
 72
     1
 11
396005.0054276018
 21
3191324.682304821
 31
0.0
100
AcDbText
 73
     1
  0
TEXT
  5
C32
102
{ACAD_REACTORS
330
EE0
102
}
330
18
100
AcDbEntity
  8
ZDMT5
  6
Continuous
100
AcDbText
 10
396004.6054276018
 20
3191338.01087625
 30
0.0
 40
3.0
  1
1.00
 50
90.0
 41
0.8
  7
HZ
 72
     1
 11
396005.0054276018
 21
3191342.182304821
 31
0.0
100
AcDbText
 73
     1
  0
LINE
  5
C33
102
{ACAD_REACTORS
330
EE0
102
}
330
18
100
AcDbEntity
  8
ZDMT5
  6
Continuous
100
AcDbLine
 10
396005.5054276018
 20
3191314.682304821
 30
0.0
 11
396005.5054276018
 21
3191349.682304821
 31
0.0
  0
TEXT
  5
C34
102
{ACAD_REACTORS
330
EE0
102
}
330
18
100
AcDbEntity
  8
ZDMT5
  6
Continuous
100
AcDbText
 10
396224.6938776503
 20
3191319.539447679
 30
0.0
 40
3.0
  1
473.5
 50
90.0
 41
0.8
  7
HZ
 72
     1
 11
396225.0938776503
 21
3191324.682304821
 31
0.0
100
AcDbText
 73
     1
  0
TEXT
  5
C35
102
{ACAD_REACTORS
330
EE0
102
}
330
18
100
AcDbEntity
  8
ZDMT5
  6
Continuous
100
AcDbText
 10
396224.6938776503
 20
3191338.182304821
 30
0.0
 40
3.0
  1
2.26
 50
90.0
 41
0.8
  7
HZ
 72
     1
 11
396225.0938776503
 21
3191342.182304821
 31
0.0
100
AcDbText
 73
     1
  0
LINE
  5
C36
102
{ACAD_REACTORS
330
EE0
102
}
330
18
100
AcDbEntity
  8
ZDMT5
  6
Continuous
100
AcDbLine
 10
396225.5938776503
 20
3191314.682304821
 30
0.0
 11
396225.5938776503
 21
3191349.682304821
 31
0.0
  0
TEXT
  5
C37
102
{ACAD_REACTORS
330
EE0
102
}
330
18
100
AcDbEntity
  8
ZDMT5
  6
Continuous
100
AcDbText
 10
396424.470896268
 20
3191319.482304821
 30
0.0
 40
3.0
  1
493.4
 50
90.0
 41
0.8
  7
HZ
 72
     1
 11
396424.870896268
 21
3191324.682304821
 31
0.0
100
AcDbText
 73
     1
  0
TEXT
  5
C38
102
{ACAD_REACTORS
330
EE0
102
}
330
18
100
AcDbEntity
  8
ZDMT5
  6
Continuous
100
AcDbText
 10
396424.470896268
 20
3191338.182304821
 30
0.0
 40
3.0
  1
2.02
 50
90.0
 41
0.8
  7
HZ
 72
     1
 11
396424.870896268
 21
3191342.182304821
 31
0.0
100
AcDbText
 73
     1
  0
LINE
  5
C39
102
{ACAD_REACTORS
330
EE0
102
}
330
18
100
AcDbEntity
  8
ZDMT5
  6
Continuous
100
AcDbLine
 10
396425.370896268
 20
3191314.682304821
 30
0.0
 11
396425.370896268
 21
3191349.682304821
 31
0.0
  0
TEXT
  5
C3A
102
{ACAD_REACTORS
330
EE0
102
}
330
18
100
AcDbEntity
  8
ZDMT5
  6
Continuous
100
AcDbText
 10
396521.8563482583
 20
3191319.539447679
 30
0.0
 40
3.0
  1
503.2
 50
90.0
 41
0.8
  7
HZ
 72
     1
 11
396522.2563482584
 21
3191324.682304821
 31
0.0
100
AcDbText
 73
     1
  0
TEXT
  5
C3B
102
{ACAD_REACTORS
330
EE0
102
}
330
18
100
AcDbEntity
  8
ZDMT5
  6
Continuous
100
AcDbText
 10
396521.8563482583
 20
3191338.182304821
 30
0.0
 40
3.0
  1
7.83
 50
90.0
 41
0.8
  7
HZ
 72
     1
 11
396522.2563482584
 21
3191342.182304821
 31
0.0
100
AcDbText
 73
     1
  0
LINE
  5
C3C
102
{ACAD_REACTORS
330
EE0
102
}
330
18
100
AcDbEntity
  8
ZDMT5
  6
Continuous
100
AcDbLine
 10
396522.7563482584
 20
3191314.682304821
 30
0.0
 11
396522.7563482584
 21
3191349.682304821
 31
0.0
  0
TEXT
  5
C3D
102
{ACAD_REACTORS
330
EE0
102
}
330
18
100
AcDbEntity
  8
ZDMT5
  6
Continuous
100
AcDbText
 10
396601.4259129254
 20
3191319.882304822
 30
0.0
 40
3.0
  1
511.1
 50
90.0
 41
0.8
  7
HZ
 72
     1
 11
396601.8259129255
 21
3191324.682304821
 31
0.0
100
AcDbText
 73
     1
  0
TEXT
  5
C3E
102
{ACAD_REACTORS
330
EE0
102
}
330
18
100
AcDbEntity
  8
ZDMT5
  6
Continuous
100
AcDbText
 10
396601.4259129254
 20
3191336.868019107
 30
0.0
 40
3.0
  1
13.30
 50
90.0
 41
0.8
  7
HZ
 72
     1
 11
396601.8259129255
 21
3191342.182304821
 31
0.0
100
AcDbText
 73
     1
  0
LINE
  5
C3F
102
{ACAD_REACTORS
330
EE0
102
}
330
18
100
AcDbEntity
  8
ZDMT5
  6
Continuous
100
AcDbLine
 10
396602.3259129255
 20
3191314.682304821
 30
0.0
 11
396602.3259129255
 21
3191349.682304821
 31
0.0
  0
TEXT
  5
C40
102
{ACAD_REACTORS
330
EE0
102
}
330
18
100
AcDbEntity
  8
ZDMT5
  6
Continuous
100
AcDbText
 10
396725.9943375682
 20
3191319.539447679
 30
0.0
 40
3.0
  1
523.6
 50
90.0
 41
0.8
  7
HZ
 72
     1
 11
396726.3943375682
 21
3191324.682304821
 31
0.0
100
AcDbText
 73
     1
  0
TEXT
  5
C41
102
{ACAD_REACTORS
330
EE0
102
}
330
18
100
AcDbEntity
  8
ZDMT5
  6
Continuous
100
AcDbText
 10
396725.9943375682
 20
3191336.868019107
 30
0.0
 40
3.0
  1
14.26
 50
90.0
 41
0.8
  7
HZ
 72
     1
 11
396726.3943375682
 21
3191342.182304821
 31
0.0
100
AcDbText
 73
     1
  0
LINE
  5
C42
102
{ACAD_REACTORS
330
EE0
102
}
330
18
100
AcDbEntity
  8
ZDMT5
  6
Continuous
100
AcDbLine
 10
396726.8943375682
 20
3191314.682304821
 30
0.0
 11
396726.8943375682
 21
3191349.682304821
 31
0.0
  0
TEXT
  5
C43
102
{ACAD_REACTORS
330
EE0
102
}
330
18
100
AcDbEntity
  8
ZDMT5
  6
Continuous
100
AcDbText
 10
396901.2324632225
 20
3191319.882304822
 30
0.0
 40
3.0
  1
541.1
 50
90.0
 41
0.8
  7
HZ
 72
     1
 11
396901.6324632225
 21
3191324.682304821
 31
0.0
100
AcDbText
 73
     1
  0
TEXT
  5
C44
102
{ACAD_REACTORS
330
EE0
102
}
330
18
100
AcDbEntity
  8
ZDMT5
  6
Continuous
100
AcDbText
 10
396901.2324632225
 20
3191336.868019107
 30
0.0
 40
3.0
  1
16.20
 50
90.0
 41
0.8
  7
HZ
 72
     1
 11
396901.6324632225
 21
3191342.182304821
 31
0.0
100
AcDbText
 73
     1
  0
LINE
  5
C45
102
{ACAD_REACTORS
330
EE0
102
}
330
18
100
AcDbEntity
  8
ZDMT5
  6
Continuous
100
AcDbLine
 10
396902.1324632225
 20
3191314.682304821
 30
0.0
 11
396902.1324632225
 21
3191349.682304821
 31
0.0
  0
TEXT
  5
C46
102
{ACAD_REACTORS
330
EE0
102
}
330
18
100
AcDbEntity
  8
ZDMT5
  6
Continuous
100
AcDbText
 10
397172.5162889971
 20
3191319.539447679
 30
0.0
 40
3.0
  1
568.2
 50
90.0
 41
0.8
  7
HZ
 72
     1
 11
397172.9162889971
 21
3191324.682304821
 31
0.0
100
AcDbText
 73
     1
  0
TEXT
  5
C47
102
{ACAD_REACTORS
330
EE0
102
}
330
18
100
AcDbEntity
  8
ZDMT5
  6
Continuous
100
AcDbText
 10
397172.5162889971
 20
3191336.868019107
 30
0.0
 40
3.0
  1
16.60
 50
90.0
 41
0.8
  7
HZ
 72
     1
 11
397172.9162889971
 21
3191342.182304821
 31
0.0
100
AcDbText
 73
     1
  0
LINE
  5
C48
102
{ACAD_REACTORS
330
EE0
102
}
330
18
100
AcDbEntity
  8
ZDMT5
  6
Continuous
100
AcDbLine
 10
397173.4162889971
 20
3191314.682304821
 30
0.0
 11
397173.4162889971
 21
3191349.682304821
 31
0.0
  0
TEXT
  5
C49
102
{ACAD_REACTORS
330
EE0
102
}
330
18
100
AcDbEntity
  8
ZDMT5
  6
Continuous
100
AcDbText
 10
397368.2222307565
 20
3191319.539447679
 30
0.0
 40
3.0
  1
587.8
 50
90.0
 41
0.8
  7
HZ
 72
     1
 11
397368.6222307565
 21
3191324.682304821
 31
0.0
100
AcDbText
 73
     1
  0
TEXT
  5
C4A
102
{ACAD_REACTORS
330
EE0
102
}
330
18
100
AcDbEntity
  8
ZDMT5
  6
Continuous
100
AcDbText
 10
397368.2222307565
 20
3191336.868019107
 30
0.0
 40
3.0
  1
16.80
 50
90.0
 41
0.8
  7
HZ
 72
     1
 11
397368.6222307565
 21
3191342.182304821
 31
0.0
100
AcDbText
 73
     1
  0
LINE
  5
C4B
102
{ACAD_REACTORS
330
EE0
102
}
330
18
100
AcDbEntity
  8
ZDMT5
  6
Continuous
100
AcDbLine
 10
397369.1222307565
 20
3191314.682304821
 30
0.0
 11
397369.1222307565
 21
3191349.682304821
 31
0.0
  0
TEXT
  5
C4C
102
{ACAD_REACTORS
330
EE0
102
}
330
18
100
AcDbEntity
  8
ZDMT5
  6
Continuous
100
AcDbText
 10
397575.8840109544
 20
3191319.482304821
 30
0.0
 40
3.0
  1
608.6
 50
90.0
 41
0.8
  7
HZ
 72
     1
 11
397576.2840109544
 21
3191324.682304821
 31
0.0
100
AcDbText
 73
     1
  0
TEXT
  5
C4D
102
{ACAD_REACTORS
330
EE0
102
}
330
18
100
AcDbEntity
  8
ZDMT5
  6
Continuous
100
AcDbText
 10
397575.8840109544
 20
3191336.868019107
 30
0.0
 40
3.0
  1
16.25
 50
90.0
 41
0.8
  7
HZ
 72
     1
 11
397576.2840109544
 21
3191342.182304821
 31
0.0
100
AcDbText
 73
     1
  0
LINE
  5
C4E
102
{ACAD_REACTORS
330
EE0
102
}
330
18
100
AcDbEntity
  8
ZDMT5
  6
Continuous
100
AcDbLine
 10
397576.7840109544
 20
3191314.682304821
 30
0.0
 11
397576.7840109544
 21
3191349.682304821
 31
0.0
  0
TEXT
  5
C4F
102
{ACAD_REACTORS
330
EE0
102
}
330
18
100
AcDbEntity
  8
ZDMT5
  6
Continuous
100
AcDbText
 10
397787.0472052078
 20
3191319.482304821
 30
0.0
 40
3.0
  1
629.7
 50
90.0
 41
0.8
  7
HZ
 72
     1
 11
397787.4472052078
 21
3191324.682304821
 31
0.0
100
AcDbText
 73
     1
  0
TEXT
  5
C50
102
{ACAD_REACTORS
330
EE0
102
}
330
18
100
AcDbEntity
  8
ZDMT5
  6
Continuous
100
AcDbText
 10
397787.0472052078
 20
3191336.868019107
 30
0.0
 40
3.0
  1
17.90
 50
90.0
 41
0.8
  7
HZ
 72
     1
 11
397787.4472052078
 21
3191342.182304821
 31
0.0
100
AcDbText
 73
     1
  0
LINE
  5
C51
102
{ACAD_REACTORS
330
EE0
102
}
330
18
100
AcDbEntity
  8
ZDMT5
  6
Continuous
100
AcDbLine
 10
397787.9472052078
 20
3191314.682304821
 30
0.0
 11
397787.9472052078
 21
3191349.682304821
 31
0.0
  0
TEXT
  5
C52
102
{ACAD_REACTORS
330
EE0
102
}
330
18
100
AcDbEntity
  8
ZDMT5
  6
Continuous
100
AcDbText
 10
397935.8688523714
 20
3191319.482304821
 30
0.0
 40
3.0
  1
644.6
 50
90.0
 41
0.8
  7
HZ
 72
     1
 11
397936.2688523714
 21
3191324.682304821
 31
0.0
100
AcDbText
 73
     1
  0
TEXT
  5
C53
102
{ACAD_REACTORS
330
EE0
102
}
330
18
100
AcDbEntity
  8
ZDMT5
  6
Continuous
100
AcDbText
 10
397935.8688523714
 20
3191336.868019107
 30
0.0
 40
3.0
  1
18.35
 50
90.0
 41
0.8
  7
HZ
 72
     1
 11
397936.2688523714
 21
3191342.182304821
 31
0.0
100
AcDbText
 73
     1
  0
LINE
  5
C54
102
{ACAD_REACTORS
330
EE0
102
}
330
18
100
AcDbEntity
  8
ZDMT5
  6
Continuous
100
AcDbLine
 10
397936.7688523714
 20
3191314.682304821
 30
0.0
 11
397936.7688523714
 21
3191349.682304821
 31
0.0
  0
TEXT
  5
C55
102
{ACAD_REACTORS
330
EE0
102
}
330
18
100
AcDbEntity
  8
ZDMT5
  6
Continuous
100
AcDbText
 10
398106.5178249878
 20
3191319.482304821
 30
0.0
 40
3.0
  1
661.6
 50
90.0
 41
0.8
  7
HZ
 72
     1
 11
398106.9178249878
 21
3191324.682304821
 31
0.0
100
AcDbText
 73
     1
  0
TEXT
  5
C56
102
{ACAD_REACTORS
330
EE0
102
}
330
18
100
AcDbEntity
  8
ZDMT5
  6
Continuous
100
AcDbText
 10
398106.5178249878
 20
3191336.868019107
 30
0.0
 40
3.0
  1
19.22
 50
90.0
 41
0.8
  7
HZ
 72
     1
 11
398106.9178249878
 21
3191342.182304821
 31
0.0
100
AcDbText
 73
     1
  0
LINE
  5
C57
102
{ACAD_REACTORS
330
EE0
102
}
330
18
100
AcDbEntity
  8
ZDMT5
  6
Continuous
100
AcDbLine
 10
398107.4178249878
 20
3191314.682304821
 30
0.0
 11
398107.4178249878
 21
3191349.682304821
 31
0.0
  0
TEXT
  5
C58
102
{ACAD_REACTORS
330
EE0
102
}
330
18
100
AcDbEntity
  8
ZDMT5
  6
Continuous
100
AcDbText
 10
398156.4662647211
 20
3191319.482304821
 30
0.0
 40
3.0
  1
666.6
 50
90.0
 41
0.8
  7
HZ
 72
     1
 11
398156.8662647211
 21
3191324.682304821
 31
0.0
100
AcDbText
 73
     1
  0
TEXT
  5
C59
102
{ACAD_REACTORS
330
EE0
102
}
330
18
100
AcDbEntity
  8
ZDMT5
  6
Continuous
100
AcDbText
 10
398156.4662647211
 20
3191337.039447679
 30
0.0
 40
3.0
  1
23.50
 50
90.0
 41
0.8
  7
HZ
 72
     1
 11
398156.8662647211
 21
3191342.182304821
 31
0.0
100
AcDbText
 73
     1
  0
LINE
  5
C5A
102
{ACAD_REACTORS
330
EE0
102
}
330
18
100
AcDbEntity
  8
ZDMT5
  6
Continuous
100
AcDbLine
 10
398157.3662647211
 20
3191314.682304821
 30
0.0
 11
398157.3662647211
 21
3191349.682304821
 31
0.0
  0
TEXT
  5
C5B
102
{ACAD_REACTORS
330
EE0
102
}
330
18
100
AcDbEntity
  8
ZDMT5
  6
Continuous
100
AcDbText
 10
398225.9989858833
 20
3191319.482304821
 30
0.0
 40
3.0
  1
673.6
 50
90.0
 41
0.8
  7
HZ
 72
     1
 11
398226.3989858833
 21
3191324.682304821
 31
0.0
100
AcDbText
 73
     1
  0
TEXT
  5
C5C
102
{ACAD_REACTORS
330
EE0
102
}
330
18
100
AcDbEntity
  8
ZDMT5
  6
Continuous
100
AcDbText
 10
398225.9989858833
 20
3191337.039447679
 30
0.0
 40
3.0
  1
23.90
 50
90.0
 41
0.8
  7
HZ
 72
     1
 11
398226.3989858833
 21
3191342.182304821
 31
0.0
100
AcDbText
 73
     1
  0
LINE
  5
C5D
102
{ACAD_REACTORS
330
EE0
102
}
330
18
100
AcDbEntity
  8
ZDMT5
  6
Continuous
100
AcDbLine
 10
398226.8989858833
 20
3191314.682304821
 30
0.0
 11
398226.8989858833
 21
3191349.682304821
 31
0.0
  0
TEXT
  5
C5E
102
{ACAD_REACTORS
330
EE0
102
}
330
18
100
AcDbEntity
  8
ZDMT5
  6
Continuous
100
AcDbText
 10
398299.6466378932
 20
3191319.482304821
 30
0.0
 40
3.0
  1
681.0
 50
90.0
 41
0.8
  7
HZ
 72
     1
 11
398300.0466378932
 21
3191324.682304821
 31
0.0
100
AcDbText
 73
     1
  0
TEXT
  5
C5F
102
{ACAD_REACTORS
330
EE0
102
}
330
18
100
AcDbEntity
  8
ZDMT5
  6
Continuous
100
AcDbText
 10
398299.6466378932
 20
3191337.039447679
 30
0.0
 40
3.0
  1
21.23
 50
90.0
 41
0.8
  7
HZ
 72
     1
 11
398300.0466378932
 21
3191342.182304821
 31
0.0
100
AcDbText
 73
     1
  0
LINE
  5
C60
102
{ACAD_REACTORS
330
EE0
102
}
330
18
100
AcDbEntity
  8
ZDMT5
  6
Continuous
100
AcDbLine
 10
398300.5466378932
 20
3191314.682304821
 30
0.0
 11
398300.5466378932
 21
3191349.682304821
 31
0.0
  0
TEXT
  5
C61
102
{ACAD_REACTORS
330
EE0
102
}
330
18
100
AcDbEntity
  8
ZDMT5
  6
Continuous
100
AcDbText
 10
398411.0941340079
 20
3191319.825161964
 30
0.0
 40
3.0
  1
692.1
 50
90.0
 41
0.8
  7
HZ
 72
     1
 11
398411.494134008
 21
3191324.682304821
 31
0.0
100
AcDbText
 73
     1
  0
TEXT
  5
C62
102
{ACAD_REACTORS
330
EE0
102
}
330
18
100
AcDbEntity
  8
ZDMT5
  6
Continuous
100
AcDbText
 10
398411.0941340079
 20
3191337.039447679
 30
0.0
 40
3.0
  1
20.25
 50
90.0
 41
0.8
  7
HZ
 72
     1
 11
398411.494134008
 21
3191342.182304821
 31
0.0
100
AcDbText
 73
     1
  0
LINE
  5
C63
102
{ACAD_REACTORS
330
EE0
102
}
330
18
100
AcDbEntity
  8
ZDMT5
  6
Continuous
100
AcDbLine
 10
398411.994134008
 20
3191314.682304821
 30
0.0
 11
398411.994134008
 21
3191349.682304821
 31
0.0
  0
TEXT
  5
C64
102
{ACAD_REACTORS
330
EE0
102
}
330
18
100
AcDbEntity
  8
ZDMT5
  6
Continuous
100
AcDbText
 10
398609.077051279
 20
3191319.596590536
 30
0.0
 40
3.0
  1
711.9
 50
90.0
 41
0.8
  7
HZ
 72
     1
 11
398609.477051279
 21
3191324.682304821
 31
0.0
100
AcDbText
 73
     1
  0
TEXT
  5
C65
102
{ACAD_REACTORS
330
EE0
102
}
330
18
100
AcDbEntity
  8
ZDMT5
  6
Continuous
100
AcDbText
 10
398609.077051279
 20
3191337.21087625
 30
0.0
 40
3.0
  1
18.11
 50
90.0
 41
0.8
  7
HZ
 72
     1
 11
398609.477051279
 21
3191342.182304821
 31
0.0
100
AcDbText
 73
     1
  0
LINE
  5
C66
102
{ACAD_REACTORS
330
EE0
102
}
330
18
100
AcDbEntity
  8
ZDMT5
  6
Continuous
100
AcDbLine
 10
398609.977051279
 20
3191314.682304821
 30
0.0
 11
398609.977051279
 21
3191349.682304821
 31
0.0
  0
TEXT
  5
C67
102
{ACAD_REACTORS
330
EE0
102
}
330
18
100
AcDbEntity
  8
ZDMT5
  6
Continuous
100
AcDbText
 10
398953.2369664127
 20
3191319.539447679
 30
0.0
 40
3.0
  1
746.3
 50
90.0
 41
0.8
  7
HZ
 72
     1
 11
398953.6369664127
 21
3191324.682304821
 31
0.0
100
AcDbText
 73
     1
  0
TEXT
  5
C68
102
{ACAD_REACTORS
330
EE0
102
}
330
18
100
AcDbEntity
  8
ZDMT5
  6
Continuous
100
AcDbText
 10
398953.2369664127
 20
3191336.925161964
 30
0.0
 40
3.0
  1
18.09
 50
90.0
 41
0.8
  7
HZ
 72
     1
 11
398953.6369664127
 21
3191342.182304821
 31
0.0
100
AcDbText
 73
     1
  0
LINE
  5
C69
102
{ACAD_REACTORS
330
EE0
102
}
330
18
100
AcDbEntity
  8
ZDMT5
  6
Continuous
100
AcDbLine
 10
398954.1369664127
 20
3191314.682304821
 30
0.0
 11
398954.1369664127
 21
3191349.682304821
 31
0.0
  0
LINE
  5
C6A
102
{ACAD_REACTORS
330
EE0
102
}
330
18
100
AcDbEntity
  8
ZDMT5
  6
X4
100
AcDbLine
 10
391490.9810016416
 20
3191349.682304821
 30
0.0
 11
391490.9810016416
 21
3191651.682304821
 31
0.0
  0
LINE
  5
C6B
102
{ACAD_REACTORS
330
EE0
102
}
330
18
100
AcDbEntity
  8
ZDMT5
  6
X4
100
AcDbLine
 10
391958.1285951837
 20
3191349.682304821
 30
0.0
 11
391958.1285951837
 21
3191644.682304821
 31
0.0
  0
LINE
  5
C6C
102
{ACAD_REACTORS
330
EE0
102
}
330
18
100
AcDbEntity
  8
ZDMT5
  6
X4
100
AcDbLine
 10
392212.0248364849
 20
3191349.682304821
 30
0.0
 11
392212.0248364849
 21
3191599.682304821
 31
0.0
  0
LINE
  5
C6D
102
{ACAD_REACTORS
330
EE0
102
}
330
18
100
AcDbEntity
  8
ZDMT5
  6
X4
100
AcDbLine
 10
392544.2092955438
 20
3191349.682304821
 30
0.0
 11
392544.2092955438
 21
3191571.682304821
 31
0.0
  0
LINE
  5
C6E
102
{ACAD_REACTORS
330
EE0
102
}
330
18
100
AcDbEntity
  8
ZDMT5
  6
X4
100
AcDbLine
 10
392869.744252049
 20
3191349.682304821
 30
0.0
 11
392869.744252049
 21
3191545.682304821
 31
0.0
  0
LINE
  5
C6F
102
{ACAD_REACTORS
330
EE0
102
}
330
18
100
AcDbEntity
  8
ZDMT5
  6
X4
100
AcDbLine
 10
393545.0220460988
 20
3191349.682304821
 30
0.0
 11
393545.0220460988
 21
3191477.642304821
 31
0.0
  0
LINE
  5
C70
102
{ACAD_REACTORS
330
EE0
102
}
330
18
100
AcDbEntity
  8
ZDMT5
  6
X4
100
AcDbLine
 10
393845.2437899727
 20
3191349.682304821
 30
0.0
 11
393845.2437899727
 21
3191467.092304822
 31
0.0
  0
LINE
  5
C71
102
{ACAD_REACTORS
330
EE0
102
}
330
18
100
AcDbEntity
  8
ZDMT5
  6
X4
100
AcDbLine
 10
394205.2873962458
 20
3191349.682304821
 30
0.0
 11
394205.2873962458
 21
3191449.752304821
 31
0.0
  0
LINE
  5
C72
102
{ACAD_REACTORS
330
EE0
102
}
330
18
100
AcDbEntity
  8
ZDMT5
  6
X4
100
AcDbLine
 10
394505.5091401197
 20
3191349.682304821
 30
0.0
 11
394505.5091401197
 21
3191436.612304822
 31
0.0
  0
LINE
  5
C73
102
{ACAD_REACTORS
330
EE0
102
}
330
18
100
AcDbEntity
  8
ZDMT5
  6
X4
100
AcDbLine
 10
394705.2861587396
 20
3191349.682304821
 30
0.0
 11
394705.2861587396
 21
3191428.162304821
 31
0.0
  0
LINE
  5
C74
102
{ACAD_REACTORS
330
EE0
102
}
330
18
100
AcDbEntity
  8
ZDMT5
  6
X4
100
AcDbLine
 10
394925.3746087886
 20
3191349.682304821
 30
0.0
 11
394925.3746087886
 21
3191422.552304822
 31
0.0
  0
LINE
  5
C75
102
{ACAD_REACTORS
330
EE0
102
}
330
18
100
AcDbEntity
  8
ZDMT5
  6
X4
100
AcDbLine
 10
395225.5963526625
 20
3191349.682304821
 30
0.0
 11
395225.5963526625
 21
3191409.152304822
 31
0.0
  0
LINE
  5
C76
102
{ACAD_REACTORS
330
EE0
102
}
330
18
100
AcDbEntity
  8
ZDMT5
  6
X4
100
AcDbLine
 10
395505.5066651074
 20
3191349.682304821
 30
0.0
 11
395505.5066651074
 21
3191382.402304822
 31
0.0
  0
LINE
  5
C77
102
{ACAD_REACTORS
330
EE0
102
}
330
18
100
AcDbEntity
  8
ZDMT5
  6
X4
100
AcDbLine
 10
395705.2836837279
 20
3191349.682304821
 30
0.0
 11
395705.2836837279
 21
3191405.082304821
 31
0.0
  0
LINE
  5
C78
102
{ACAD_REACTORS
330
EE0
102
}
330
18
100
AcDbEntity
  8
ZDMT5
  6
X4
100
AcDbLine
 10
396005.5054276018
 20
3191349.682304821
 30
0.0
 11
396005.5054276018
 21
3191409.652304822
 31
0.0
  0
LINE
  5
C79
102
{ACAD_REACTORS
330
EE0
102
}
330
18
100
AcDbEntity
  8
ZDMT5
  6
X4
100
AcDbLine
 10
396225.5938776503
 20
3191349.682304821
 30
0.0
 11
396225.5938776503
 21
3191422.242304821
 31
0.0
  0
LINE
  5
C7A
102
{ACAD_REACTORS
330
EE0
102
}
330
18
100
AcDbEntity
  8
ZDMT5
  6
X4
100
AcDbLine
 10
396425.370896268
 20
3191349.682304821
 30
0.0
 11
396425.370896268
 21
3191419.832304821
 31
0.0
  0
LINE
  5
C7B
102
{ACAD_REACTORS
330
EE0
102
}
330
18
100
AcDbEntity
  8
ZDMT5
  6
X4
100
AcDbLine
 10
396522.7563482584
 20
3191349.682304821
 30
0.0
 11
396522.7563482584
 21
3191477.982304821
 31
0.0
  0
LINE
  5
C7C
102
{ACAD_REACTORS
330
EE0
102
}
330
18
100
AcDbEntity
  8
ZDMT5
  6
X4
100
AcDbLine
 10
396602.3259129255
 20
3191349.682304821
 30
0.0
 11
396602.3259129255
 21
3191532.682304821
 31
0.0
  0
LINE
  5
C7D
102
{ACAD_REACTORS
330
EE0
102
}
330
18
100
AcDbEntity
  8
ZDMT5
  6
X4
100
AcDbLine
 10
396726.8943375682
 20
3191349.682304821
 30
0.0
 11
396726.8943375682
 21
3191542.247601966
 31
0.0
  0
LINE
  5
C7E
102
{ACAD_REACTORS
330
EE0
102
}
330
18
100
AcDbEntity
  8
ZDMT5
  6
X4
100
AcDbLine
 10
396902.1324632225
 20
3191349.682304821
 30
0.0
 11
396902.1324632225
 21
3191561.682304821
 31
0.0
  0
LINE
  5
C7F
102
{ACAD_REACTORS
330
EE0
102
}
330
18
100
AcDbEntity
  8
ZDMT5
  6
X4
100
AcDbLine
 10
397173.4162889971
 20
3191349.682304821
 30
0.0
 11
397173.4162889971
 21
3191565.682304821
 31
0.0
  0
LINE
  5
C80
102
{ACAD_REACTORS
330
EE0
102
}
330
18
100
AcDbEntity
  8
ZDMT5
  6
X4
100
AcDbLine
 10
397369.1222307565
 20
3191349.682304821
 30
0.0
 11
397369.1222307565
 21
3191567.682304821
 31
0.0
  0
LINE
  5
C81
102
{ACAD_REACTORS
330
EE0
102
}
330
18
100
AcDbEntity
  8
ZDMT5
  6
X4
100
AcDbLine
 10
397576.7840109544
 20
3191349.682304821
 30
0.0
 11
397576.7840109544
 21
3191562.182304821
 31
0.0
  0
LINE
  5
C82
102
{ACAD_REACTORS
330
EE0
102
}
330
18
100
AcDbEntity
  8
ZDMT5
  6
X4
100
AcDbLine
 10
397787.9472052078
 20
3191349.682304821
 30
0.0
 11
397787.9472052078
 21
3191578.682304821
 31
0.0
  0
LINE
  5
C83
102
{ACAD_REACTORS
330
EE0
102
}
330
18
100
AcDbEntity
  8
ZDMT5
  6
X4
100
AcDbLine
 10
397936.7688523714
 20
3191349.682304821
 30
0.0
 11
397936.7688523714
 21
3191583.182304821
 31
0.0
  0
LINE
  5
C84
102
{ACAD_REACTORS
330
EE0
102
}
330
18
100
AcDbEntity
  8
ZDMT5
  6
X4
100
AcDbLine
 10
398107.4178249878
 20
3191349.682304821
 30
0.0
 11
398107.4178249878
 21
3191591.882304822
 31
0.0
  0
LINE
  5
C85
102
{ACAD_REACTORS
330
EE0
102
}
330
18
100
AcDbEntity
  8
ZDMT5
  6
X4
100
AcDbLine
 10
398157.3662647211
 20
3191349.682304821
 30
0.0
 11
398157.3662647211
 21
3191634.682304821
 31
0.0
  0
LINE
  5
C86
102
{ACAD_REACTORS
330
EE0
102
}
330
18
100
AcDbEntity
  8
ZDMT5
  6
X4
100
AcDbLine
 10
398226.8989858833
 20
3191349.682304821
 30
0.0
 11
398226.8989858833
 21
3191638.682304821
 31
0.0
  0
LINE
  5
C87
102
{ACAD_REACTORS
330
EE0
102
}
330
18
100
AcDbEntity
  8
ZDMT5
  6
X4
100
AcDbLine
 10
398300.5466378932
 20
3191349.682304821
 30
0.0
 11
398300.5466378932
 21
3191611.982304821
 31
0.0
  0
LINE
  5
C88
102
{ACAD_REACTORS
330
EE0
102
}
330
18
100
AcDbEntity
  8
ZDMT5
  6
X4
100
AcDbLine
 10
398411.994134008
 20
3191349.682304821
 30
0.0
 11
398411.994134008
 21
3191602.182304821
 31
0.0
  0
LINE
  5
C89
102
{ACAD_REACTORS
330
EE0
102
}
330
18
100
AcDbEntity
  8
ZDMT5
  6
X4
100
AcDbLine
 10
398609.977051279
 20
3191349.682304821
 30
0.0
 11
398609.977051279
 21
3191580.782304822
 31
0.0
  0
LINE
  5
C8A
102
{ACAD_REACTORS
330
EE0
102
}
330
18
100
AcDbEntity
  8
ZDMT5
  6
X4
100
AcDbLine
 10
398954.1369664127
 20
3191349.682304821
 30
0.0
 11
398954.1369664127
 21
3191580.582304821
 31
0.0
  0
TEXT
  5
C8B
102
{ACAD_REACTORS
330
EE0
102
}
330
18
100
AcDbEntity
  8
ZDMT5
  6
Continuous
100
AcDbText
 10
398857.7845854603
 20
3191684.682304821
 30
0.0
 40
5.0
  1
比例尺:  横向 1:100  纵向 1:100
 41
0.8
  7
HZ
 72
     2
 11
398949.1369664127
 21
3191684.682304821
 31
0.0
100
AcDbText
  0
TEXT
  5
C8C
330
18
100
AcDbEntity
  8
DLSS
  6
Continuous
100
AcDbText
 10
391442.9094043567
 20
3191819.233457783
 30
0.0
 40
20.0
  1
西支上游500米
 41
0.8
  7
HZ
 72
     4
 11
391509.4998805472
 21
3191829.233457783
 31
0.0
100
AcDbText
1001
SOUTH
1000
160009
1001
S_GXRQ
1071
1757073117
  0
LINE
  5
C8D
102
{ACAD_REACTORS
330
EE1
102
}
330
18
100
AcDbEntity
  8
zdm1
  6
Continuous
100
AcDbLine
 10
391464.6997392006
 20
3190137.873179401
 30
0.0
 11
398315.5979902491
 21
3190137.873179401
 31
0.0
1001
SOUTH
1000
991000
1040
100.0
1040
100.0
1040
0.0
1040
-4.0
1001
S_GXRQ
1071
1757073117
  0
LINE
  5
C8E
102
{ACAD_REACTORS
330
EE1
102
}
330
18
100
AcDbEntity
  8
zdm1
  6
Continuous
100
AcDbLine
 10
391419.6997392006
 20
3190137.873179401
 30
0.0
 11
391464.6997392006
 21
3190137.873179401
 31
0.0
  0
LINE
  5
C8F
102
{ACAD_REACTORS
330
EE1
102
}
330
18
100
AcDbEntity
  8
zdm1
  6
Continuous
100
AcDbLine
 10
391419.6997392006
 20
3190122.873179401
 30
0.0
 11
398315.5979902491
 21
3190122.873179401
 31
0.0
  0
LINE
  5
C90
102
{ACAD_REACTORS
330
EE1
102
}
330
18
100
AcDbEntity
  8
zdm1
  6
Continuous
100
AcDbLine
 10
391419.6997392006
 20
3190102.873179401
 30
0.0
 11
398315.5979902491
 21
3190102.873179401
 31
0.0
  0
LINE
  5
C91
102
{ACAD_REACTORS
330
EE1
102
}
330
18
100
AcDbEntity
  8
zdm1
  6
Continuous
100
AcDbLine
 10
391419.6997392006
 20
3190102.873179401
 30
0.0
 11
391419.6997392006
 21
3190137.873179401
 31
0.0
  0
LINE
  5
C92
102
{ACAD_REACTORS
330
EE1
102
}
330
18
100
AcDbEntity
  8
zdm1
  6
Continuous
100
AcDbLine
 10
391459.6997392006
 20
3190102.873179401
 30
0.0
 11
391459.6997392006
 21
3190137.873179401
 31
0.0
  0
TEXT
  5
C93
102
{ACAD_REACTORS
330
EE1
102
}
330
18
100
AcDbEntity
  8
zdm1
  6
Continuous
100
AcDbText
 10
391422.5797392006
 20
3190127.373179401
 30
0.0
 40
6.0
  1
地 面 高 程
 41
0.8
  7
HZ
 72
     4
 11
391439.6997392006
 21
3190130.373179401
 31
0.0
100
AcDbText
  0
TEXT
  5
C94
102
{ACAD_REACTORS
330
EE1
102
}
330
18
100
AcDbEntity
  8
zdm1
  6
Continuous
100
AcDbText
 10
391425.2997392006
 20
3190109.873179401
 30
0.0
 40
6.0
  1
距    离
 41
0.8
  7
HZ
 72
     4
 11
391439.6997392006
 21
3190112.873179401
 31
0.0
100
AcDbText
  0
LWPOLYLINE
  5
C95
102
{ACAD_REACTORS
330
EE1
102
}
330
18
100
AcDbEntity
  8
zdm1
  6
Continuous
100
AcDbPolyline
 90
        2
 70
   128
 43
1.0
 43
1.0
 10
391459.6997392006
 20
3190147.873179401
 10
391459.6997392006
 20
3190157.873179401
  0
LWPOLYLINE
  5
C96
102
{ACAD_REACTORS
330
EE1
102
}
330
18
100
AcDbEntity
  8
zdm1
  6
Continuous
100
AcDbPolyline
 90
        2
 70
   128
 43
1.0
 43
1.0
 10
398315.5979902491
 20
3190147.873179401
 10
398315.5979902491
 20
3190157.873179401
  0
LWPOLYLINE
  5
C97
102
{ACAD_REACTORS
330
EE1
102
}
330
18
100
AcDbEntity
  8
zdm1
  6
Continuous
100
AcDbPolyline
 90
        2
 70
   128
 43
1.0
 43
1.0
 10
391459.6997392006
 20
3190167.873179401
 10
391459.6997392006
 20
3190177.873179401
  0
LWPOLYLINE
  5
C98
102
{ACAD_REACTORS
330
EE1
102
}
330
18
100
AcDbEntity
  8
zdm1
  6
Continuous
100
AcDbPolyline
 90
        2
 70
   128
 43
1.0
 43
1.0
 10
398315.5979902491
 20
3190167.873179401
 10
398315.5979902491
 20
3190177.873179401
  0
LWPOLYLINE
  5
C99
102
{ACAD_REACTORS
330
EE1
102
}
330
18
100
AcDbEntity
  8
zdm1
  6
Continuous
100
AcDbPolyline
 90
        2
 70
   128
 43
1.0
 43
1.0
 10
391459.6997392006
 20
3190187.873179401
 10
391459.6997392006
 20
3190197.873179401
  0
LWPOLYLINE
  5
C9A
102
{ACAD_REACTORS
330
EE1
102
}
330
18
100
AcDbEntity
  8
zdm1
  6
Continuous
100
AcDbPolyline
 90
        2
 70
   128
 43
1.0
 43
1.0
 10
398315.5979902491
 20
3190187.873179401
 10
398315.5979902491
 20
3190197.873179401
  0
LWPOLYLINE
  5
C9B
102
{ACAD_REACTORS
330
EE1
102
}
330
18
100
AcDbEntity
  8
zdm1
  6
Continuous
100
AcDbPolyline
 90
        2
 70
   128
 43
1.0
 43
1.0
 10
391459.6997392006
 20
3190207.873179401
 10
391459.6997392006
 20
3190217.873179401
  0
LWPOLYLINE
  5
C9C
102
{ACAD_REACTORS
330
EE1
102
}
330
18
100
AcDbEntity
  8
zdm1
  6
Continuous
100
AcDbPolyline
 90
        2
 70
   128
 43
1.0
 43
1.0
 10
398315.5979902491
 20
3190207.873179401
 10
398315.5979902491
 20
3190217.873179401
  0
LWPOLYLINE
  5
C9D
102
{ACAD_REACTORS
330
EE1
102
}
330
18
100
AcDbEntity
  8
zdm1
  6
Continuous
100
AcDbPolyline
 90
        2
 70
   128
 43
1.0
 43
1.0
 10
391459.6997392006
 20
3190227.873179401
 10
391459.6997392006
 20
3190237.873179401
  0
LWPOLYLINE
  5
C9E
102
{ACAD_REACTORS
330
EE1
102
}
330
18
100
AcDbEntity
  8
zdm1
  6
Continuous
100
AcDbPolyline
 90
        2
 70
   128
 43
1.0
 43
1.0
 10
398315.5979902491
 20
3190227.873179401
 10
398315.5979902491
 20
3190237.873179401
  0
LWPOLYLINE
  5
C9F
102
{ACAD_REACTORS
330
EE1
102
}
330
18
100
AcDbEntity
  8
zdm1
  6
Continuous
100
AcDbPolyline
 90
        2
 70
   128
 43
1.0
 43
1.0
 10
391459.6997392006
 20
3190247.873179401
 10
391459.6997392006
 20
3190257.873179401
  0
LWPOLYLINE
  5
CA0
102
{ACAD_REACTORS
330
EE1
102
}
330
18
100
AcDbEntity
  8
zdm1
  6
Continuous
100
AcDbPolyline
 90
        2
 70
   128
 43
1.0
 43
1.0
 10
398315.5979902491
 20
3190247.873179401
 10
398315.5979902491
 20
3190257.873179401
  0
LWPOLYLINE
  5
CA1
102
{ACAD_REACTORS
330
EE1
102
}
330
18
100
AcDbEntity
  8
zdm1
  6
Continuous
100
AcDbPolyline
 90
        2
 70
   128
 43
1.0
 43
1.0
 10
391459.6997392006
 20
3190267.873179401
 10
391459.6997392006
 20
3190277.873179401
  0
LWPOLYLINE
  5
CA2
102
{ACAD_REACTORS
330
EE1
102
}
330
18
100
AcDbEntity
  8
zdm1
  6
Continuous
100
AcDbPolyline
 90
        2
 70
   128
 43
1.0
 43
1.0
 10
398315.5979902491
 20
3190267.873179401
 10
398315.5979902491
 20
3190277.873179401
  0
LWPOLYLINE
  5
CA3
102
{ACAD_REACTORS
330
EE1
102
}
330
18
100
AcDbEntity
  8
zdm1
  6
Continuous
100
AcDbPolyline
 90
        2
 70
   128
 43
1.0
 43
1.0
 10
391459.6997392006
 20
3190287.873179401
 10
391459.6997392006
 20
3190297.873179401
  0
LWPOLYLINE
  5
CA4
102
{ACAD_REACTORS
330
EE1
102
}
330
18
100
AcDbEntity
  8
zdm1
  6
Continuous
100
AcDbPolyline
 90
        2
 70
   128
 43
1.0
 43
1.0
 10
398315.5979902491
 20
3190287.873179401
 10
398315.5979902491
 20
3190297.873179401
  0
LWPOLYLINE
  5
CA5
102
{ACAD_REACTORS
330
EE1
102
}
330
18
100
AcDbEntity
  8
zdm1
  6
Continuous
100
AcDbPolyline
 90
        2
 70
   128
 43
1.0
 43
1.0
 10
391459.6997392006
 20
3190307.873179401
 10
391459.6997392006
 20
3190317.873179401
  0
LWPOLYLINE
  5
CA6
102
{ACAD_REACTORS
330
EE1
102
}
330
18
100
AcDbEntity
  8
zdm1
  6
Continuous
100
AcDbPolyline
 90
        2
 70
   128
 43
1.0
 43
1.0
 10
398315.5979902491
 20
3190307.873179401
 10
398315.5979902491
 20
3190317.873179401
  0
LWPOLYLINE
  5
CA7
102
{ACAD_REACTORS
330
EE1
102
}
330
18
100
AcDbEntity
  8
zdm1
  6
Continuous
100
AcDbPolyline
 90
        2
 70
   128
 43
1.0
 43
1.0
 10
391459.6997392006
 20
3190327.873179401
 10
391459.6997392006
 20
3190337.873179401
  0
LWPOLYLINE
  5
CA8
102
{ACAD_REACTORS
330
EE1
102
}
330
18
100
AcDbEntity
  8
zdm1
  6
Continuous
100
AcDbPolyline
 90
        2
 70
   128
 43
1.0
 43
1.0
 10
398315.5979902491
 20
3190327.873179401
 10
398315.5979902491
 20
3190337.873179401
  0
LWPOLYLINE
  5
CA9
102
{ACAD_REACTORS
330
EE1
102
}
330
18
100
AcDbEntity
  8
zdm1
  6
Continuous
100
AcDbPolyline
 90
        2
 70
   128
 43
1.0
 43
1.0
 10
391459.6997392006
 20
3190347.873179401
 10
391459.6997392006
 20
3190357.873179401
  0
LWPOLYLINE
  5
CAA
102
{ACAD_REACTORS
330
EE1
102
}
330
18
100
AcDbEntity
  8
zdm1
  6
Continuous
100
AcDbPolyline
 90
        2
 70
   128
 43
1.0
 43
1.0
 10
398315.5979902491
 20
3190347.873179401
 10
398315.5979902491
 20
3190357.873179401
  0
LWPOLYLINE
  5
CAB
102
{ACAD_REACTORS
330
EE1
102
}
330
18
100
AcDbEntity
  8
zdm1
  6
Continuous
100
AcDbPolyline
 90
        2
 70
   128
 43
1.0
 43
1.0
 10
391459.6997392006
 20
3190367.873179401
 10
391459.6997392006
 20
3190377.873179401
  0
LWPOLYLINE
  5
CAC
102
{ACAD_REACTORS
330
EE1
102
}
330
18
100
AcDbEntity
  8
zdm1
  6
Continuous
100
AcDbPolyline
 90
        2
 70
   128
 43
1.0
 43
1.0
 10
398315.5979902491
 20
3190367.873179401
 10
398315.5979902491
 20
3190377.873179401
  0
LWPOLYLINE
  5
CAD
102
{ACAD_REACTORS
330
EE1
102
}
330
18
100
AcDbEntity
  8
zdm1
  6
Continuous
100
AcDbPolyline
 90
        2
 70
   128
 43
1.0
 43
1.0
 10
391459.6997392006
 20
3190387.873179401
 10
391459.6997392006
 20
3190397.873179401
  0
LWPOLYLINE
  5
CAE
102
{ACAD_REACTORS
330
EE1
102
}
330
18
100
AcDbEntity
  8
zdm1
  6
Continuous
100
AcDbPolyline
 90
        2
 70
   128
 43
1.0
 43
1.0
 10
398315.5979902491
 20
3190387.873179401
 10
398315.5979902491
 20
3190397.873179401
  0
LWPOLYLINE
  5
CAF
102
{ACAD_REACTORS
330
EE1
102
}
330
18
100
AcDbEntity
  8
zdm1
  6
Continuous
100
AcDbPolyline
 90
        2
 70
   128
 43
1.0
 43
1.0
 10
391459.6997392006
 20
3190407.873179401
 10
391459.6997392006
 20
3190417.873179401
  0
LWPOLYLINE
  5
CB0
102
{ACAD_REACTORS
330
EE1
102
}
330
18
100
AcDbEntity
  8
zdm1
  6
Continuous
100
AcDbPolyline
 90
        2
 70
   128
 43
1.0
 43
1.0
 10
398315.5979902491
 20
3190407.873179401
 10
398315.5979902491
 20
3190417.873179401
  0
LWPOLYLINE
  5
CB1
102
{ACAD_REACTORS
330
EE1
102
}
330
18
100
AcDbEntity
  8
zdm1
  6
Continuous
100
AcDbPolyline
 90
        2
 70
   128
 43
1.0
 43
1.0
 10
391459.6997392006
 20
3190427.873179401
 10
391459.6997392006
 20
3190437.873179401
  0
LWPOLYLINE
  5
CB2
102
{ACAD_REACTORS
330
EE1
102
}
330
18
100
AcDbEntity
  8
zdm1
  6
Continuous
100
AcDbPolyline
 90
        2
 70
   128
 43
1.0
 43
1.0
 10
398315.5979902491
 20
3190427.873179401
 10
398315.5979902491
 20
3190437.873179401
  0
LWPOLYLINE
  5
CB3
102
{ACAD_REACTORS
330
EE1
102
}
330
18
100
AcDbEntity
  8
zdm1
  6
Continuous
100
AcDbPolyline
 90
        2
 70
   128
 43
1.0
 43
1.0
 10
391459.6997392006
 20
3190447.873179401
 10
391459.6997392006
 20
3190457.873179401
  0
LWPOLYLINE
  5
CB4
102
{ACAD_REACTORS
330
EE1
102
}
330
18
100
AcDbEntity
  8
zdm1
  6
Continuous
100
AcDbPolyline
 90
        2
 70
   128
 43
1.0
 43
1.0
 10
398315.5979902491
 20
3190447.873179401
 10
398315.5979902491
 20
3190457.873179401
  0
LWPOLYLINE
  5
CB5
102
{ACAD_REACTORS
330
EE1
102
}
330
18
100
AcDbEntity
  8
zdm1
  6
Continuous
100
AcDbPolyline
 90
        2
 70
   128
 43
1.0
 43
1.0
 10
391459.6997392006
 20
3190467.873179401
 10
391459.6997392006
 20
3190477.873179401
  0
LWPOLYLINE
  5
CB6
102
{ACAD_REACTORS
330
EE1
102
}
330
18
100
AcDbEntity
  8
zdm1
  6
Continuous
100
AcDbPolyline
 90
        2
 70
   128
 43
1.0
 43
1.0
 10
398315.5979902491
 20
3190467.873179401
 10
398315.5979902491
 20
3190477.873179401
  0
LWPOLYLINE
  5
CB7
102
{ACAD_REACTORS
330
EE1
102
}
330
18
100
AcDbEntity
  8
zdm1
  6
Continuous
100
AcDbPolyline
 90
        2
 70
   128
 43
1.0
 43
1.0
 10
391459.6997392006
 20
3190487.873179401
 10
391459.6997392006
 20
3190497.873179401
  0
LWPOLYLINE
  5
CB8
102
{ACAD_REACTORS
330
EE1
102
}
330
18
100
AcDbEntity
  8
zdm1
  6
Continuous
100
AcDbPolyline
 90
        2
 70
   128
 43
1.0
 43
1.0
 10
398315.5979902491
 20
3190487.873179401
 10
398315.5979902491
 20
3190497.873179401
  0
LINE
  5
CB9
102
{ACAD_REACTORS
330
EE1
102
}
330
18
100
AcDbEntity
  8
zdm1
  6
Continuous
100
AcDbLine
 10
391459.1997392006
 20
3190137.873179401
 30
0.0
 11
391459.1997392006
 21
3190487.873179401
 31
0.0
  0
LINE
  5
CBA
102
{ACAD_REACTORS
330
EE1
102
}
330
18
100
AcDbEntity
  8
zdm1
  6
Continuous
100
AcDbLine
 10
391460.1997392006
 20
3190137.873179401
 30
0.0
 11
391460.1997392006
 21
3190487.873179401
 31
0.0
  0
LINE
  5
CBB
102
{ACAD_REACTORS
330
EE1
102
}
330
18
100
AcDbEntity
  8
zdm1
  6
Continuous
100
AcDbLine
 10
398315.0979902491
 20
3190137.873179401
 30
0.0
 11
398315.0979902491
 21
3190487.873179401
 31
0.0
  0
LINE
  5
CBC
102
{ACAD_REACTORS
330
EE1
102
}
330
18
100
AcDbEntity
  8
zdm1
  6
Continuous
100
AcDbLine
 10
398316.0979902491
 20
3190137.873179401
 30
0.0
 11
398316.0979902491
 21
3190487.873179401
 31
0.0
  0
LINE
  5
CBD
102
{ACAD_REACTORS
330
EE1
102
}
330
18
100
AcDbEntity
  8
zdm1
  6
X4
100
AcDbLine
 10
391449.6997392006
 20
3190177.873179401
 30
0.0
 11
398325.5979902491
 21
3190177.873179401
 31
0.0
  0
TEXT
  5
CBE
102
{ACAD_REACTORS
330
EE1
102
}
330
18
100
AcDbEntity
  8
zdm1
  6
Continuous
100
AcDbText
 10
391456.7568820578
 20
3190177.873179401
 30
0.0
 40
3.0
  1
0
 41
0.8
  7
HZ
 72
     2
 11
391458.6997392006
 21
3190177.873179401
 31
0.0
100
AcDbText
  0
TEXT
  5
CBF
102
{ACAD_REACTORS
330
EE1
102
}
330
18
100
AcDbEntity
  8
zdm1
  6
Continuous
100
AcDbText
 10
398316.5979902491
 20
3190177.873179401
 30
0.0
 40
3.0
  1
0
 41
0.8
  7
HZ
 11
0.0
 21
0.0
 31
0.0
100
AcDbText
  0
LINE
  5
CC0
102
{ACAD_REACTORS
330
EE1
102
}
330
18
100
AcDbEntity
  8
zdm1
  6
X4
100
AcDbLine
 10
391449.6997392006
 20
3190227.873179401
 30
0.0
 11
398325.5979902491
 21
3190227.873179401
 31
0.0
  0
TEXT
  5
CC1
102
{ACAD_REACTORS
330
EE1
102
}
330
18
100
AcDbEntity
  8
zdm1
  6
Continuous
100
AcDbText
 10
391456.7568820578
 20
3190227.873179401
 30
0.0
 40
3.0
  1
5
 41
0.8
  7
HZ
 72
     2
 11
391458.6997392006
 21
3190227.873179401
 31
0.0
100
AcDbText
  0
TEXT
  5
CC2
102
{ACAD_REACTORS
330
EE1
102
}
330
18
100
AcDbEntity
  8
zdm1
  6
Continuous
100
AcDbText
 10
398316.5979902491
 20
3190227.873179401
 30
0.0
 40
3.0
  1
5
 41
0.8
  7
HZ
 11
0.0
 21
0.0
 31
0.0
100
AcDbText
  0
LINE
  5
CC3
102
{ACAD_REACTORS
330
EE1
102
}
330
18
100
AcDbEntity
  8
zdm1
  6
X4
100
AcDbLine
 10
391449.6997392006
 20
3190277.873179401
 30
0.0
 11
398325.5979902491
 21
3190277.873179401
 31
0.0
  0
TEXT
  5
CC4
102
{ACAD_REACTORS
330
EE1
102
}
330
18
100
AcDbEntity
  8
zdm1
  6
Continuous
100
AcDbText
 10
391454.471167772
 20
3190277.873179401
 30
0.0
 40
3.0
  1
10
 41
0.8
  7
HZ
 72
     2
 11
391458.6997392006
 21
3190277.873179401
 31
0.0
100
AcDbText
  0
TEXT
  5
CC5
102
{ACAD_REACTORS
330
EE1
102
}
330
18
100
AcDbEntity
  8
zdm1
  6
Continuous
100
AcDbText
 10
398316.5979902491
 20
3190277.873179401
 30
0.0
 40
3.0
  1
10
 41
0.8
  7
HZ
 11
0.0
 21
0.0
 31
0.0
100
AcDbText
  0
LINE
  5
CC6
102
{ACAD_REACTORS
330
EE1
102
}
330
18
100
AcDbEntity
  8
zdm1
  6
X4
100
AcDbLine
 10
391449.6997392006
 20
3190327.873179401
 30
0.0
 11
398325.5979902491
 21
3190327.873179401
 31
0.0
  0
TEXT
  5
CC7
102
{ACAD_REACTORS
330
EE1
102
}
330
18
100
AcDbEntity
  8
zdm1
  6
Continuous
100
AcDbText
 10
391454.471167772
 20
3190327.873179401
 30
0.0
 40
3.0
  1
15
 41
0.8
  7
HZ
 72
     2
 11
391458.6997392006
 21
3190327.873179401
 31
0.0
100
AcDbText
  0
TEXT
  5
CC8
102
{ACAD_REACTORS
330
EE1
102
}
330
18
100
AcDbEntity
  8
zdm1
  6
Continuous
100
AcDbText
 10
398316.5979902491
 20
3190327.873179401
 30
0.0
 40
3.0
  1
15
 41
0.8
  7
HZ
 11
0.0
 21
0.0
 31
0.0
100
AcDbText
  0
LINE
  5
CC9
102
{ACAD_REACTORS
330
EE1
102
}
330
18
100
AcDbEntity
  8
zdm1
  6
X4
100
AcDbLine
 10
391449.6997392006
 20
3190377.873179401
 30
0.0
 11
398325.5979902491
 21
3190377.873179401
 31
0.0
  0
TEXT
  5
CCA
102
{ACAD_REACTORS
330
EE1
102
}
330
18
100
AcDbEntity
  8
zdm1
  6
Continuous
100
AcDbText
 10
391454.471167772
 20
3190377.873179401
 30
0.0
 40
3.0
  1
20
 41
0.8
  7
HZ
 72
     2
 11
391458.6997392006
 21
3190377.873179401
 31
0.0
100
AcDbText
  0
TEXT
  5
CCB
102
{ACAD_REACTORS
330
EE1
102
}
330
18
100
AcDbEntity
  8
zdm1
  6
Continuous
100
AcDbText
 10
398316.5979902491
 20
3190377.873179401
 30
0.0
 40
3.0
  1
20
 41
0.8
  7
HZ
 11
0.0
 21
0.0
 31
0.0
100
AcDbText
  0
LINE
  5
CCC
102
{ACAD_REACTORS
330
EE1
102
}
330
18
100
AcDbEntity
  8
zdm1
  6
X4
100
AcDbLine
 10
391449.6997392006
 20
3190427.873179401
 30
0.0
 11
398325.5979902491
 21
3190427.873179401
 31
0.0
  0
TEXT
  5
CCD
102
{ACAD_REACTORS
330
EE1
102
}
330
18
100
AcDbEntity
  8
zdm1
  6
Continuous
100
AcDbText
 10
391454.471167772
 20
3190427.873179401
 30
0.0
 40
3.0
  1
25
 41
0.8
  7
HZ
 72
     2
 11
391458.6997392006
 21
3190427.873179401
 31
0.0
100
AcDbText
  0
TEXT
  5
CCE
102
{ACAD_REACTORS
330
EE1
102
}
330
18
100
AcDbEntity
  8
zdm1
  6
Continuous
100
AcDbText
 10
398316.5979902491
 20
3190427.873179401
 30
0.0
 40
3.0
  1
25
 41
0.8
  7
HZ
 11
0.0
 21
0.0
 31
0.0
100
AcDbText
  0
LINE
  5
CCF
102
{ACAD_REACTORS
330
EE1
102
}
330
18
100
AcDbEntity
  8
zdm1
  6
X4
100
AcDbLine
 10
391449.6997392006
 20
3190477.873179401
 30
0.0
 11
398325.5979902491
 21
3190477.873179401
 31
0.0
  0
TEXT
  5
CD0
102
{ACAD_REACTORS
330
EE1
102
}
330
18
100
AcDbEntity
  8
zdm1
  6
Continuous
100
AcDbText
 10
391454.471167772
 20
3190477.873179401
 30
0.0
 40
3.0
  1
30
 41
0.8
  7
HZ
 72
     2
 11
391458.6997392006
 21
3190477.873179401
 31
0.0
100
AcDbText
  0
TEXT
  5
CD1
102
{ACAD_REACTORS
330
EE1
102
}
330
18
100
AcDbEntity
  8
zdm1
  6
Continuous
100
AcDbText
 10
398316.5979902491
 20
3190477.873179401
 30
0.0
 40
3.0
  1
30
 41
0.8
  7
HZ
 11
0.0
 21
0.0
 31
0.0
100
AcDbText
  0
LWPOLYLINE
  5
CD2
102
{ACAD_REACTORS
330
EE1
102
}
330
18
100
AcDbEntity
  8
DMX
  6
Continuous
100
AcDbPolyline
 90
       35
 70
   128
 43
0.0
 10
391464.6997392006
 20
3190410.873179401
 10
391647.812772936
 20
3190410.873179401
 10
391947.0207672653
 20
3190453.873179401
 10
392309.5780908256
 20
3190461.073179401
 10
392360.9478241567
 20
3190436.873179401
 10
392435.2437263253
 20
3190421.773179401
 10
392478.8531509324
 20
3190391.873179401
 10
392573.6830557744
 20
3190394.373179401
 10
392594.1898979801
 20
3190380.273179401
 10
392633.067665739
 20
3190361.873179401
 10
392817.5120254812
 20
3190339.973179401
 10
392835.5928851632
 20
3190312.873179401
 10
393122.9721282761
 20
3190264.113179401
 10
393284.3073093977
 20
3190238.993179401
 10
393483.1737126947
 20
3190217.303179401
 10
393784.2758907463
 20
3190186.033179401
 10
394063.8098846035
 20
3190177.853179401
 10
394284.2444720954
 20
3190172.143179401
 10
394817.8594785192
 20
3190172.983179401
 10
395343.2810411606
 20
3190177.413179401
 10
395504.6162222822
 20
3190185.923179401
 10
395703.4826255798
 20
3190204.083179401
 10
396004.5848036313
 20
3190271.703179401
 10
396203.4512069284
 20
3190303.083179401
 10
396391.5944538453
 20
3190351.873179401
 10
396568.2737752192
 20
3190362.873179401
 10
396610.6580091715
 20
3190360.173179401
 10
396902.9960460488
 20
3190358.873179401
 10
397092.2295046634
 20
3190372.873179401
 10
397233.1109416764
 20
3190374.073179401
 10
397340.4135810329
 20
3190411.873179401
 10
397410.4541663199
 20
3190411.873179401
 10
397479.4200205221
 20
3190378.173179401
 10
397902.7788533197
 20
3190360.073179401
 10
398310.5979902491
 20
3190358.273179401
  0
TEXT
  5
CD3
102
{ACAD_REACTORS
330
EE1
102
}
330
18
100
AcDbEntity
  8
ZDMT5
  6
Continuous
100
AcDbText
 10
391463.7997392006
 20
3190110.016036544
 30
0.0
 40
3.0
  1
0.0
 50
90.0
 41
0.8
  7
HZ
 72
     1
 11
391464.1997392006
 21
3190112.873179401
 31
0.0
100
AcDbText
 73
     1
  0
TEXT
  5
CD4
102
{ACAD_REACTORS
330
EE1
102
}
330
18
100
AcDbEntity
  8
ZDMT5
  6
Continuous
100
AcDbText
 10
391463.7997392006
 20
3190125.230322259
 30
0.0
 40
3.0
  1
23.30
 50
90.0
 41
0.8
  7
HZ
 72
     1
 11
391464.1997392006
 21
3190130.373179401
 31
0.0
100
AcDbText
 73
     1
  0
LINE
  5
CD5
102
{ACAD_REACTORS
330
EE1
102
}
330
18
100
AcDbEntity
  8
ZDMT5
  6
Continuous
100
AcDbLine
 10
391464.6997392006
 20
3190102.873179401
 30
0.0
 11
391464.6997392006
 21
3190137.873179401
 31
0.0
  0
TEXT
  5
CD6
102
{ACAD_REACTORS
330
EE1
102
}
330
18
100
AcDbEntity
  8
ZDMT5
  6
Continuous
100
AcDbText
 10
391646.912772936
 20
3190108.70175083
 30
0.0
 40
3.0
  1
18.3
 50
90.0
 41
0.8
  7
HZ
 72
     1
 11
391647.312772936
 21
3190112.873179401
 31
0.0
100
AcDbText
 73
     1
  0
TEXT
  5
CD7
102
{ACAD_REACTORS
330
EE1
102
}
330
18
100
AcDbEntity
  8
ZDMT5
  6
Continuous
100
AcDbText
 10
391646.912772936
 20
3190125.230322259
 30
0.0
 40
3.0
  1
23.30
 50
90.0
 41
0.8
  7
HZ
 72
     1
 11
391647.312772936
 21
3190130.373179401
 31
0.0
100
AcDbText
 73
     1
  0
LINE
  5
CD8
102
{ACAD_REACTORS
330
EE1
102
}
330
18
100
AcDbEntity
  8
ZDMT5
  6
Continuous
100
AcDbLine
 10
391647.812772936
 20
3190102.873179401
 30
0.0
 11
391647.812772936
 21
3190137.873179401
 31
0.0
  0
TEXT
  5
CD9
102
{ACAD_REACTORS
330
EE1
102
}
330
18
100
AcDbEntity
  8
ZDMT5
  6
Continuous
100
AcDbText
 10
391946.1207672653
 20
3190108.873179401
 30
0.0
 40
3.0
  1
48.2
 50
90.0
 41
0.8
  7
HZ
 72
     1
 11
391946.5207672653
 21
3190112.873179401
 31
0.0
100
AcDbText
 73
     1
  0
TEXT
  5
CDA
102
{ACAD_REACTORS
330
EE1
102
}
330
18
100
AcDbEntity
  8
ZDMT5
  6
Continuous
100
AcDbText
 10
391946.1207672653
 20
3190125.230322259
 30
0.0
 40
3.0
  1
27.60
 50
90.0
 41
0.8
  7
HZ
 72
     1
 11
391946.5207672653
 21
3190130.373179401
 31
0.0
100
AcDbText
 73
     1
  0
LINE
  5
CDB
102
{ACAD_REACTORS
330
EE1
102
}
330
18
100
AcDbEntity
  8
ZDMT5
  6
Continuous
100
AcDbLine
 10
391947.0207672653
 20
3190102.873179401
 30
0.0
 11
391947.0207672653
 21
3190137.873179401
 31
0.0
  0
TEXT
  5
CDC
102
{ACAD_REACTORS
330
EE1
102
}
330
18
100
AcDbEntity
  8
ZDMT5
  6
Continuous
100
AcDbText
 10
392308.6780908256
 20
3190108.873179401
 30
0.0
 40
3.0
  1
84.5
 50
90.0
 41
0.8
  7
HZ
 72
     1
 11
392309.0780908256
 21
3190112.873179401
 31
0.0
100
AcDbText
 73
     1
  0
TEXT
  5
CDD
102
{ACAD_REACTORS
330
EE1
102
}
330
18
100
AcDbEntity
  8
ZDMT5
  6
Continuous
100
AcDbText
 10
392308.6780908256
 20
3190125.230322259
 30
0.0
 40
3.0
  1
28.32
 50
90.0
 41
0.8
  7
HZ
 72
     1
 11
392309.0780908256
 21
3190130.373179401
 31
0.0
100
AcDbText
 73
     1
  0
LINE
  5
CDE
102
{ACAD_REACTORS
330
EE1
102
}
330
18
100
AcDbEntity
  8
ZDMT5
  6
Continuous
100
AcDbLine
 10
392309.5780908256
 20
3190102.873179401
 30
0.0
 11
392309.5780908256
 21
3190137.873179401
 31
0.0
  0
TEXT
  5
CDF
102
{ACAD_REACTORS
330
EE1
102
}
330
18
100
AcDbEntity
  8
ZDMT5
  6
Continuous
100
AcDbText
 10
392360.0478241566
 20
3190108.873179401
 30
0.0
 40
3.0
  1
89.6
 50
90.0
 41
0.8
  7
HZ
 72
     1
 11
392360.4478241567
 21
3190112.873179401
 31
0.0
100
AcDbText
 73
     1
  0
TEXT
  5
CE0
102
{ACAD_REACTORS
330
EE1
102
}
330
18
100
AcDbEntity
  8
ZDMT5
  6
Continuous
100
AcDbText
 10
392360.0478241566
 20
3190125.230322259
 30
0.0
 40
3.0
  1
25.90
 50
90.0
 41
0.8
  7
HZ
 72
     1
 11
392360.4478241567
 21
3190130.373179401
 31
0.0
100
AcDbText
 73
     1
  0
LINE
  5
CE1
102
{ACAD_REACTORS
330
EE1
102
}
330
18
100
AcDbEntity
  8
ZDMT5
  6
Continuous
100
AcDbLine
 10
392360.9478241567
 20
3190102.873179401
 30
0.0
 11
392360.9478241567
 21
3190137.873179401
 31
0.0
  0
TEXT
  5
CE2
102
{ACAD_REACTORS
330
EE1
102
}
330
18
100
AcDbEntity
  8
ZDMT5
  6
Continuous
100
AcDbText
 10
392434.3437263253
 20
3190109.216036544
 30
0.0
 40
3.0
  1
97.1
 50
90.0
 41
0.8
  7
HZ
 72
     1
 11
392434.7437263253
 21
3190112.873179401
 31
0.0
100
AcDbText
 73
     1
  0
TEXT
  5
CE3
102
{ACAD_REACTORS
330
EE1
102
}
330
18
100
AcDbEntity
  8
ZDMT5
  6
Continuous
100
AcDbText
 10
392434.3437263253
 20
3190125.287465116
 30
0.0
 40
3.0
  1
24.39
 50
90.0
 41
0.8
  7
HZ
 72
     1
 11
392434.7437263253
 21
3190130.373179401
 31
0.0
100
AcDbText
 73
     1
  0
LINE
  5
CE4
102
{ACAD_REACTORS
330
EE1
102
}
330
18
100
AcDbEntity
  8
ZDMT5
  6
Continuous
100
AcDbLine
 10
392435.2437263253
 20
3190102.873179401
 30
0.0
 11
392435.2437263253
 21
3190137.873179401
 31
0.0
  0
TEXT
  5
CE5
102
{ACAD_REACTORS
330
EE1
102
}
330
18
100
AcDbEntity
  8
ZDMT5
  6
Continuous
100
AcDbText
 10
392477.9531509324
 20
3190107.50175083
 30
0.0
 40
3.0
  1
101.4
 50
90.0
 41
0.8
  7
HZ
 72
     1
 11
392478.3531509324
 21
3190112.873179401
 31
0.0
100
AcDbText
 73
     1
  0
TEXT
  5
CE6
102
{ACAD_REACTORS
330
EE1
102
}
330
18
100
AcDbEntity
  8
ZDMT5
  6
Continuous
100
AcDbText
 10
392477.9531509324
 20
3190125.230322259
 30
0.0
 40
3.0
  1
21.40
 50
90.0
 41
0.8
  7
HZ
 72
     1
 11
392478.3531509324
 21
3190130.373179401
 31
0.0
100
AcDbText
 73
     1
  0
LINE
  5
CE7
102
{ACAD_REACTORS
330
EE1
102
}
330
18
100
AcDbEntity
  8
ZDMT5
  6
Continuous
100
AcDbLine
 10
392478.8531509324
 20
3190102.873179401
 30
0.0
 11
392478.8531509324
 21
3190137.873179401
 31
0.0
  0
TEXT
  5
CE8
102
{ACAD_REACTORS
330
EE1
102
}
330
18
100
AcDbEntity
  8
ZDMT5
  6
Continuous
100
AcDbText
 10
392572.7830557743
 20
3190107.616036544
 30
0.0
 40
3.0
  1
110.9
 50
90.0
 41
0.8
  7
HZ
 72
     1
 11
392573.1830557744
 21
3190112.873179401
 31
0.0
100
AcDbText
 73
     1
  0
TEXT
  5
CE9
102
{ACAD_REACTORS
330
EE1
102
}
330
18
100
AcDbEntity
  8
ZDMT5
  6
Continuous
100
AcDbText
 10
392572.7830557743
 20
3190125.230322259
 30
0.0
 40
3.0
  1
21.65
 50
90.0
 41
0.8
  7
HZ
 72
     1
 11
392573.1830557744
 21
3190130.373179401
 31
0.0
100
AcDbText
 73
     1
  0
LINE
  5
CEA
102
{ACAD_REACTORS
330
EE1
102
}
330
18
100
AcDbEntity
  8
ZDMT5
  6
Continuous
100
AcDbLine
 10
392573.6830557744
 20
3190102.873179401
 30
0.0
 11
392573.6830557744
 21
3190137.873179401
 31
0.0
  0
TEXT
  5
CEB
102
{ACAD_REACTORS
330
EE1
102
}
330
18
100
AcDbEntity
  8
ZDMT5
  6
Continuous
100
AcDbText
 10
392593.2898979801
 20
3190107.616036544
 30
0.0
 40
3.0
  1
112.9
 50
90.0
 41
0.8
  7
HZ
 72
     1
 11
392593.6898979801
 21
3190112.873179401
 31
0.0
100
AcDbText
 73
     1
  0
TEXT
  5
CEC
102
{ACAD_REACTORS
330
EE1
102
}
330
18
100
AcDbEntity
  8
ZDMT5
  6
Continuous
100
AcDbText
 10
392593.2898979801
 20
3190125.173179401
 30
0.0
 40
3.0
  1
20.24
 50
90.0
 41
0.8
  7
HZ
 72
     1
 11
392593.6898979801
 21
3190130.373179401
 31
0.0
100
AcDbText
 73
     1
  0
LINE
  5
CED
102
{ACAD_REACTORS
330
EE1
102
}
330
18
100
AcDbEntity
  8
ZDMT5
  6
Continuous
100
AcDbLine
 10
392594.1898979801
 20
3190102.873179401
 30
0.0
 11
392594.1898979801
 21
3190137.873179401
 31
0.0
  0
TEXT
  5
CEE
102
{ACAD_REACTORS
330
EE1
102
}
330
18
100
AcDbEntity
  8
ZDMT5
  6
Continuous
100
AcDbText
 10
392632.167665739
 20
3190107.558893687
 30
0.0
 40
3.0
  1
116.8
 50
90.0
 41
0.8
  7
HZ
 72
     1
 11
392632.567665739
 21
3190112.873179401
 31
0.0
100
AcDbText
 73
     1
  0
TEXT
  5
CEF
102
{ACAD_REACTORS
330
EE1
102
}
330
18
100
AcDbEntity
  8
ZDMT5
  6
Continuous
100
AcDbText
 10
392632.167665739
 20
3190125.058893687
 30
0.0
 40
3.0
  1
18.40
 50
90.0
 41
0.8
  7
HZ
 72
     1
 11
392632.567665739
 21
3190130.373179401
 31
0.0
100
AcDbText
 73
     1
  0
LINE
  5
CF0
102
{ACAD_REACTORS
330
EE1
102
}
330
18
100
AcDbEntity
  8
ZDMT5
  6
Continuous
100
AcDbLine
 10
392633.067665739
 20
3190102.873179401
 30
0.0
 11
392633.067665739
 21
3190137.873179401
 31
0.0
  0
TEXT
  5
CF1
102
{ACAD_REACTORS
330
EE1
102
}
330
18
100
AcDbEntity
  8
ZDMT5
  6
Continuous
100
AcDbText
 10
392816.6120254812
 20
3190107.558893687
 30
0.0
 40
3.0
  1
135.3
 50
90.0
 41
0.8
  7
HZ
 72
     1
 11
392817.0120254812
 21
3190112.873179401
 31
0.0
100
AcDbText
 73
     1
  0
TEXT
  5
CF2
102
{ACAD_REACTORS
330
EE1
102
}
330
18
100
AcDbEntity
  8
ZDMT5
  6
Continuous
100
AcDbText
 10
392816.6120254812
 20
3190125.40175083
 30
0.0
 40
3.0
  1
16.21
 50
90.0
 41
0.8
  7
HZ
 72
     1
 11
392817.0120254812
 21
3190130.373179401
 31
0.0
100
AcDbText
 73
     1
  0
LINE
  5
CF3
102
{ACAD_REACTORS
330
EE1
102
}
330
18
100
AcDbEntity
  8
ZDMT5
  6
Continuous
100
AcDbLine
 10
392817.5120254812
 20
3190102.873179401
 30
0.0
 11
392817.5120254812
 21
3190137.873179401
 31
0.0
  0
TEXT
  5
CF4
102
{ACAD_REACTORS
330
EE1
102
}
330
18
100
AcDbEntity
  8
ZDMT5
  6
Continuous
100
AcDbText
 10
392834.6928851632
 20
3190107.90175083
 30
0.0
 40
3.0
  1
137.1
 50
90.0
 41
0.8
  7
HZ
 72
     1
 11
392835.0928851632
 21
3190112.873179401
 31
0.0
100
AcDbText
 73
     1
  0
TEXT
  5
CF5
102
{ACAD_REACTORS
330
EE1
102
}
330
18
100
AcDbEntity
  8
ZDMT5
  6
Continuous
100
AcDbText
 10
392834.6928851632
 20
3190125.058893687
 30
0.0
 40
3.0
  1
13.50
 50
90.0
 41
0.8
  7
HZ
 72
     1
 11
392835.0928851632
 21
3190130.373179401
 31
0.0
100
AcDbText
 73
     1
  0
LINE
  5
CF6
102
{ACAD_REACTORS
330
EE1
102
}
330
18
100
AcDbEntity
  8
ZDMT5
  6
Continuous
100
AcDbLine
 10
392835.5928851632
 20
3190102.873179401
 30
0.0
 11
392835.5928851632
 21
3190137.873179401
 31
0.0
  0
TEXT
  5
CF7
102
{ACAD_REACTORS
330
EE1
102
}
330
18
100
AcDbEntity
  8
ZDMT5
  6
Continuous
100
AcDbText
 10
393122.072128276
 20
3190107.558893687
 30
0.0
 40
3.0
  1
165.8
 50
90.0
 41
0.8
  7
HZ
 72
     1
 11
393122.4721282761
 21
3190112.873179401
 31
0.0
100
AcDbText
 73
     1
  0
TEXT
  5
CF8
102
{ACAD_REACTORS
330
EE1
102
}
330
18
100
AcDbEntity
  8
ZDMT5
  6
Continuous
100
AcDbText
 10
393122.072128276
 20
3190126.373179401
 30
0.0
 40
3.0
  1
8.62
 50
90.0
 41
0.8
  7
HZ
 72
     1
 11
393122.4721282761
 21
3190130.373179401
 31
0.0
100
AcDbText
 73
     1
  0
LINE
  5
CF9
102
{ACAD_REACTORS
330
EE1
102
}
330
18
100
AcDbEntity
  8
ZDMT5
  6
Continuous
100
AcDbLine
 10
393122.9721282761
 20
3190102.873179401
 30
0.0
 11
393122.9721282761
 21
3190137.873179401
 31
0.0
  0
TEXT
  5
CFA
102
{ACAD_REACTORS
330
EE1
102
}
330
18
100
AcDbEntity
  8
ZDMT5
  6
Continuous
100
AcDbText
 10
393283.4073093977
 20
3190107.558893687
 30
0.0
 40
3.0
  1
182.0
 50
90.0
 41
0.8
  7
HZ
 72
     1
 11
393283.8073093977
 21
3190112.873179401
 31
0.0
100
AcDbText
 73
     1
  0
TEXT
  5
CFB
102
{ACAD_REACTORS
330
EE1
102
}
330
18
100
AcDbEntity
  8
ZDMT5
  6
Continuous
100
AcDbText
 10
393283.4073093977
 20
3190126.658893687
 30
0.0
 40
3.0
  1
6.11
 50
90.0
 41
0.8
  7
HZ
 72
     1
 11
393283.8073093977
 21
3190130.373179401
 31
0.0
100
AcDbText
 73
     1
  0
LINE
  5
CFC
102
{ACAD_REACTORS
330
EE1
102
}
330
18
100
AcDbEntity
  8
ZDMT5
  6
Continuous
100
AcDbLine
 10
393284.3073093977
 20
3190102.873179401
 30
0.0
 11
393284.3073093977
 21
3190137.873179401
 31
0.0
  0
TEXT
  5
CFD
102
{ACAD_REACTORS
330
EE1
102
}
330
18
100
AcDbEntity
  8
ZDMT5
  6
Continuous
100
AcDbText
 10
393482.2737126947
 20
3190107.730322259
 30
0.0
 40
3.0
  1
201.8
 50
90.0
 41
0.8
  7
HZ
 72
     1
 11
393482.6737126947
 21
3190112.873179401
 31
0.0
100
AcDbText
 73
     1
  0
TEXT
  5
CFE
102
{ACAD_REACTORS
330
EE1
102
}
330
18
100
AcDbEntity
  8
ZDMT5
  6
Continuous
100
AcDbText
 10
393482.2737126947
 20
3190126.316036544
 30
0.0
 40
3.0
  1
3.94
 50
90.0
 41
0.8
  7
HZ
 72
     1
 11
393482.6737126947
 21
3190130.373179401
 31
0.0
100
AcDbText
 73
     1
  0
LINE
  5
CFF
102
{ACAD_REACTORS
330
EE1
102
}
330
18
100
AcDbEntity
  8
ZDMT5
  6
Continuous
100
AcDbLine
 10
393483.1737126947
 20
3190102.873179401
 30
0.0
 11
393483.1737126947
 21
3190137.873179401
 31
0.0
  0
TEXT
  5
D00
102
{ACAD_REACTORS
330
EE1
102
}
330
18
100
AcDbEntity
  8
ZDMT5
  6
Continuous
100
AcDbText
 10
393783.3758907463
 20
3190107.730322259
 30
0.0
 40
3.0
  1
232.0
 50
90.0
 41
0.8
  7
HZ
 72
     1
 11
393783.7758907463
 21
3190112.873179401
 31
0.0
100
AcDbText
 73
     1
  0
TEXT
  5
D01
102
{ACAD_REACTORS
330
EE1
102
}
330
18
100
AcDbEntity
  8
ZDMT5
  6
Continuous
100
AcDbText
 10
393783.3758907463
 20
3190126.373179401
 30
0.0
 40
3.0
  1
0.82
 50
90.0
 41
0.8
  7
HZ
 72
     1
 11
393783.7758907463
 21
3190130.373179401
 31
0.0
100
AcDbText
 73
     1
  0
LINE
  5
D02
102
{ACAD_REACTORS
330
EE1
102
}
330
18
100
AcDbEntity
  8
ZDMT5
  6
Continuous
100
AcDbLine
 10
393784.2758907463
 20
3190102.873179401
 30
0.0
 11
393784.2758907463
 21
3190137.873179401
 31
0.0
  0
TEXT
  5
D03
102
{ACAD_REACTORS
330
EE1
102
}
330
18
100
AcDbEntity
  8
ZDMT5
  6
Continuous
100
AcDbText
 10
394062.9098846035
 20
3190107.787465116
 30
0.0
 40
3.0
  1
259.9
 50
90.0
 41
0.8
  7
HZ
 72
     1
 11
394063.3098846035
 21
3190112.873179401
 31
0.0
100
AcDbText
 73
     1
  0
TEXT
  5
D04
102
{ACAD_REACTORS
330
EE1
102
}
330
18
100
AcDbEntity
  8
ZDMT5
  6
Continuous
100
AcDbText
 10
394062.9098846035
 20
3190124.830322259
 30
0.0
 40
3.0
  1
-0.00
 50
90.0
 41
0.8
  7
HZ
 72
     1
 11
394063.3098846035
 21
3190130.373179401
 31
0.0
100
AcDbText
 73
     1
  0
LINE
  5
D05
102
{ACAD_REACTORS
330
EE1
102
}
330
18
100
AcDbEntity
  8
ZDMT5
  6
Continuous
100
AcDbLine
 10
394063.8098846035
 20
3190102.873179401
 30
0.0
 11
394063.8098846035
 21
3190137.873179401
 31
0.0
  0
TEXT
  5
D06
102
{ACAD_REACTORS
330
EE1
102
}
330
18
100
AcDbEntity
  8
ZDMT5
  6
Continuous
100
AcDbText
 10
394283.3444720954
 20
3190107.730322259
 30
0.0
 40
3.0
  1
282.0
 50
90.0
 41
0.8
  7
HZ
 72
     1
 11
394283.7444720954
 21
3190112.873179401
 31
0.0
100
AcDbText
 73
     1
  0
TEXT
  5
D07
102
{ACAD_REACTORS
330
EE1
102
}
330
18
100
AcDbEntity
  8
ZDMT5
  6
Continuous
100
AcDbText
 10
394283.3444720954
 20
3190124.830322259
 30
0.0
 40
3.0
  1
-0.57
 50
90.0
 41
0.8
  7
HZ
 72
     1
 11
394283.7444720954
 21
3190130.373179401
 31
0.0
100
AcDbText
 73
     1
  0
LINE
  5
D08
102
{ACAD_REACTORS
330
EE1
102
}
330
18
100
AcDbEntity
  8
ZDMT5
  6
Continuous
100
AcDbLine
 10
394284.2444720954
 20
3190102.873179401
 30
0.0
 11
394284.2444720954
 21
3190137.873179401
 31
0.0
  0
TEXT
  5
D09
102
{ACAD_REACTORS
330
EE1
102
}
330
18
100
AcDbEntity
  8
ZDMT5
  6
Continuous
100
AcDbText
 10
394816.9594785192
 20
3190107.730322259
 30
0.0
 40
3.0
  1
335.3
 50
90.0
 41
0.8
  7
HZ
 72
     1
 11
394817.3594785192
 21
3190112.873179401
 31
0.0
100
AcDbText
 73
     1
  0
TEXT
  5
D0A
102
{ACAD_REACTORS
330
EE1
102
}
330
18
100
AcDbEntity
  8
ZDMT5
  6
Continuous
100
AcDbText
 10
394816.9594785192
 20
3190124.887465116
 30
0.0
 40
3.0
  1
-0.49
 50
90.0
 41
0.8
  7
HZ
 72
     1
 11
394817.3594785192
 21
3190130.373179401
 31
0.0
100
AcDbText
 73
     1
  0
LINE
  5
D0B
102
{ACAD_REACTORS
330
EE1
102
}
330
18
100
AcDbEntity
  8
ZDMT5
  6
Continuous
100
AcDbLine
 10
394817.8594785192
 20
3190102.873179401
 30
0.0
 11
394817.8594785192
 21
3190137.873179401
 31
0.0
  0
TEXT
  5
D0C
102
{ACAD_REACTORS
330
EE1
102
}
330
18
100
AcDbEntity
  8
ZDMT5
  6
Continuous
100
AcDbText
 10
395342.3810411606
 20
3190107.787465116
 30
0.0
 40
3.0
  1
387.9
 50
90.0
 41
0.8
  7
HZ
 72
     1
 11
395342.7810411606
 21
3190112.873179401
 31
0.0
100
AcDbText
 73
     1
  0
TEXT
  5
D0D
102
{ACAD_REACTORS
330
EE1
102
}
330
18
100
AcDbEntity
  8
ZDMT5
  6
Continuous
100
AcDbText
 10
395342.3810411606
 20
3190124.830322259
 30
0.0
 40
3.0
  1
-0.05
 50
90.0
 41
0.8
  7
HZ
 72
     1
 11
395342.7810411606
 21
3190130.373179401
 31
0.0
100
AcDbText
 73
     1
  0
LINE
  5
D0E
102
{ACAD_REACTORS
330
EE1
102
}
330
18
100
AcDbEntity
  8
ZDMT5
  6
Continuous
100
AcDbLine
 10
395343.2810411606
 20
3190102.873179401
 30
0.0
 11
395343.2810411606
 21
3190137.873179401
 31
0.0
  0
TEXT
  5
D0F
102
{ACAD_REACTORS
330
EE1
102
}
330
18
100
AcDbEntity
  8
ZDMT5
  6
Continuous
100
AcDbText
 10
395503.7162222822
 20
3190107.730322259
 30
0.0
 40
3.0
  1
404.0
 50
90.0
 41
0.8
  7
HZ
 72
     1
 11
395504.1162222822
 21
3190112.873179401
 31
0.0
100
AcDbText
 73
     1
  0
TEXT
  5
D10
102
{ACAD_REACTORS
330
EE1
102
}
330
18
100
AcDbEntity
  8
ZDMT5
  6
Continuous
100
AcDbText
 10
395503.7162222822
 20
3190126.716036544
 30
0.0
 40
3.0
  1
0.81
 50
90.0
 41
0.8
  7
HZ
 72
     1
 11
395504.1162222822
 21
3190130.373179401
 31
0.0
100
AcDbText
 73
     1
  0
LINE
  5
D11
102
{ACAD_REACTORS
330
EE1
102
}
330
18
100
AcDbEntity
  8
ZDMT5
  6
Continuous
100
AcDbLine
 10
395504.6162222822
 20
3190102.873179401
 30
0.0
 11
395504.6162222822
 21
3190137.873179401
 31
0.0
  0
TEXT
  5
D12
102
{ACAD_REACTORS
330
EE1
102
}
330
18
100
AcDbEntity
  8
ZDMT5
  6
Continuous
100
AcDbText
 10
395702.5826255797
 20
3190107.787465116
 30
0.0
 40
3.0
  1
423.9
 50
90.0
 41
0.8
  7
HZ
 72
     1
 11
395702.9826255798
 21
3190112.873179401
 31
0.0
100
AcDbText
 73
     1
  0
TEXT
  5
D13
102
{ACAD_REACTORS
330
EE1
102
}
330
18
100
AcDbEntity
  8
ZDMT5
  6
Continuous
100
AcDbText
 10
395702.5826255797
 20
3190126.373179401
 30
0.0
 40
3.0
  1
2.62
 50
90.0
 41
0.8
  7
HZ
 72
     1
 11
395702.9826255798
 21
3190130.373179401
 31
0.0
100
AcDbText
 73
     1
  0
LINE
  5
D14
102
{ACAD_REACTORS
330
EE1
102
}
330
18
100
AcDbEntity
  8
ZDMT5
  6
Continuous
100
AcDbLine
 10
395703.4826255798
 20
3190102.873179401
 30
0.0
 11
395703.4826255798
 21
3190137.873179401
 31
0.0
  0
TEXT
  5
D15
102
{ACAD_REACTORS
330
EE1
102
}
330
18
100
AcDbEntity
  8
ZDMT5
  6
Continuous
100
AcDbText
 10
396003.6848036313
 20
3190107.730322259
 30
0.0
 40
3.0
  1
454.0
 50
90.0
 41
0.8
  7
HZ
 72
     1
 11
396004.0848036313
 21
3190112.873179401
 31
0.0
100
AcDbText
 73
     1
  0
TEXT
  5
D16
102
{ACAD_REACTORS
330
EE1
102
}
330
18
100
AcDbEntity
  8
ZDMT5
  6
Continuous
100
AcDbText
 10
396003.6848036313
 20
3190126.373179401
 30
0.0
 40
3.0
  1
9.38
 50
90.0
 41
0.8
  7
HZ
 72
     1
 11
396004.0848036313
 21
3190130.373179401
 31
0.0
100
AcDbText
 73
     1
  0
LINE
  5
D17
102
{ACAD_REACTORS
330
EE1
102
}
330
18
100
AcDbEntity
  8
ZDMT5
  6
Continuous
100
AcDbLine
 10
396004.5848036313
 20
3190102.873179401
 30
0.0
 11
396004.5848036313
 21
3190137.873179401
 31
0.0
  0
TEXT
  5
D18
102
{ACAD_REACTORS
330
EE1
102
}
330
18
100
AcDbEntity
  8
ZDMT5
  6
Continuous
100
AcDbText
 10
396202.5512069283
 20
3190107.787465116
 30
0.0
 40
3.0
  1
473.9
 50
90.0
 41
0.8
  7
HZ
 72
     1
 11
396202.9512069284
 21
3190112.873179401
 31
0.0
100
AcDbText
 73
     1
  0
TEXT
  5
D19
102
{ACAD_REACTORS
330
EE1
102
}
330
18
100
AcDbEntity
  8
ZDMT5
  6
Continuous
100
AcDbText
 10
396202.5512069283
 20
3190125.058893687
 30
0.0
 40
3.0
  1
12.52
 50
90.0
 41
0.8
  7
HZ
 72
     1
 11
396202.9512069284
 21
3190130.373179401
 31
0.0
100
AcDbText
 73
     1
  0
LINE
  5
D1A
102
{ACAD_REACTORS
330
EE1
102
}
330
18
100
AcDbEntity
  8
ZDMT5
  6
Continuous
100
AcDbLine
 10
396203.4512069284
 20
3190102.873179401
 30
0.0
 11
396203.4512069284
 21
3190137.873179401
 31
0.0
  0
TEXT
  5
D1B
102
{ACAD_REACTORS
330
EE1
102
}
330
18
100
AcDbEntity
  8
ZDMT5
  6
Continuous
100
AcDbText
 10
396390.6944538453
 20
3190107.730322259
 30
0.0
 40
3.0
  1
492.7
 50
90.0
 41
0.8
  7
HZ
 72
     1
 11
396391.0944538453
 21
3190112.873179401
 31
0.0
100
AcDbText
 73
     1
  0
TEXT
  5
D1C
102
{ACAD_REACTORS
330
EE1
102
}
330
18
100
AcDbEntity
  8
ZDMT5
  6
Continuous
100
AcDbText
 10
396390.6944538453
 20
3190125.058893687
 30
0.0
 40
3.0
  1
17.40
 50
90.0
 41
0.8
  7
HZ
 72
     1
 11
396391.0944538453
 21
3190130.373179401
 31
0.0
100
AcDbText
 73
     1
  0
LINE
  5
D1D
102
{ACAD_REACTORS
330
EE1
102
}
330
18
100
AcDbEntity
  8
ZDMT5
  6
Continuous
100
AcDbLine
 10
396391.5944538453
 20
3190102.873179401
 30
0.0
 11
396391.5944538453
 21
3190137.873179401
 31
0.0
  0
TEXT
  5
D1E
102
{ACAD_REACTORS
330
EE1
102
}
330
18
100
AcDbEntity
  8
ZDMT5
  6
Continuous
100
AcDbText
 10
396567.3737752191
 20
3190107.673179401
 30
0.0
 40
3.0
  1
510.4
 50
90.0
 41
0.8
  7
HZ
 72
     1
 11
396567.7737752192
 21
3190112.873179401
 31
0.0
100
AcDbText
 73
     1
  0
TEXT
  5
D1F
102
{ACAD_REACTORS
330
EE1
102
}
330
18
100
AcDbEntity
  8
ZDMT5
  6
Continuous
100
AcDbText
 10
396567.3737752191
 20
3190125.058893687
 30
0.0
 40
3.0
  1
18.50
 50
90.0
 41
0.8
  7
HZ
 72
     1
 11
396567.7737752192
 21
3190130.373179401
 31
0.0
100
AcDbText
 73
     1
  0
LINE
  5
D20
102
{ACAD_REACTORS
330
EE1
102
}
330
18
100
AcDbEntity
  8
ZDMT5
  6
Continuous
100
AcDbLine
 10
396568.2737752192
 20
3190102.873179401
 30
0.0
 11
396568.2737752192
 21
3190137.873179401
 31
0.0
  0
TEXT
  5
D21
102
{ACAD_REACTORS
330
EE1
102
}
330
18
100
AcDbEntity
  8
ZDMT5
  6
Continuous
100
AcDbText
 10
396609.7580091715
 20
3190107.730322259
 30
0.0
 40
3.0
  1
514.6
 50
90.0
 41
0.8
  7
HZ
 72
     1
 11
396610.1580091715
 21
3190112.873179401
 31
0.0
100
AcDbText
 73
     1
  0
TEXT
  5
D22
102
{ACAD_REACTORS
330
EE1
102
}
330
18
100
AcDbEntity
  8
ZDMT5
  6
Continuous
100
AcDbText
 10
396609.7580091715
 20
3190125.058893687
 30
0.0
 40
3.0
  1
18.23
 50
90.0
 41
0.8
  7
HZ
 72
     1
 11
396610.1580091715
 21
3190130.373179401
 31
0.0
100
AcDbText
 73
     1
  0
LINE
  5
D23
102
{ACAD_REACTORS
330
EE1
102
}
330
18
100
AcDbEntity
  8
ZDMT5
  6
Continuous
100
AcDbLine
 10
396610.6580091715
 20
3190102.873179401
 30
0.0
 11
396610.6580091715
 21
3190137.873179401
 31
0.0
  0
TEXT
  5
D24
102
{ACAD_REACTORS
330
EE1
102
}
330
18
100
AcDbEntity
  8
ZDMT5
  6
Continuous
100
AcDbText
 10
396902.0960460488
 20
3190107.730322259
 30
0.0
 40
3.0
  1
543.8
 50
90.0
 41
0.8
  7
HZ
 72
     1
 11
396902.4960460488
 21
3190112.873179401
 31
0.0
100
AcDbText
 73
     1
  0
TEXT
  5
D25
102
{ACAD_REACTORS
330
EE1
102
}
330
18
100
AcDbEntity
  8
ZDMT5
  6
Continuous
100
AcDbText
 10
396902.0960460488
 20
3190125.058893687
 30
0.0
 40
3.0
  1
18.10
 50
90.0
 41
0.8
  7
HZ
 72
     1
 11
396902.4960460488
 21
3190130.373179401
 31
0.0
100
AcDbText
 73
     1
  0
LINE
  5
D26
102
{ACAD_REACTORS
330
EE1
102
}
330
18
100
AcDbEntity
  8
ZDMT5
  6
Continuous
100
AcDbLine
 10
396902.9960460488
 20
3190102.873179401
 30
0.0
 11
396902.9960460488
 21
3190137.873179401
 31
0.0
  0
TEXT
  5
D27
102
{ACAD_REACTORS
330
EE1
102
}
330
18
100
AcDbEntity
  8
ZDMT5
  6
Continuous
100
AcDbText
 10
397091.3295046634
 20
3190107.730322259
 30
0.0
 40
3.0
  1
562.8
 50
90.0
 41
0.8
  7
HZ
 72
     1
 11
397091.7295046634
 21
3190112.873179401
 31
0.0
100
AcDbText
 73
     1
  0
TEXT
  5
D28
102
{ACAD_REACTORS
330
EE1
102
}
330
18
100
AcDbEntity
  8
ZDMT5
  6
Continuous
100
AcDbText
 10
397091.3295046634
 20
3190125.058893687
 30
0.0
 40
3.0
  1
19.50
 50
90.0
 41
0.8
  7
HZ
 72
     1
 11
397091.7295046634
 21
3190130.373179401
 31
0.0
100
AcDbText
 73
     1
  0
LINE
  5
D29
102
{ACAD_REACTORS
330
EE1
102
}
330
18
100
AcDbEntity
  8
ZDMT5
  6
Continuous
100
AcDbLine
 10
397092.2295046634
 20
3190102.873179401
 30
0.0
 11
397092.2295046634
 21
3190137.873179401
 31
0.0
  0
TEXT
  5
D2A
102
{ACAD_REACTORS
330
EE1
102
}
330
18
100
AcDbEntity
  8
ZDMT5
  6
Continuous
100
AcDbText
 10
397232.2109416763
 20
3190107.730322259
 30
0.0
 40
3.0
  1
576.8
 50
90.0
 41
0.8
  7
HZ
 72
     1
 11
397232.6109416764
 21
3190112.873179401
 31
0.0
100
AcDbText
 73
     1
  0
TEXT
  5
D2B
102
{ACAD_REACTORS
330
EE1
102
}
330
18
100
AcDbEntity
  8
ZDMT5
  6
Continuous
100
AcDbText
 10
397232.2109416763
 20
3190125.058893687
 30
0.0
 40
3.0
  1
19.62
 50
90.0
 41
0.8
  7
HZ
 72
     1
 11
397232.6109416764
 21
3190130.373179401
 31
0.0
100
AcDbText
 73
     1
  0
LINE
  5
D2C
102
{ACAD_REACTORS
330
EE1
102
}
330
18
100
AcDbEntity
  8
ZDMT5
  6
Continuous
100
AcDbLine
 10
397233.1109416764
 20
3190102.873179401
 30
0.0
 11
397233.1109416764
 21
3190137.873179401
 31
0.0
  0
TEXT
  5
D2D
102
{ACAD_REACTORS
330
EE1
102
}
330
18
100
AcDbEntity
  8
ZDMT5
  6
Continuous
100
AcDbText
 10
397339.5135810329
 20
3190107.730322259
 30
0.0
 40
3.0
  1
587.6
 50
90.0
 41
0.8
  7
HZ
 72
     1
 11
397339.9135810329
 21
3190112.873179401
 31
0.0
100
AcDbText
 73
     1
  0
TEXT
  5
D2E
102
{ACAD_REACTORS
330
EE1
102
}
330
18
100
AcDbEntity
  8
ZDMT5
  6
Continuous
100
AcDbText
 10
397339.5135810329
 20
3190125.230322259
 30
0.0
 40
3.0
  1
23.40
 50
90.0
 41
0.8
  7
HZ
 72
     1
 11
397339.9135810329
 21
3190130.373179401
 31
0.0
100
AcDbText
 73
     1
  0
LINE
  5
D2F
102
{ACAD_REACTORS
330
EE1
102
}
330
18
100
AcDbEntity
  8
ZDMT5
  6
Continuous
100
AcDbLine
 10
397340.4135810329
 20
3190102.873179401
 30
0.0
 11
397340.4135810329
 21
3190137.873179401
 31
0.0
  0
TEXT
  5
D30
102
{ACAD_REACTORS
330
EE1
102
}
330
18
100
AcDbEntity
  8
ZDMT5
  6
Continuous
100
AcDbText
 10
397409.5541663198
 20
3190107.730322259
 30
0.0
 40
3.0
  1
594.6
 50
90.0
 41
0.8
  7
HZ
 72
     1
 11
397409.9541663199
 21
3190112.873179401
 31
0.0
100
AcDbText
 73
     1
  0
TEXT
  5
D31
102
{ACAD_REACTORS
330
EE1
102
}
330
18
100
AcDbEntity
  8
ZDMT5
  6
Continuous
100
AcDbText
 10
397409.5541663198
 20
3190125.230322259
 30
0.0
 40
3.0
  1
23.40
 50
90.0
 41
0.8
  7
HZ
 72
     1
 11
397409.9541663199
 21
3190130.373179401
 31
0.0
100
AcDbText
 73
     1
  0
LINE
  5
D32
102
{ACAD_REACTORS
330
EE1
102
}
330
18
100
AcDbEntity
  8
ZDMT5
  6
Continuous
100
AcDbLine
 10
397410.4541663199
 20
3190102.873179401
 30
0.0
 11
397410.4541663199
 21
3190137.873179401
 31
0.0
  0
TEXT
  5
D33
102
{ACAD_REACTORS
330
EE1
102
}
330
18
100
AcDbEntity
  8
ZDMT5
  6
Continuous
100
AcDbText
 10
397478.5200205221
 20
3190107.673179401
 30
0.0
 40
3.0
  1
601.5
 50
90.0
 41
0.8
  7
HZ
 72
     1
 11
397478.9200205221
 21
3190112.873179401
 31
0.0
100
AcDbText
 73
     1
  0
TEXT
  5
D34
102
{ACAD_REACTORS
330
EE1
102
}
330
18
100
AcDbEntity
  8
ZDMT5
  6
Continuous
100
AcDbText
 10
397478.5200205221
 20
3190125.230322259
 30
0.0
 40
3.0
  1
20.03
 50
90.0
 41
0.8
  7
HZ
 72
     1
 11
397478.9200205221
 21
3190130.373179401
 31
0.0
100
AcDbText
 73
     1
  0
LINE
  5
D35
102
{ACAD_REACTORS
330
EE1
102
}
330
18
100
AcDbEntity
  8
ZDMT5
  6
Continuous
100
AcDbLine
 10
397479.4200205221
 20
3190102.873179401
 30
0.0
 11
397479.4200205221
 21
3190137.873179401
 31
0.0
  0
TEXT
  5
D36
102
{ACAD_REACTORS
330
EE1
102
}
330
18
100
AcDbEntity
  8
ZDMT5
  6
Continuous
100
AcDbText
 10
397901.8788533197
 20
3190107.673179401
 30
0.0
 40
3.0
  1
643.8
 50
90.0
 41
0.8
  7
HZ
 72
     1
 11
397902.2788533197
 21
3190112.873179401
 31
0.0
100
AcDbText
 73
     1
  0
TEXT
  5
D37
102
{ACAD_REACTORS
330
EE1
102
}
330
18
100
AcDbEntity
  8
ZDMT5
  6
Continuous
100
AcDbText
 10
397901.8788533197
 20
3190125.058893687
 30
0.0
 40
3.0
  1
18.22
 50
90.0
 41
0.8
  7
HZ
 72
     1
 11
397902.2788533197
 21
3190130.373179401
 31
0.0
100
AcDbText
 73
     1
  0
LINE
  5
D38
102
{ACAD_REACTORS
330
EE1
102
}
330
18
100
AcDbEntity
  8
ZDMT5
  6
Continuous
100
AcDbLine
 10
397902.7788533197
 20
3190102.873179401
 30
0.0
 11
397902.7788533197
 21
3190137.873179401
 31
0.0
  0
TEXT
  5
D39
102
{ACAD_REACTORS
330
EE1
102
}
330
18
100
AcDbEntity
  8
ZDMT5
  6
Continuous
100
AcDbText
 10
398309.697990249
 20
3190107.673179401
 30
0.0
 40
3.0
  1
684.6
 50
90.0
 41
0.8
  7
HZ
 72
     1
 11
398310.0979902491
 21
3190112.873179401
 31
0.0
100
AcDbText
 73
     1
  0
TEXT
  5
D3A
102
{ACAD_REACTORS
330
EE1
102
}
330
18
100
AcDbEntity
  8
ZDMT5
  6
Continuous
100
AcDbText
 10
398309.697990249
 20
3190125.00175083
 30
0.0
 40
3.0
  1
18.04
 50
90.0
 41
0.8
  7
HZ
 72
     1
 11
398310.0979902491
 21
3190130.373179401
 31
0.0
100
AcDbText
 73
     1
  0
LINE
  5
D3B
102
{ACAD_REACTORS
330
EE1
102
}
330
18
100
AcDbEntity
  8
ZDMT5
  6
Continuous
100
AcDbLine
 10
398310.5979902491
 20
3190102.873179401
 30
0.0
 11
398310.5979902491
 21
3190137.873179401
 31
0.0
  0
LINE
  5
D3C
102
{ACAD_REACTORS
330
EE1
102
}
330
18
100
AcDbEntity
  8
ZDMT5
  6
X4
100
AcDbLine
 10
391464.6997392006
 20
3190137.873179401
 30
0.0
 11
391464.6997392006
 21
3190410.873179401
 31
0.0
  0
LINE
  5
D3D
102
{ACAD_REACTORS
330
EE1
102
}
330
18
100
AcDbEntity
  8
ZDMT5
  6
X4
100
AcDbLine
 10
391647.812772936
 20
3190137.873179401
 30
0.0
 11
391647.812772936
 21
3190410.873179401
 31
0.0
  0
LINE
  5
D3E
102
{ACAD_REACTORS
330
EE1
102
}
330
18
100
AcDbEntity
  8
ZDMT5
  6
X4
100
AcDbLine
 10
391947.0207672653
 20
3190137.873179401
 30
0.0
 11
391947.0207672653
 21
3190453.873179401
 31
0.0
  0
LINE
  5
D3F
102
{ACAD_REACTORS
330
EE1
102
}
330
18
100
AcDbEntity
  8
ZDMT5
  6
X4
100
AcDbLine
 10
392309.5780908256
 20
3190137.873179401
 30
0.0
 11
392309.5780908256
 21
3190461.073179401
 31
0.0
  0
LINE
  5
D40
102
{ACAD_REACTORS
330
EE1
102
}
330
18
100
AcDbEntity
  8
ZDMT5
  6
X4
100
AcDbLine
 10
392360.9478241567
 20
3190137.873179401
 30
0.0
 11
392360.9478241567
 21
3190436.873179401
 31
0.0
  0
LINE
  5
D41
102
{ACAD_REACTORS
330
EE1
102
}
330
18
100
AcDbEntity
  8
ZDMT5
  6
X4
100
AcDbLine
 10
392435.2437263253
 20
3190137.873179401
 30
0.0
 11
392435.2437263253
 21
3190421.773179401
 31
0.0
  0
LINE
  5
D42
102
{ACAD_REACTORS
330
EE1
102
}
330
18
100
AcDbEntity
  8
ZDMT5
  6
X4
100
AcDbLine
 10
392478.8531509324
 20
3190137.873179401
 30
0.0
 11
392478.8531509324
 21
3190391.873179401
 31
0.0
  0
LINE
  5
D43
102
{ACAD_REACTORS
330
EE1
102
}
330
18
100
AcDbEntity
  8
ZDMT5
  6
X4
100
AcDbLine
 10
392573.6830557744
 20
3190137.873179401
 30
0.0
 11
392573.6830557744
 21
3190394.373179401
 31
0.0
  0
LINE
  5
D44
102
{ACAD_REACTORS
330
EE1
102
}
330
18
100
AcDbEntity
  8
ZDMT5
  6
X4
100
AcDbLine
 10
392594.1898979801
 20
3190137.873179401
 30
0.0
 11
392594.1898979801
 21
3190380.273179401
 31
0.0
  0
LINE
  5
D45
102
{ACAD_REACTORS
330
EE1
102
}
330
18
100
AcDbEntity
  8
ZDMT5
  6
X4
100
AcDbLine
 10
392633.067665739
 20
3190137.873179401
 30
0.0
 11
392633.067665739
 21
3190361.873179401
 31
0.0
  0
LINE
  5
D46
102
{ACAD_REACTORS
330
EE1
102
}
330
18
100
AcDbEntity
  8
ZDMT5
  6
X4
100
AcDbLine
 10
392817.5120254812
 20
3190137.873179401
 30
0.0
 11
392817.5120254812
 21
3190339.973179401
 31
0.0
  0
LINE
  5
D47
102
{ACAD_REACTORS
330
EE1
102
}
330
18
100
AcDbEntity
  8
ZDMT5
  6
X4
100
AcDbLine
 10
392835.5928851632
 20
3190137.873179401
 30
0.0
 11
392835.5928851632
 21
3190312.873179401
 31
0.0
  0
LINE
  5
D48
102
{ACAD_REACTORS
330
EE1
102
}
330
18
100
AcDbEntity
  8
ZDMT5
  6
X4
100
AcDbLine
 10
393122.9721282761
 20
3190137.873179401
 30
0.0
 11
393122.9721282761
 21
3190264.113179401
 31
0.0
  0
LINE
  5
D49
102
{ACAD_REACTORS
330
EE1
102
}
330
18
100
AcDbEntity
  8
ZDMT5
  6
X4
100
AcDbLine
 10
393284.3073093977
 20
3190137.873179401
 30
0.0
 11
393284.3073093977
 21
3190238.993179401
 31
0.0
  0
LINE
  5
D4A
102
{ACAD_REACTORS
330
EE1
102
}
330
18
100
AcDbEntity
  8
ZDMT5
  6
X4
100
AcDbLine
 10
393483.1737126947
 20
3190137.873179401
 30
0.0
 11
393483.1737126947
 21
3190217.303179401
 31
0.0
  0
LINE
  5
D4B
102
{ACAD_REACTORS
330
EE1
102
}
330
18
100
AcDbEntity
  8
ZDMT5
  6
X4
100
AcDbLine
 10
393784.2758907463
 20
3190137.873179401
 30
0.0
 11
393784.2758907463
 21
3190186.033179401
 31
0.0
  0
LINE
  5
D4C
102
{ACAD_REACTORS
330
EE1
102
}
330
18
100
AcDbEntity
  8
ZDMT5
  6
X4
100
AcDbLine
 10
394063.8098846035
 20
3190137.873179401
 30
0.0
 11
394063.8098846035
 21
3190177.853179401
 31
0.0
  0
LINE
  5
D4D
102
{ACAD_REACTORS
330
EE1
102
}
330
18
100
AcDbEntity
  8
ZDMT5
  6
X4
100
AcDbLine
 10
394284.2444720954
 20
3190137.873179401
 30
0.0
 11
394284.2444720954
 21
3190172.143179401
 31
0.0
  0
LINE
  5
D4E
102
{ACAD_REACTORS
330
EE1
102
}
330
18
100
AcDbEntity
  8
ZDMT5
  6
X4
100
AcDbLine
 10
394817.8594785192
 20
3190137.873179401
 30
0.0
 11
394817.8594785192
 21
3190172.983179401
 31
0.0
  0
LINE
  5
D4F
102
{ACAD_REACTORS
330
EE1
102
}
330
18
100
AcDbEntity
  8
ZDMT5
  6
X4
100
AcDbLine
 10
395343.2810411606
 20
3190137.873179401
 30
0.0
 11
395343.2810411606
 21
3190177.413179401
 31
0.0
  0
LINE
  5
D50
102
{ACAD_REACTORS
330
EE1
102
}
330
18
100
AcDbEntity
  8
ZDMT5
  6
X4
100
AcDbLine
 10
395504.6162222822
 20
3190137.873179401
 30
0.0
 11
395504.6162222822
 21
3190185.923179401
 31
0.0
  0
LINE
  5
D51
102
{ACAD_REACTORS
330
EE1
102
}
330
18
100
AcDbEntity
  8
ZDMT5
  6
X4
100
AcDbLine
 10
395703.4826255798
 20
3190137.873179401
 30
0.0
 11
395703.4826255798
 21
3190204.083179401
 31
0.0
  0
LINE
  5
D52
102
{ACAD_REACTORS
330
EE1
102
}
330
18
100
AcDbEntity
  8
ZDMT5
  6
X4
100
AcDbLine
 10
396004.5848036313
 20
3190137.873179401
 30
0.0
 11
396004.5848036313
 21
3190271.703179401
 31
0.0
  0
LINE
  5
D53
102
{ACAD_REACTORS
330
EE1
102
}
330
18
100
AcDbEntity
  8
ZDMT5
  6
X4
100
AcDbLine
 10
396203.4512069284
 20
3190137.873179401
 30
0.0
 11
396203.4512069284
 21
3190303.083179401
 31
0.0
  0
LINE
  5
D54
102
{ACAD_REACTORS
330
EE1
102
}
330
18
100
AcDbEntity
  8
ZDMT5
  6
X4
100
AcDbLine
 10
396391.5944538453
 20
3190137.873179401
 30
0.0
 11
396391.5944538453
 21
3190351.873179401
 31
0.0
  0
LINE
  5
D55
102
{ACAD_REACTORS
330
EE1
102
}
330
18
100
AcDbEntity
  8
ZDMT5
  6
X4
100
AcDbLine
 10
396568.2737752192
 20
3190137.873179401
 30
0.0
 11
396568.2737752192
 21
3190362.873179401
 31
0.0
  0
LINE
  5
D56
102
{ACAD_REACTORS
330
EE1
102
}
330
18
100
AcDbEntity
  8
ZDMT5
  6
X4
100
AcDbLine
 10
396610.6580091715
 20
3190137.873179401
 30
0.0
 11
396610.6580091715
 21
3190360.173179401
 31
0.0
  0
LINE
  5
D57
102
{ACAD_REACTORS
330
EE1
102
}
330
18
100
AcDbEntity
  8
ZDMT5
  6
X4
100
AcDbLine
 10
396902.9960460488
 20
3190137.873179401
 30
0.0
 11
396902.9960460488
 21
3190358.873179401
 31
0.0
  0
LINE
  5
D58
102
{ACAD_REACTORS
330
EE1
102
}
330
18
100
AcDbEntity
  8
ZDMT5
  6
X4
100
AcDbLine
 10
397092.2295046634
 20
3190137.873179401
 30
0.0
 11
397092.2295046634
 21
3190372.873179401
 31
0.0
  0
LINE
  5
D59
102
{ACAD_REACTORS
330
EE1
102
}
330
18
100
AcDbEntity
  8
ZDMT5
  6
X4
100
AcDbLine
 10
397233.1109416764
 20
3190137.873179401
 30
0.0
 11
397233.1109416764
 21
3190374.073179401
 31
0.0
  0
LINE
  5
D5A
102
{ACAD_REACTORS
330
EE1
102
}
330
18
100
AcDbEntity
  8
ZDMT5
  6
X4
100
AcDbLine
 10
397340.4135810329
 20
3190137.873179401
 30
0.0
 11
397340.4135810329
 21
3190411.873179401
 31
0.0
  0
LINE
  5
D5B
102
{ACAD_REACTORS
330
EE1
102
}
330
18
100
AcDbEntity
  8
ZDMT5
  6
X4
100
AcDbLine
 10
397410.4541663199
 20
3190137.873179401
 30
0.0
 11
397410.4541663199
 21
3190411.873179401
 31
0.0
  0
LINE
  5
D5C
102
{ACAD_REACTORS
330
EE1
102
}
330
18
100
AcDbEntity
  8
ZDMT5
  6
X4
100
AcDbLine
 10
397479.4200205221
 20
3190137.873179401
 30
0.0
 11
397479.4200205221
 21
3190378.173179401
 31
0.0
  0
LINE
  5
D5D
102
{ACAD_REACTORS
330
EE1
102
}
330
18
100
AcDbEntity
  8
ZDMT5
  6
X4
100
AcDbLine
 10
397902.7788533197
 20
3190137.873179401
 30
0.0
 11
397902.7788533197
 21
3190360.073179401
 31
0.0
  0
LINE
  5
D5E
102
{ACAD_REACTORS
330
EE1
102
}
330
18
100
AcDbEntity
  8
ZDMT5
  6
X4
100
AcDbLine
 10
398310.5979902491
 20
3190137.873179401
 30
0.0
 11
398310.5979902491
 21
3190358.273179401
 31
0.0
  0
TEXT
  5
D5F
102
{ACAD_REACTORS
330
EE1
102
}
330
18
100
AcDbEntity
  8
ZDMT5
  6
Continuous
100
AcDbText
 10
398214.2456092967
 20
3190492.873179401
 30
0.0
 40
5.0
  1
比例尺:  横向 1:100  纵向 1:100
 41
0.8
  7
HZ
 72
     2
 11
398305.5979902491
 21
3190492.873179401
 31
0.0
100
AcDbText
  0
TEXT
  5
D60
330
18
100
AcDbEntity
  8
DLSS
  6
Continuous
100
AcDbText
 10
391451.9689319406
 20
3190544.355291379
 30
0.0
 40
20.0
  1
西支上游100米
 41
0.8
  7
HZ
 72
     4
 11
391518.5594081311
 21
3190554.355291379
 31
0.0
100
AcDbText
1001
SOUTH
1000
160009
1001
S_GXRQ
1071
1757073117
  0
LINE
  5
D61
102
{ACAD_REACTORS
330
EE2
102
}
330
18
100
AcDbEntity
  8
zdm1
  6
Continuous
100
AcDbLine
 10
391460.0245868016
 20
3189301.490337671
 30
0.0
 11
399129.6011820271
 21
3189301.490337671
 31
0.0
1001
SOUTH
1000
991000
1040
100.0
1040
100.0
1040
0.0
1040
-4.0
1001
S_GXRQ
1071
1757073117
  0
LINE
  5
D62
102
{ACAD_REACTORS
330
EE2
102
}
330
18
100
AcDbEntity
  8
zdm1
  6
Continuous
100
AcDbLine
 10
391415.0245868016
 20
3189301.490337671
 30
0.0
 11
391460.0245868016
 21
3189301.490337671
 31
0.0
  0
LINE
  5
D63
102
{ACAD_REACTORS
330
EE2
102
}
330
18
100
AcDbEntity
  8
zdm1
  6
Continuous
100
AcDbLine
 10
391415.0245868016
 20
3189286.490337671
 30
0.0
 11
399129.6011820271
 21
3189286.490337671
 31
0.0
  0
LINE
  5
D64
102
{ACAD_REACTORS
330
EE2
102
}
330
18
100
AcDbEntity
  8
zdm1
  6
Continuous
100
AcDbLine
 10
391415.0245868016
 20
3189266.490337671
 30
0.0
 11
399129.6011820271
 21
3189266.490337671
 31
0.0
  0
LINE
  5
D65
102
{ACAD_REACTORS
330
EE2
102
}
330
18
100
AcDbEntity
  8
zdm1
  6
Continuous
100
AcDbLine
 10
391415.0245868016
 20
3189266.490337671
 30
0.0
 11
391415.0245868016
 21
3189301.490337671
 31
0.0
  0
LINE
  5
D66
102
{ACAD_REACTORS
330
EE2
102
}
330
18
100
AcDbEntity
  8
zdm1
  6
Continuous
100
AcDbLine
 10
391455.0245868016
 20
3189266.490337671
 30
0.0
 11
391455.0245868016
 21
3189301.490337671
 31
0.0
  0
TEXT
  5
D67
102
{ACAD_REACTORS
330
EE2
102
}
330
18
100
AcDbEntity
  8
zdm1
  6
Continuous
100
AcDbText
 10
391417.9045868016
 20
3189290.990337671
 30
0.0
 40
6.0
  1
地 面 高 程
 41
0.8
  7
HZ
 72
     4
 11
391435.0245868016
 21
3189293.990337671
 31
0.0
100
AcDbText
  0
TEXT
  5
D68
102
{ACAD_REACTORS
330
EE2
102
}
330
18
100
AcDbEntity
  8
zdm1
  6
Continuous
100
AcDbText
 10
391420.6245868016
 20
3189273.490337671
 30
0.0
 40
6.0
  1
距    离
 41
0.8
  7
HZ
 72
     4
 11
391435.0245868016
 21
3189276.490337671
 31
0.0
100
AcDbText
  0
LWPOLYLINE
  5
D69
102
{ACAD_REACTORS
330
EE2
102
}
330
18
100
AcDbEntity
  8
zdm1
  6
Continuous
100
AcDbPolyline
 90
        2
 70
   128
 43
1.0
 43
1.0
 10
391455.0245868016
 20
3189311.490337671
 10
391455.0245868016
 20
3189321.490337671
  0
LWPOLYLINE
  5
D6A
102
{ACAD_REACTORS
330
EE2
102
}
330
18
100
AcDbEntity
  8
zdm1
  6
Continuous
100
AcDbPolyline
 90
        2
 70
   128
 43
1.0
 43
1.0
 10
399129.6011820271
 20
3189311.490337671
 10
399129.6011820271
 20
3189321.490337671
  0
LWPOLYLINE
  5
D6B
102
{ACAD_REACTORS
330
EE2
102
}
330
18
100
AcDbEntity
  8
zdm1
  6
Continuous
100
AcDbPolyline
 90
        2
 70
   128
 43
1.0
 43
1.0
 10
391455.0245868016
 20
3189331.490337671
 10
391455.0245868016
 20
3189341.490337671
  0
LWPOLYLINE
  5
D6C
102
{ACAD_REACTORS
330
EE2
102
}
330
18
100
AcDbEntity
  8
zdm1
  6
Continuous
100
AcDbPolyline
 90
        2
 70
   128
 43
1.0
 43
1.0
 10
399129.6011820271
 20
3189331.490337671
 10
399129.6011820271
 20
3189341.490337671
  0
LWPOLYLINE
  5
D6D
102
{ACAD_REACTORS
330
EE2
102
}
330
18
100
AcDbEntity
  8
zdm1
  6
Continuous
100
AcDbPolyline
 90
        2
 70
   128
 43
1.0
 43
1.0
 10
391455.0245868016
 20
3189351.490337671
 10
391455.0245868016
 20
3189361.490337671
  0
LWPOLYLINE
  5
D6E
102
{ACAD_REACTORS
330
EE2
102
}
330
18
100
AcDbEntity
  8
zdm1
  6
Continuous
100
AcDbPolyline
 90
        2
 70
   128
 43
1.0
 43
1.0
 10
399129.6011820271
 20
3189351.490337671
 10
399129.6011820271
 20
3189361.490337671
  0
LWPOLYLINE
  5
D6F
102
{ACAD_REACTORS
330
EE2
102
}
330
18
100
AcDbEntity
  8
zdm1
  6
Continuous
100
AcDbPolyline
 90
        2
 70
   128
 43
1.0
 43
1.0
 10
391455.0245868016
 20
3189371.490337671
 10
391455.0245868016
 20
3189381.490337671
  0
LWPOLYLINE
  5
D70
102
{ACAD_REACTORS
330
EE2
102
}
330
18
100
AcDbEntity
  8
zdm1
  6
Continuous
100
AcDbPolyline
 90
        2
 70
   128
 43
1.0
 43
1.0
 10
399129.6011820271
 20
3189371.490337671
 10
399129.6011820271
 20
3189381.490337671
  0
LWPOLYLINE
  5
D71
102
{ACAD_REACTORS
330
EE2
102
}
330
18
100
AcDbEntity
  8
zdm1
  6
Continuous
100
AcDbPolyline
 90
        2
 70
   128
 43
1.0
 43
1.0
 10
391455.0245868016
 20
3189391.490337671
 10
391455.0245868016
 20
3189401.490337671
  0
LWPOLYLINE
  5
D72
102
{ACAD_REACTORS
330
EE2
102
}
330
18
100
AcDbEntity
  8
zdm1
  6
Continuous
100
AcDbPolyline
 90
        2
 70
   128
 43
1.0
 43
1.0
 10
399129.6011820271
 20
3189391.490337671
 10
399129.6011820271
 20
3189401.490337671
  0
LWPOLYLINE
  5
D73
102
{ACAD_REACTORS
330
EE2
102
}
330
18
100
AcDbEntity
  8
zdm1
  6
Continuous
100
AcDbPolyline
 90
        2
 70
   128
 43
1.0
 43
1.0
 10
391455.0245868016
 20
3189411.490337671
 10
391455.0245868016
 20
3189421.490337671
  0
LWPOLYLINE
  5
D74
102
{ACAD_REACTORS
330
EE2
102
}
330
18
100
AcDbEntity
  8
zdm1
  6
Continuous
100
AcDbPolyline
 90
        2
 70
   128
 43
1.0
 43
1.0
 10
399129.6011820271
 20
3189411.490337671
 10
399129.6011820271
 20
3189421.490337671
  0
LWPOLYLINE
  5
D75
102
{ACAD_REACTORS
330
EE2
102
}
330
18
100
AcDbEntity
  8
zdm1
  6
Continuous
100
AcDbPolyline
 90
        2
 70
   128
 43
1.0
 43
1.0
 10
391455.0245868016
 20
3189431.490337671
 10
391455.0245868016
 20
3189441.490337671
  0
LWPOLYLINE
  5
D76
102
{ACAD_REACTORS
330
EE2
102
}
330
18
100
AcDbEntity
  8
zdm1
  6
Continuous
100
AcDbPolyline
 90
        2
 70
   128
 43
1.0
 43
1.0
 10
399129.6011820271
 20
3189431.490337671
 10
399129.6011820271
 20
3189441.490337671
  0
LWPOLYLINE
  5
D77
102
{ACAD_REACTORS
330
EE2
102
}
330
18
100
AcDbEntity
  8
zdm1
  6
Continuous
100
AcDbPolyline
 90
        2
 70
   128
 43
1.0
 43
1.0
 10
391455.0245868016
 20
3189451.490337671
 10
391455.0245868016
 20
3189461.490337671
  0
LWPOLYLINE
  5
D78
102
{ACAD_REACTORS
330
EE2
102
}
330
18
100
AcDbEntity
  8
zdm1
  6
Continuous
100
AcDbPolyline
 90
        2
 70
   128
 43
1.0
 43
1.0
 10
399129.6011820271
 20
3189451.490337671
 10
399129.6011820271
 20
3189461.490337671
  0
LWPOLYLINE
  5
D79
102
{ACAD_REACTORS
330
EE2
102
}
330
18
100
AcDbEntity
  8
zdm1
  6
Continuous
100
AcDbPolyline
 90
        2
 70
   128
 43
1.0
 43
1.0
 10
391455.0245868016
 20
3189471.490337671
 10
391455.0245868016
 20
3189481.490337671
  0
LWPOLYLINE
  5
D7A
102
{ACAD_REACTORS
330
EE2
102
}
330
18
100
AcDbEntity
  8
zdm1
  6
Continuous
100
AcDbPolyline
 90
        2
 70
   128
 43
1.0
 43
1.0
 10
399129.6011820271
 20
3189471.490337671
 10
399129.6011820271
 20
3189481.490337671
  0
LWPOLYLINE
  5
D7B
102
{ACAD_REACTORS
330
EE2
102
}
330
18
100
AcDbEntity
  8
zdm1
  6
Continuous
100
AcDbPolyline
 90
        2
 70
   128
 43
1.0
 43
1.0
 10
391455.0245868016
 20
3189491.490337671
 10
391455.0245868016
 20
3189501.490337671
  0
LWPOLYLINE
  5
D7C
102
{ACAD_REACTORS
330
EE2
102
}
330
18
100
AcDbEntity
  8
zdm1
  6
Continuous
100
AcDbPolyline
 90
        2
 70
   128
 43
1.0
 43
1.0
 10
399129.6011820271
 20
3189491.490337671
 10
399129.6011820271
 20
3189501.490337671
  0
LWPOLYLINE
  5
D7D
102
{ACAD_REACTORS
330
EE2
102
}
330
18
100
AcDbEntity
  8
zdm1
  6
Continuous
100
AcDbPolyline
 90
        2
 70
   128
 43
1.0
 43
1.0
 10
391455.0245868016
 20
3189511.490337671
 10
391455.0245868016
 20
3189521.490337671
  0
LWPOLYLINE
  5
D7E
102
{ACAD_REACTORS
330
EE2
102
}
330
18
100
AcDbEntity
  8
zdm1
  6
Continuous
100
AcDbPolyline
 90
        2
 70
   128
 43
1.0
 43
1.0
 10
399129.6011820271
 20
3189511.490337671
 10
399129.6011820271
 20
3189521.490337671
  0
LWPOLYLINE
  5
D7F
102
{ACAD_REACTORS
330
EE2
102
}
330
18
100
AcDbEntity
  8
zdm1
  6
Continuous
100
AcDbPolyline
 90
        2
 70
   128
 43
1.0
 43
1.0
 10
391455.0245868016
 20
3189531.490337671
 10
391455.0245868016
 20
3189541.490337671
  0
LWPOLYLINE
  5
D80
102
{ACAD_REACTORS
330
EE2
102
}
330
18
100
AcDbEntity
  8
zdm1
  6
Continuous
100
AcDbPolyline
 90
        2
 70
   128
 43
1.0
 43
1.0
 10
399129.6011820271
 20
3189531.490337671
 10
399129.6011820271
 20
3189541.490337671
  0
LWPOLYLINE
  5
D81
102
{ACAD_REACTORS
330
EE2
102
}
330
18
100
AcDbEntity
  8
zdm1
  6
Continuous
100
AcDbPolyline
 90
        2
 70
   128
 43
1.0
 43
1.0
 10
391455.0245868016
 20
3189551.490337671
 10
391455.0245868016
 20
3189561.490337671
  0
LWPOLYLINE
  5
D82
102
{ACAD_REACTORS
330
EE2
102
}
330
18
100
AcDbEntity
  8
zdm1
  6
Continuous
100
AcDbPolyline
 90
        2
 70
   128
 43
1.0
 43
1.0
 10
399129.6011820271
 20
3189551.490337671
 10
399129.6011820271
 20
3189561.490337671
  0
LWPOLYLINE
  5
D83
102
{ACAD_REACTORS
330
EE2
102
}
330
18
100
AcDbEntity
  8
zdm1
  6
Continuous
100
AcDbPolyline
 90
        2
 70
   128
 43
1.0
 43
1.0
 10
391455.0245868016
 20
3189571.490337671
 10
391455.0245868016
 20
3189581.490337671
  0
LWPOLYLINE
  5
D84
102
{ACAD_REACTORS
330
EE2
102
}
330
18
100
AcDbEntity
  8
zdm1
  6
Continuous
100
AcDbPolyline
 90
        2
 70
   128
 43
1.0
 43
1.0
 10
399129.6011820271
 20
3189571.490337671
 10
399129.6011820271
 20
3189581.490337671
  0
LWPOLYLINE
  5
D85
102
{ACAD_REACTORS
330
EE2
102
}
330
18
100
AcDbEntity
  8
zdm1
  6
Continuous
100
AcDbPolyline
 90
        2
 70
   128
 43
1.0
 43
1.0
 10
391455.0245868016
 20
3189591.490337671
 10
391455.0245868016
 20
3189601.490337671
  0
LWPOLYLINE
  5
D86
102
{ACAD_REACTORS
330
EE2
102
}
330
18
100
AcDbEntity
  8
zdm1
  6
Continuous
100
AcDbPolyline
 90
        2
 70
   128
 43
1.0
 43
1.0
 10
399129.6011820271
 20
3189591.490337671
 10
399129.6011820271
 20
3189601.490337671
  0
LINE
  5
D87
102
{ACAD_REACTORS
330
EE2
102
}
330
18
100
AcDbEntity
  8
zdm1
  6
Continuous
100
AcDbLine
 10
391454.5245868016
 20
3189301.490337671
 30
0.0
 11
391454.5245868016
 21
3189601.490337671
 31
0.0
  0
LINE
  5
D88
102
{ACAD_REACTORS
330
EE2
102
}
330
18
100
AcDbEntity
  8
zdm1
  6
Continuous
100
AcDbLine
 10
391455.5245868016
 20
3189301.490337671
 30
0.0
 11
391455.5245868016
 21
3189601.490337671
 31
0.0
  0
LINE
  5
D89
102
{ACAD_REACTORS
330
EE2
102
}
330
18
100
AcDbEntity
  8
zdm1
  6
Continuous
100
AcDbLine
 10
399129.1011820271
 20
3189301.490337671
 30
0.0
 11
399129.1011820271
 21
3189601.490337671
 31
0.0
  0
LINE
  5
D8A
102
{ACAD_REACTORS
330
EE2
102
}
330
18
100
AcDbEntity
  8
zdm1
  6
Continuous
100
AcDbLine
 10
399130.1011820271
 20
3189301.490337671
 30
0.0
 11
399130.1011820271
 21
3189601.490337671
 31
0.0
  0
LINE
  5
D8B
102
{ACAD_REACTORS
330
EE2
102
}
330
18
100
AcDbEntity
  8
zdm1
  6
X4
100
AcDbLine
 10
391445.0245868016
 20
3189341.490337671
 30
0.0
 11
399139.6011820271
 21
3189341.490337671
 31
0.0
  0
TEXT
  5
D8C
102
{ACAD_REACTORS
330
EE2
102
}
330
18
100
AcDbEntity
  8
zdm1
  6
Continuous
100
AcDbText
 10
391452.0817296588
 20
3189341.490337671
 30
0.0
 40
3.0
  1
0
 41
0.8
  7
HZ
 72
     2
 11
391454.0245868016
 21
3189341.490337671
 31
0.0
100
AcDbText
  0
TEXT
  5
D8D
102
{ACAD_REACTORS
330
EE2
102
}
330
18
100
AcDbEntity
  8
zdm1
  6
Continuous
100
AcDbText
 10
399130.6011820271
 20
3189341.490337671
 30
0.0
 40
3.0
  1
0
 41
0.8
  7
HZ
 11
0.0
 21
0.0
 31
0.0
100
AcDbText
  0
LINE
  5
D8E
102
{ACAD_REACTORS
330
EE2
102
}
330
18
100
AcDbEntity
  8
zdm1
  6
X4
100
AcDbLine
 10
391445.0245868016
 20
3189391.490337671
 30
0.0
 11
399139.6011820271
 21
3189391.490337671
 31
0.0
  0
TEXT
  5
D8F
102
{ACAD_REACTORS
330
EE2
102
}
330
18
100
AcDbEntity
  8
zdm1
  6
Continuous
100
AcDbText
 10
391452.0817296588
 20
3189391.490337671
 30
0.0
 40
3.0
  1
5
 41
0.8
  7
HZ
 72
     2
 11
391454.0245868016
 21
3189391.490337671
 31
0.0
100
AcDbText
  0
TEXT
  5
D90
102
{ACAD_REACTORS
330
EE2
102
}
330
18
100
AcDbEntity
  8
zdm1
  6
Continuous
100
AcDbText
 10
399130.6011820271
 20
3189391.490337671
 30
0.0
 40
3.0
  1
5
 41
0.8
  7
HZ
 11
0.0
 21
0.0
 31
0.0
100
AcDbText
  0
LINE
  5
D91
102
{ACAD_REACTORS
330
EE2
102
}
330
18
100
AcDbEntity
  8
zdm1
  6
X4
100
AcDbLine
 10
391445.0245868016
 20
3189441.490337671
 30
0.0
 11
399139.6011820271
 21
3189441.490337671
 31
0.0
  0
TEXT
  5
D92
102
{ACAD_REACTORS
330
EE2
102
}
330
18
100
AcDbEntity
  8
zdm1
  6
Continuous
100
AcDbText
 10
391449.796015373
 20
3189441.490337671
 30
0.0
 40
3.0
  1
10
 41
0.8
  7
HZ
 72
     2
 11
391454.0245868016
 21
3189441.490337671
 31
0.0
100
AcDbText
  0
TEXT
  5
D93
102
{ACAD_REACTORS
330
EE2
102
}
330
18
100
AcDbEntity
  8
zdm1
  6
Continuous
100
AcDbText
 10
399130.6011820271
 20
3189441.490337671
 30
0.0
 40
3.0
  1
10
 41
0.8
  7
HZ
 11
0.0
 21
0.0
 31
0.0
100
AcDbText
  0
LINE
  5
D94
102
{ACAD_REACTORS
330
EE2
102
}
330
18
100
AcDbEntity
  8
zdm1
  6
X4
100
AcDbLine
 10
391445.0245868016
 20
3189491.490337671
 30
0.0
 11
399139.6011820271
 21
3189491.490337671
 31
0.0
  0
TEXT
  5
D95
102
{ACAD_REACTORS
330
EE2
102
}
330
18
100
AcDbEntity
  8
zdm1
  6
Continuous
100
AcDbText
 10
391449.796015373
 20
3189491.490337671
 30
0.0
 40
3.0
  1
15
 41
0.8
  7
HZ
 72
     2
 11
391454.0245868016
 21
3189491.490337671
 31
0.0
100
AcDbText
  0
TEXT
  5
D96
102
{ACAD_REACTORS
330
EE2
102
}
330
18
100
AcDbEntity
  8
zdm1
  6
Continuous
100
AcDbText
 10
399130.6011820271
 20
3189491.490337671
 30
0.0
 40
3.0
  1
15
 41
0.8
  7
HZ
 11
0.0
 21
0.0
 31
0.0
100
AcDbText
  0
LINE
  5
D97
102
{ACAD_REACTORS
330
EE2
102
}
330
18
100
AcDbEntity
  8
zdm1
  6
X4
100
AcDbLine
 10
391445.0245868016
 20
3189541.490337671
 30
0.0
 11
399139.6011820271
 21
3189541.490337671
 31
0.0
  0
TEXT
  5
D98
102
{ACAD_REACTORS
330
EE2
102
}
330
18
100
AcDbEntity
  8
zdm1
  6
Continuous
100
AcDbText
 10
391449.796015373
 20
3189541.490337671
 30
0.0
 40
3.0
  1
20
 41
0.8
  7
HZ
 72
     2
 11
391454.0245868016
 21
3189541.490337671
 31
0.0
100
AcDbText
  0
TEXT
  5
D99
102
{ACAD_REACTORS
330
EE2
102
}
330
18
100
AcDbEntity
  8
zdm1
  6
Continuous
100
AcDbText
 10
399130.6011820271
 20
3189541.490337671
 30
0.0
 40
3.0
  1
20
 41
0.8
  7
HZ
 11
0.0
 21
0.0
 31
0.0
100
AcDbText
  0
LINE
  5
D9A
102
{ACAD_REACTORS
330
EE2
102
}
330
18
100
AcDbEntity
  8
zdm1
  6
X4
100
AcDbLine
 10
391445.0245868016
 20
3189591.490337671
 30
0.0
 11
399139.6011820271
 21
3189591.490337671
 31
0.0
  0
TEXT
  5
D9B
102
{ACAD_REACTORS
330
EE2
102
}
330
18
100
AcDbEntity
  8
zdm1
  6
Continuous
100
AcDbText
 10
391449.796015373
 20
3189591.490337671
 30
0.0
 40
3.0
  1
25
 41
0.8
  7
HZ
 72
     2
 11
391454.0245868016
 21
3189591.490337671
 31
0.0
100
AcDbText
  0
TEXT
  5
D9C
102
{ACAD_REACTORS
330
EE2
102
}
330
18
100
AcDbEntity
  8
zdm1
  6
Continuous
100
AcDbText
 10
399130.6011820271
 20
3189591.490337671
 30
0.0
 40
3.0
  1
25
 41
0.8
  7
HZ
 11
0.0
 21
0.0
 31
0.0
100
AcDbText
  0
LWPOLYLINE
  5
D9D
102
{ACAD_REACTORS
330
EE2
102
}
330
18
100
AcDbEntity
  8
DMX
  6
Continuous
100
AcDbPolyline
 90
       36
 70
   128
 43
0.0
 10
391460.0245868016
 20
3189566.490337671
 10
391534.7954910665
 20
3189548.490337671
 10
392397.7011331705
 20
3189547.490337671
 10
392746.5606390374
 20
3189526.990337671
 10
393411.9654053078
 20
3189564.890337671
 10
393611.2788508296
 20
3189561.490337671
 10
393885.1861037841
 20
3189518.490337671
 10
394161.4305240659
 20
3189465.490337671
 10
394379.6426172671
 20
3189405.160337671
 10
394660.1687239272
 20
3189380.330337671
 10
395019.8579112495
 20
3189347.960337671
 10
395300.3840179091
 20
3189341.120337671
 10
395580.9101245688
 20
3189332.720337671
 10
395861.4362312284
 20
3189333.290337671
 10
396080.8623652239
 20
3189338.990337671
 10
396300.2884992191
 20
3189344.470337671
 10
396659.9776865413
 20
3189351.360337671
 10
396861.3407125388
 20
3189358.780337671
 10
397080.766846531
 20
3189389.010337671
 10
397239.0930078591
 20
3189394.440337671
 10
397361.2929531911
 20
3189433.860337671
 10
397580.7190871862
 20
3189472.980337671
 10
397722.9493028198
 20
3189471.690337671
 10
397739.0452485143
 20
3189471.060337671
 10
397848.8309541944
 20
3189514.490337671
 10
398003.9457359583
 20
3189519.290337671
 10
398100.414502414
 20
3189526.990337671
 10
398165.831509901
 20
3189521.690337671
 10
398268.3661689409
 20
3189536.390337671
 10
398356.1982169495
 20
3189575.490337671
 10
398412.261279677
 20
3189576.490337671
 10
398464.7976258518
 20
3189554.990337671
 10
398674.0130855532
 20
3189524.790337671
 10
398917.9312939706
 20
3189515.990337671
 10
399121.9958547118
 20
3189515.590337671
 10
399124.6011820271
 20
3189515.654993733
  0
TEXT
  5
D9E
102
{ACAD_REACTORS
330
EE2
102
}
330
18
100
AcDbEntity
  8
ZDMT5
  6
Continuous
100
AcDbText
 10
391459.1245868016
 20
3189273.633194814
 30
0.0
 40
3.0
  1
0.0
 50
90.0
 41
0.8
  7
HZ
 72
     1
 11
391459.5245868016
 21
3189276.490337671
 31
0.0
100
AcDbText
 73
     1
  0
TEXT
  5
D9F
102
{ACAD_REACTORS
330
EE2
102
}
330
18
100
AcDbEntity
  8
ZDMT5
  6
Continuous
100
AcDbText
 10
391459.1245868016
 20
3189288.847480529
 30
0.0
 40
3.0
  1
22.50
 50
90.0
 41
0.8
  7
HZ
 72
     1
 11
391459.5245868016
 21
3189293.990337671
 31
0.0
100
AcDbText
 73
     1
  0
LINE
  5
DA0
102
{ACAD_REACTORS
330
EE2
102
}
330
18
100
AcDbEntity
  8
ZDMT5
  6
Continuous
100
AcDbLine
 10
391460.0245868016
 20
3189266.490337671
 30
0.0
 11
391460.0245868016
 21
3189301.490337671
 31
0.0
  0
TEXT
  5
DA1
102
{ACAD_REACTORS
330
EE2
102
}
330
18
100
AcDbEntity
  8
ZDMT5
  6
Continuous
100
AcDbText
 10
391533.8954910664
 20
3189273.633194814
 30
0.0
 40
3.0
  1
7.5
 50
90.0
 41
0.8
  7
HZ
 72
     1
 11
391534.2954910665
 21
3189276.490337671
 31
0.0
100
AcDbText
 73
     1
  0
TEXT
  5
DA2
102
{ACAD_REACTORS
330
EE2
102
}
330
18
100
AcDbEntity
  8
ZDMT5
  6
Continuous
100
AcDbText
 10
391533.8954910664
 20
3189288.847480529
 30
0.0
 40
3.0
  1
20.70
 50
90.0
 41
0.8
  7
HZ
 72
     1
 11
391534.2954910665
 21
3189293.990337671
 31
0.0
100
AcDbText
 73
     1
  0
LINE
  5
DA3
102
{ACAD_REACTORS
330
EE2
102
}
330
18
100
AcDbEntity
  8
ZDMT5
  6
Continuous
100
AcDbLine
 10
391534.7954910665
 20
3189266.490337671
 30
0.0
 11
391534.7954910665
 21
3189301.490337671
 31
0.0
  0
TEXT
  5
DA4
102
{ACAD_REACTORS
330
EE2
102
}
330
18
100
AcDbEntity
  8
ZDMT5
  6
Continuous
100
AcDbText
 10
392396.8011331704
 20
3189272.490337671
 30
0.0
 40
3.0
  1
93.8
 50
90.0
 41
0.8
  7
HZ
 72
     1
 11
392397.2011331705
 21
3189276.490337671
 31
0.0
100
AcDbText
 73
     1
  0
TEXT
  5
DA5
102
{ACAD_REACTORS
330
EE2
102
}
330
18
100
AcDbEntity
  8
ZDMT5
  6
Continuous
100
AcDbText
 10
392396.8011331704
 20
3189288.847480529
 30
0.0
 40
3.0
  1
20.60
 50
90.0
 41
0.8
  7
HZ
 72
     1
 11
392397.2011331705
 21
3189293.990337671
 31
0.0
100
AcDbText
 73
     1
  0
LINE
  5
DA6
102
{ACAD_REACTORS
330
EE2
102
}
330
18
100
AcDbEntity
  8
ZDMT5
  6
Continuous
100
AcDbLine
 10
392397.7011331705
 20
3189266.490337671
 30
0.0
 11
392397.7011331705
 21
3189301.490337671
 31
0.0
  0
TEXT
  5
DA7
102
{ACAD_REACTORS
330
EE2
102
}
330
18
100
AcDbEntity
  8
ZDMT5
  6
Continuous
100
AcDbText
 10
392745.6606390374
 20
3189271.176051957
 30
0.0
 40
3.0
  1
128.7
 50
90.0
 41
0.8
  7
HZ
 72
     1
 11
392746.0606390374
 21
3189276.490337671
 31
0.0
100
AcDbText
 73
     1
  0
TEXT
  5
DA8
102
{ACAD_REACTORS
330
EE2
102
}
330
18
100
AcDbEntity
  8
ZDMT5
  6
Continuous
100
AcDbText
 10
392745.6606390374
 20
3189288.676051957
 30
0.0
 40
3.0
  1
18.55
 50
90.0
 41
0.8
  7
HZ
 72
     1
 11
392746.0606390374
 21
3189293.990337671
 31
0.0
100
AcDbText
 73
     1
  0
LINE
  5
DA9
102
{ACAD_REACTORS
330
EE2
102
}
330
18
100
AcDbEntity
  8
ZDMT5
  6
Continuous
100
AcDbLine
 10
392746.5606390374
 20
3189266.490337671
 30
0.0
 11
392746.5606390374
 21
3189301.490337671
 31
0.0
  0
TEXT
  5
DAA
102
{ACAD_REACTORS
330
EE2
102
}
330
18
100
AcDbEntity
  8
ZDMT5
  6
Continuous
100
AcDbText
 10
393411.0654053078
 20
3189271.176051957
 30
0.0
 40
3.0
  1
195.2
 50
90.0
 41
0.8
  7
HZ
 72
     1
 11
393411.4654053078
 21
3189276.490337671
 31
0.0
100
AcDbText
 73
     1
  0
TEXT
  5
DAB
102
{ACAD_REACTORS
330
EE2
102
}
330
18
100
AcDbEntity
  8
ZDMT5
  6
Continuous
100
AcDbText
 10
393411.0654053078
 20
3189288.790337671
 30
0.0
 40
3.0
  1
22.34
 50
90.0
 41
0.8
  7
HZ
 72
     1
 11
393411.4654053078
 21
3189293.990337671
 31
0.0
100
AcDbText
 73
     1
  0
LINE
  5
DAC
102
{ACAD_REACTORS
330
EE2
102
}
330
18
100
AcDbEntity
  8
ZDMT5
  6
Continuous
100
AcDbLine
 10
393411.9654053078
 20
3189266.490337671
 30
0.0
 11
393411.9654053078
 21
3189301.490337671
 31
0.0
  0
TEXT
  5
DAD
102
{ACAD_REACTORS
330
EE2
102
}
330
18
100
AcDbEntity
  8
ZDMT5
  6
Continuous
100
AcDbText
 10
393610.3788508296
 20
3189271.690337671
 30
0.0
 40
3.0
  1
215.1
 50
90.0
 41
0.8
  7
HZ
 72
     1
 11
393610.7788508296
 21
3189276.490337671
 31
0.0
100
AcDbText
 73
     1
  0
TEXT
  5
DAE
102
{ACAD_REACTORS
330
EE2
102
}
330
18
100
AcDbEntity
  8
ZDMT5
  6
Continuous
100
AcDbText
 10
393610.3788508296
 20
3189288.847480529
 30
0.0
 40
3.0
  1
22.00
 50
90.0
 41
0.8
  7
HZ
 72
     1
 11
393610.7788508296
 21
3189293.990337671
 31
0.0
100
AcDbText
 73
     1
  0
LINE
  5
DAF
102
{ACAD_REACTORS
330
EE2
102
}
330
18
100
AcDbEntity
  8
ZDMT5
  6
Continuous
100
AcDbLine
 10
393611.2788508296
 20
3189266.490337671
 30
0.0
 11
393611.2788508296
 21
3189301.490337671
 31
0.0
  0
TEXT
  5
DB0
102
{ACAD_REACTORS
330
EE2
102
}
330
18
100
AcDbEntity
  8
ZDMT5
  6
Continuous
100
AcDbText
 10
393884.286103784
 20
3189271.347480529
 30
0.0
 40
3.0
  1
242.5
 50
90.0
 41
0.8
  7
HZ
 72
     1
 11
393884.6861037841
 21
3189276.490337671
 31
0.0
100
AcDbText
 73
     1
  0
TEXT
  5
DB1
102
{ACAD_REACTORS
330
EE2
102
}
330
18
100
AcDbEntity
  8
ZDMT5
  6
Continuous
100
AcDbText
 10
393884.286103784
 20
3189288.676051957
 30
0.0
 40
3.0
  1
17.70
 50
90.0
 41
0.8
  7
HZ
 72
     1
 11
393884.6861037841
 21
3189293.990337671
 31
0.0
100
AcDbText
 73
     1
  0
LINE
  5
DB2
102
{ACAD_REACTORS
330
EE2
102
}
330
18
100
AcDbEntity
  8
ZDMT5
  6
Continuous
100
AcDbLine
 10
393885.1861037841
 20
3189266.490337671
 30
0.0
 11
393885.1861037841
 21
3189301.490337671
 31
0.0
  0
TEXT
  5
DB3
102
{ACAD_REACTORS
330
EE2
102
}
330
18
100
AcDbEntity
  8
ZDMT5
  6
Continuous
100
AcDbText
 10
394160.5305240659
 20
3189271.690337671
 30
0.0
 40
3.0
  1
270.1
 50
90.0
 41
0.8
  7
HZ
 72
     1
 11
394160.9305240659
 21
3189276.490337671
 31
0.0
100
AcDbText
 73
     1
  0
TEXT
  5
DB4
102
{ACAD_REACTORS
330
EE2
102
}
330
18
100
AcDbEntity
  8
ZDMT5
  6
Continuous
100
AcDbText
 10
394160.5305240659
 20
3189288.676051957
 30
0.0
 40
3.0
  1
12.40
 50
90.0
 41
0.8
  7
HZ
 72
     1
 11
394160.9305240659
 21
3189293.990337671
 31
0.0
100
AcDbText
 73
     1
  0
LINE
  5
DB5
102
{ACAD_REACTORS
330
EE2
102
}
330
18
100
AcDbEntity
  8
ZDMT5
  6
Continuous
100
AcDbLine
 10
394161.4305240659
 20
3189266.490337671
 30
0.0
 11
394161.4305240659
 21
3189301.490337671
 31
0.0
  0
TEXT
  5
DB6
102
{ACAD_REACTORS
330
EE2
102
}
330
18
100
AcDbEntity
  8
ZDMT5
  6
Continuous
100
AcDbText
 10
394378.7426172671
 20
3189271.347480529
 30
0.0
 40
3.0
  1
292.0
 50
90.0
 41
0.8
  7
HZ
 72
     1
 11
394379.1426172671
 21
3189276.490337671
 31
0.0
100
AcDbText
 73
     1
  0
TEXT
  5
DB7
102
{ACAD_REACTORS
330
EE2
102
}
330
18
100
AcDbEntity
  8
ZDMT5
  6
Continuous
100
AcDbText
 10
394378.7426172671
 20
3189289.933194814
 30
0.0
 40
3.0
  1
6.37
 50
90.0
 41
0.8
  7
HZ
 72
     1
 11
394379.1426172671
 21
3189293.990337671
 31
0.0
100
AcDbText
 73
     1
  0
LINE
  5
DB8
102
{ACAD_REACTORS
330
EE2
102
}
330
18
100
AcDbEntity
  8
ZDMT5
  6
Continuous
100
AcDbLine
 10
394379.6426172671
 20
3189266.490337671
 30
0.0
 11
394379.6426172671
 21
3189301.490337671
 31
0.0
  0
TEXT
  5
DB9
102
{ACAD_REACTORS
330
EE2
102
}
330
18
100
AcDbEntity
  8
ZDMT5
  6
Continuous
100
AcDbText
 10
394659.2687239271
 20
3189271.347480529
 30
0.0
 40
3.0
  1
320.0
 50
90.0
 41
0.8
  7
HZ
 72
     1
 11
394659.6687239272
 21
3189276.490337671
 31
0.0
100
AcDbText
 73
     1
  0
TEXT
  5
DBA
102
{ACAD_REACTORS
330
EE2
102
}
330
18
100
AcDbEntity
  8
ZDMT5
  6
Continuous
100
AcDbText
 10
394659.2687239271
 20
3189289.990337671
 30
0.0
 40
3.0
  1
3.88
 50
90.0
 41
0.8
  7
HZ
 72
     1
 11
394659.6687239272
 21
3189293.990337671
 31
0.0
100
AcDbText
 73
     1
  0
LINE
  5
DBB
102
{ACAD_REACTORS
330
EE2
102
}
330
18
100
AcDbEntity
  8
ZDMT5
  6
Continuous
100
AcDbLine
 10
394660.1687239272
 20
3189266.490337671
 30
0.0
 11
394660.1687239272
 21
3189301.490337671
 31
0.0
  0
TEXT
  5
DBC
102
{ACAD_REACTORS
330
EE2
102
}
330
18
100
AcDbEntity
  8
ZDMT5
  6
Continuous
100
AcDbText
 10
395018.9579112495
 20
3189271.347480529
 30
0.0
 40
3.0
  1
356.0
 50
90.0
 41
0.8
  7
HZ
 72
     1
 11
395019.3579112495
 21
3189276.490337671
 31
0.0
100
AcDbText
 73
     1
  0
TEXT
  5
DBD
102
{ACAD_REACTORS
330
EE2
102
}
330
18
100
AcDbEntity
  8
ZDMT5
  6
Continuous
100
AcDbText
 10
395018.9579112495
 20
3189289.990337671
 30
0.0
 40
3.0
  1
0.65
 50
90.0
 41
0.8
  7
HZ
 72
     1
 11
395019.3579112495
 21
3189293.990337671
 31
0.0
100
AcDbText
 73
     1
  0
LINE
  5
DBE
102
{ACAD_REACTORS
330
EE2
102
}
330
18
100
AcDbEntity
  8
ZDMT5
  6
Continuous
100
AcDbLine
 10
395019.8579112495
 20
3189266.490337671
 30
0.0
 11
395019.8579112495
 21
3189301.490337671
 31
0.0
  0
TEXT
  5
DBF
102
{ACAD_REACTORS
330
EE2
102
}
330
18
100
AcDbEntity
  8
ZDMT5
  6
Continuous
100
AcDbText
 10
395299.4840179091
 20
3189271.347480529
 30
0.0
 40
3.0
  1
384.0
 50
90.0
 41
0.8
  7
HZ
 72
     1
 11
395299.8840179091
 21
3189276.490337671
 31
0.0
100
AcDbText
 73
     1
  0
TEXT
  5
DC0
102
{ACAD_REACTORS
330
EE2
102
}
330
18
100
AcDbEntity
  8
ZDMT5
  6
Continuous
100
AcDbText
 10
395299.4840179091
 20
3189288.390337671
 30
0.0
 40
3.0
  1
-0.04
 50
90.0
 41
0.8
  7
HZ
 72
     1
 11
395299.8840179091
 21
3189293.990337671
 31
0.0
100
AcDbText
 73
     1
  0
LINE
  5
DC1
102
{ACAD_REACTORS
330
EE2
102
}
330
18
100
AcDbEntity
  8
ZDMT5
  6
Continuous
100
AcDbLine
 10
395300.3840179091
 20
3189266.490337671
 30
0.0
 11
395300.3840179091
 21
3189301.490337671
 31
0.0
  0
TEXT
  5
DC2
102
{ACAD_REACTORS
330
EE2
102
}
330
18
100
AcDbEntity
  8
ZDMT5
  6
Continuous
100
AcDbText
 10
395580.0101245688
 20
3189271.690337671
 30
0.0
 40
3.0
  1
412.1
 50
90.0
 41
0.8
  7
HZ
 72
     1
 11
395580.4101245688
 21
3189276.490337671
 31
0.0
100
AcDbText
 73
     1
  0
TEXT
  5
DC3
102
{ACAD_REACTORS
330
EE2
102
}
330
18
100
AcDbEntity
  8
ZDMT5
  6
Continuous
100
AcDbText
 10
395580.0101245688
 20
3189288.447480529
 30
0.0
 40
3.0
  1
-0.88
 50
90.0
 41
0.8
  7
HZ
 72
     1
 11
395580.4101245688
 21
3189293.990337671
 31
0.0
100
AcDbText
 73
     1
  0
LINE
  5
DC4
102
{ACAD_REACTORS
330
EE2
102
}
330
18
100
AcDbEntity
  8
ZDMT5
  6
Continuous
100
AcDbLine
 10
395580.9101245688
 20
3189266.490337671
 30
0.0
 11
395580.9101245688
 21
3189301.490337671
 31
0.0
  0
TEXT
  5
DC5
102
{ACAD_REACTORS
330
EE2
102
}
330
18
100
AcDbEntity
  8
ZDMT5
  6
Continuous
100
AcDbText
 10
395860.5362312284
 20
3189271.690337671
 30
0.0
 40
3.0
  1
440.1
 50
90.0
 41
0.8
  7
HZ
 72
     1
 11
395860.9362312284
 21
3189276.490337671
 31
0.0
100
AcDbText
 73
     1
  0
TEXT
  5
DC6
102
{ACAD_REACTORS
330
EE2
102
}
330
18
100
AcDbEntity
  8
ZDMT5
  6
Continuous
100
AcDbText
 10
395860.5362312284
 20
3189288.447480529
 30
0.0
 40
3.0
  1
-0.82
 50
90.0
 41
0.8
  7
HZ
 72
     1
 11
395860.9362312284
 21
3189293.990337671
 31
0.0
100
AcDbText
 73
     1
  0
LINE
  5
DC7
102
{ACAD_REACTORS
330
EE2
102
}
330
18
100
AcDbEntity
  8
ZDMT5
  6
Continuous
100
AcDbLine
 10
395861.4362312284
 20
3189266.490337671
 30
0.0
 11
395861.4362312284
 21
3189301.490337671
 31
0.0
  0
TEXT
  5
DC8
102
{ACAD_REACTORS
330
EE2
102
}
330
18
100
AcDbEntity
  8
ZDMT5
  6
Continuous
100
AcDbText
 10
396079.9623652239
 20
3189271.690337671
 30
0.0
 40
3.0
  1
462.1
 50
90.0
 41
0.8
  7
HZ
 72
     1
 11
396080.3623652239
 21
3189276.490337671
 31
0.0
100
AcDbText
 73
     1
  0
TEXT
  5
DC9
102
{ACAD_REACTORS
330
EE2
102
}
330
18
100
AcDbEntity
  8
ZDMT5
  6
Continuous
100
AcDbText
 10
396079.9623652239
 20
3189288.447480529
 30
0.0
 40
3.0
  1
-0.25
 50
90.0
 41
0.8
  7
HZ
 72
     1
 11
396080.3623652239
 21
3189293.990337671
 31
0.0
100
AcDbText
 73
     1
  0
LINE
  5
DCA
102
{ACAD_REACTORS
330
EE2
102
}
330
18
100
AcDbEntity
  8
ZDMT5
  6
Continuous
100
AcDbLine
 10
396080.8623652239
 20
3189266.490337671
 30
0.0
 11
396080.8623652239
 21
3189301.490337671
 31
0.0
  0
TEXT
  5
DCB
102
{ACAD_REACTORS
330
EE2
102
}
330
18
100
AcDbEntity
  8
ZDMT5
  6
Continuous
100
AcDbText
 10
396299.388499219
 20
3189271.347480529
 30
0.0
 40
3.0
  1
484.0
 50
90.0
 41
0.8
  7
HZ
 72
     1
 11
396299.7884992191
 21
3189276.490337671
 31
0.0
100
AcDbText
 73
     1
  0
TEXT
  5
DCC
102
{ACAD_REACTORS
330
EE2
102
}
330
18
100
AcDbEntity
  8
ZDMT5
  6
Continuous
100
AcDbText
 10
396299.388499219
 20
3189289.990337671
 30
0.0
 40
3.0
  1
0.30
 50
90.0
 41
0.8
  7
HZ
 72
     1
 11
396299.7884992191
 21
3189293.990337671
 31
0.0
100
AcDbText
 73
     1
  0
LINE
  5
DCD
102
{ACAD_REACTORS
330
EE2
102
}
330
18
100
AcDbEntity
  8
ZDMT5
  6
Continuous
100
AcDbLine
 10
396300.2884992191
 20
3189266.490337671
 30
0.0
 11
396300.2884992191
 21
3189301.490337671
 31
0.0
  0
TEXT
  5
DCE
102
{ACAD_REACTORS
330
EE2
102
}
330
18
100
AcDbEntity
  8
ZDMT5
  6
Continuous
100
AcDbText
 10
396659.0776865413
 20
3189271.347480529
 30
0.0
 40
3.0
  1
520.0
 50
90.0
 41
0.8
  7
HZ
 72
     1
 11
396659.4776865413
 21
3189276.490337671
 31
0.0
100
AcDbText
 73
     1
  0
TEXT
  5
DCF
102
{ACAD_REACTORS
330
EE2
102
}
330
18
100
AcDbEntity
  8
ZDMT5
  6
Continuous
100
AcDbText
 10
396659.0776865413
 20
3189290.047480528
 30
0.0
 40
3.0
  1
0.99
 50
90.0
 41
0.8
  7
HZ
 72
     1
 11
396659.4776865413
 21
3189293.990337671
 31
0.0
100
AcDbText
 73
     1
  0
LINE
  5
DD0
102
{ACAD_REACTORS
330
EE2
102
}
330
18
100
AcDbEntity
  8
ZDMT5
  6
Continuous
100
AcDbLine
 10
396659.9776865413
 20
3189266.490337671
 30
0.0
 11
396659.9776865413
 21
3189301.490337671
 31
0.0
  0
TEXT
  5
DD1
102
{ACAD_REACTORS
330
EE2
102
}
330
18
100
AcDbEntity
  8
ZDMT5
  6
Continuous
100
AcDbText
 10
396860.4407125388
 20
3189271.690337671
 30
0.0
 40
3.0
  1
540.1
 50
90.0
 41
0.8
  7
HZ
 72
     1
 11
396860.8407125388
 21
3189276.490337671
 31
0.0
100
AcDbText
 73
     1
  0
TEXT
  5
DD2
102
{ACAD_REACTORS
330
EE2
102
}
330
18
100
AcDbEntity
  8
ZDMT5
  6
Continuous
100
AcDbText
 10
396860.4407125388
 20
3189289.8189091
 30
0.0
 40
3.0
  1
1.73
 50
90.0
 41
0.8
  7
HZ
 72
     1
 11
396860.8407125388
 21
3189293.990337671
 31
0.0
100
AcDbText
 73
     1
  0
LINE
  5
DD3
102
{ACAD_REACTORS
330
EE2
102
}
330
18
100
AcDbEntity
  8
ZDMT5
  6
Continuous
100
AcDbLine
 10
396861.3407125388
 20
3189266.490337671
 30
0.0
 11
396861.3407125388
 21
3189301.490337671
 31
0.0
  0
TEXT
  5
DD4
102
{ACAD_REACTORS
330
EE2
102
}
330
18
100
AcDbEntity
  8
ZDMT5
  6
Continuous
100
AcDbText
 10
397079.866846531
 20
3189271.690337671
 30
0.0
 40
3.0
  1
562.1
 50
90.0
 41
0.8
  7
HZ
 72
     1
 11
397080.266846531
 21
3189276.490337671
 31
0.0
100
AcDbText
 73
     1
  0
TEXT
  5
DD5
102
{ACAD_REACTORS
330
EE2
102
}
330
18
100
AcDbEntity
  8
ZDMT5
  6
Continuous
100
AcDbText
 10
397079.866846531
 20
3189289.990337671
 30
0.0
 40
3.0
  1
4.75
 50
90.0
 41
0.8
  7
HZ
 72
     1
 11
397080.266846531
 21
3189293.990337671
 31
0.0
100
AcDbText
 73
     1
  0
LINE
  5
DD6
102
{ACAD_REACTORS
330
EE2
102
}
330
18
100
AcDbEntity
  8
ZDMT5
  6
Continuous
100
AcDbLine
 10
397080.766846531
 20
3189266.490337671
 30
0.0
 11
397080.766846531
 21
3189301.490337671
 31
0.0
  0
TEXT
  5
DD7
102
{ACAD_REACTORS
330
EE2
102
}
330
18
100
AcDbEntity
  8
ZDMT5
  6
Continuous
100
AcDbText
 10
397238.1930078591
 20
3189271.404623386
 30
0.0
 40
3.0
  1
577.9
 50
90.0
 41
0.8
  7
HZ
 72
     1
 11
397238.5930078591
 21
3189276.490337671
 31
0.0
100
AcDbText
 73
     1
  0
TEXT
  5
DD8
102
{ACAD_REACTORS
330
EE2
102
}
330
18
100
AcDbEntity
  8
ZDMT5
  6
Continuous
100
AcDbText
 10
397238.1930078591
 20
3189290.047480528
 30
0.0
 40
3.0
  1
5.29
 50
90.0
 41
0.8
  7
HZ
 72
     1
 11
397238.5930078591
 21
3189293.990337671
 31
0.0
100
AcDbText
 73
     1
  0
LINE
  5
DD9
102
{ACAD_REACTORS
330
EE2
102
}
330
18
100
AcDbEntity
  8
ZDMT5
  6
Continuous
100
AcDbLine
 10
397239.0930078591
 20
3189266.490337671
 30
0.0
 11
397239.0930078591
 21
3189301.490337671
 31
0.0
  0
TEXT
  5
DDA
102
{ACAD_REACTORS
330
EE2
102
}
330
18
100
AcDbEntity
  8
ZDMT5
  6
Continuous
100
AcDbText
 10
397360.3929531911
 20
3189271.690337671
 30
0.0
 40
3.0
  1
590.1
 50
90.0
 41
0.8
  7
HZ
 72
     1
 11
397360.7929531911
 21
3189276.490337671
 31
0.0
100
AcDbText
 73
     1
  0
TEXT
  5
DDB
102
{ACAD_REACTORS
330
EE2
102
}
330
18
100
AcDbEntity
  8
ZDMT5
  6
Continuous
100
AcDbText
 10
397360.3929531911
 20
3189289.933194814
 30
0.0
 40
3.0
  1
9.24
 50
90.0
 41
0.8
  7
HZ
 72
     1
 11
397360.7929531911
 21
3189293.990337671
 31
0.0
100
AcDbText
 73
     1
  0
LINE
  5
DDC
102
{ACAD_REACTORS
330
EE2
102
}
330
18
100
AcDbEntity
  8
ZDMT5
  6
Continuous
100
AcDbLine
 10
397361.2929531911
 20
3189266.490337671
 30
0.0
 11
397361.2929531911
 21
3189301.490337671
 31
0.0
  0
TEXT
  5
DDD
102
{ACAD_REACTORS
330
EE2
102
}
330
18
100
AcDbEntity
  8
ZDMT5
  6
Continuous
100
AcDbText
 10
397579.8190871862
 20
3189271.633194814
 30
0.0
 40
3.0
  1
612.1
 50
90.0
 41
0.8
  7
HZ
 72
     1
 11
397580.2190871862
 21
3189276.490337671
 31
0.0
100
AcDbText
 73
     1
  0
TEXT
  5
DDE
102
{ACAD_REACTORS
330
EE2
102
}
330
18
100
AcDbEntity
  8
ZDMT5
  6
Continuous
100
AcDbText
 10
397579.8190871862
 20
3189288.676051957
 30
0.0
 40
3.0
  1
13.15
 50
90.0
 41
0.8
  7
HZ
 72
     1
 11
397580.2190871862
 21
3189293.990337671
 31
0.0
100
AcDbText
 73
     1
  0
LINE
  5
DDF
102
{ACAD_REACTORS
330
EE2
102
}
330
18
100
AcDbEntity
  8
ZDMT5
  6
Continuous
100
AcDbLine
 10
397580.7190871862
 20
3189266.490337671
 30
0.0
 11
397580.7190871862
 21
3189301.490337671
 31
0.0
  0
TEXT
  5
DE0
102
{ACAD_REACTORS
330
EE2
102
}
330
18
100
AcDbEntity
  8
ZDMT5
  6
Continuous
100
AcDbText
 10
397722.0493028198
 20
3189271.290337671
 30
0.0
 40
3.0
  1
626.3
 50
90.0
 41
0.8
  7
HZ
 72
     1
 11
397722.4493028198
 21
3189276.490337671
 31
0.0
100
AcDbText
 73
     1
  0
TEXT
  5
DE1
102
{ACAD_REACTORS
330
EE2
102
}
330
18
100
AcDbEntity
  8
ZDMT5
  6
Continuous
100
AcDbText
 10
397722.0493028198
 20
3189288.676051957
 30
0.0
 40
3.0
  1
13.02
 50
90.0
 41
0.8
  7
HZ
 72
     1
 11
397722.4493028198
 21
3189293.990337671
 31
0.0
100
AcDbText
 73
     1
  0
LINE
  5
DE2
102
{ACAD_REACTORS
330
EE2
102
}
330
18
100
AcDbEntity
  8
ZDMT5
  6
Continuous
100
AcDbLine
 10
397722.9493028198
 20
3189266.490337671
 30
0.0
 11
397722.9493028198
 21
3189301.490337671
 31
0.0
  0
TEXT
  5
DE3
102
{ACAD_REACTORS
330
EE2
102
}
330
18
100
AcDbEntity
  8
ZDMT5
  6
Continuous
100
AcDbText
 10
397738.1452485143
 20
3189271.347480529
 30
0.0
 40
3.0
  1
627.9
 50
90.0
 41
0.8
  7
HZ
 72
     1
 11
397738.5452485143
 21
3189276.490337671
 31
0.0
100
AcDbText
 73
     1
  0
TEXT
  5
DE4
102
{ACAD_REACTORS
330
EE2
102
}
330
18
100
AcDbEntity
  8
ZDMT5
  6
Continuous
100
AcDbText
 10
397738.1452485143
 20
3189288.676051957
 30
0.0
 40
3.0
  1
12.96
 50
90.0
 41
0.8
  7
HZ
 72
     1
 11
397738.5452485143
 21
3189293.990337671
 31
0.0
100
AcDbText
 73
     1
  0
LINE
  5
DE5
102
{ACAD_REACTORS
330
EE2
102
}
330
18
100
AcDbEntity
  8
ZDMT5
  6
Continuous
100
AcDbLine
 10
397739.0452485143
 20
3189266.490337671
 30
0.0
 11
397739.0452485143
 21
3189301.490337671
 31
0.0
  0
TEXT
  5
DE6
102
{ACAD_REACTORS
330
EE2
102
}
330
18
100
AcDbEntity
  8
ZDMT5
  6
Continuous
100
AcDbText
 10
397847.9309541944
 20
3189271.347480529
 30
0.0
 40
3.0
  1
638.9
 50
90.0
 41
0.8
  7
HZ
 72
     1
 11
397848.3309541944
 21
3189276.490337671
 31
0.0
100
AcDbText
 73
     1
  0
TEXT
  5
DE7
102
{ACAD_REACTORS
330
EE2
102
}
330
18
100
AcDbEntity
  8
ZDMT5
  6
Continuous
100
AcDbText
 10
397847.9309541944
 20
3189288.676051957
 30
0.0
 40
3.0
  1
17.30
 50
90.0
 41
0.8
  7
HZ
 72
     1
 11
397848.3309541944
 21
3189293.990337671
 31
0.0
100
AcDbText
 73
     1
  0
LINE
  5
DE8
102
{ACAD_REACTORS
330
EE2
102
}
330
18
100
AcDbEntity
  8
ZDMT5
  6
Continuous
100
AcDbLine
 10
397848.8309541944
 20
3189266.490337671
 30
0.0
 11
397848.8309541944
 21
3189301.490337671
 31
0.0
  0
TEXT
  5
DE9
102
{ACAD_REACTORS
330
EE2
102
}
330
18
100
AcDbEntity
  8
ZDMT5
  6
Continuous
100
AcDbText
 10
398003.0457359583
 20
3189271.233194814
 30
0.0
 40
3.0
  1
654.4
 50
90.0
 41
0.8
  7
HZ
 72
     1
 11
398003.4457359583
 21
3189276.490337671
 31
0.0
100
AcDbText
 73
     1
  0
TEXT
  5
DEA
102
{ACAD_REACTORS
330
EE2
102
}
330
18
100
AcDbEntity
  8
ZDMT5
  6
Continuous
100
AcDbText
 10
398003.0457359583
 20
3189288.676051957
 30
0.0
 40
3.0
  1
17.78
 50
90.0
 41
0.8
  7
HZ
 72
     1
 11
398003.4457359583
 21
3189293.990337671
 31
0.0
100
AcDbText
 73
     1
  0
LINE
  5
DEB
102
{ACAD_REACTORS
330
EE2
102
}
330
18
100
AcDbEntity
  8
ZDMT5
  6
Continuous
100
AcDbLine
 10
398003.9457359583
 20
3189266.490337671
 30
0.0
 11
398003.9457359583
 21
3189301.490337671
 31
0.0
  0
TEXT
  5
DEC
102
{ACAD_REACTORS
330
EE2
102
}
330
18
100
AcDbEntity
  8
ZDMT5
  6
Continuous
100
AcDbText
 10
398099.514502414
 20
3189271.290337671
 30
0.0
 40
3.0
  1
664.0
 50
90.0
 41
0.8
  7
HZ
 72
     1
 11
398099.914502414
 21
3189276.490337671
 31
0.0
100
AcDbText
 73
     1
  0
TEXT
  5
DED
102
{ACAD_REACTORS
330
EE2
102
}
330
18
100
AcDbEntity
  8
ZDMT5
  6
Continuous
100
AcDbText
 10
398099.514502414
 20
3189288.676051957
 30
0.0
 40
3.0
  1
18.55
 50
90.0
 41
0.8
  7
HZ
 72
     1
 11
398099.914502414
 21
3189293.990337671
 31
0.0
100
AcDbText
 73
     1
  0
LINE
  5
DEE
102
{ACAD_REACTORS
330
EE2
102
}
330
18
100
AcDbEntity
  8
ZDMT5
  6
Continuous
100
AcDbLine
 10
398100.414502414
 20
3189266.490337671
 30
0.0
 11
398100.414502414
 21
3189301.490337671
 31
0.0
  0
TEXT
  5
DEF
102
{ACAD_REACTORS
330
EE2
102
}
330
18
100
AcDbEntity
  8
ZDMT5
  6
Continuous
100
AcDbText
 10
398164.931509901
 20
3189271.290337671
 30
0.0
 40
3.0
  1
670.6
 50
90.0
 41
0.8
  7
HZ
 72
     1
 11
398165.331509901
 21
3189276.490337671
 31
0.0
100
AcDbText
 73
     1
  0
TEXT
  5
DF0
102
{ACAD_REACTORS
330
EE2
102
}
330
18
100
AcDbEntity
  8
ZDMT5
  6
Continuous
100
AcDbText
 10
398164.931509901
 20
3189288.676051957
 30
0.0
 40
3.0
  1
18.02
 50
90.0
 41
0.8
  7
HZ
 72
     1
 11
398165.331509901
 21
3189293.990337671
 31
0.0
100
AcDbText
 73
     1
  0
LINE
  5
DF1
102
{ACAD_REACTORS
330
EE2
102
}
330
18
100
AcDbEntity
  8
ZDMT5
  6
Continuous
100
AcDbLine
 10
398165.831509901
 20
3189266.490337671
 30
0.0
 11
398165.831509901
 21
3189301.490337671
 31
0.0
  0
TEXT
  5
DF2
102
{ACAD_REACTORS
330
EE2
102
}
330
18
100
AcDbEntity
  8
ZDMT5
  6
Continuous
100
AcDbText
 10
398267.4661689409
 20
3189271.290337671
 30
0.0
 40
3.0
  1
680.8
 50
90.0
 41
0.8
  7
HZ
 72
     1
 11
398267.8661689409
 21
3189276.490337671
 31
0.0
100
AcDbText
 73
     1
  0
TEXT
  5
DF3
102
{ACAD_REACTORS
330
EE2
102
}
330
18
100
AcDbEntity
  8
ZDMT5
  6
Continuous
100
AcDbText
 10
398267.4661689409
 20
3189288.733194814
 30
0.0
 40
3.0
  1
19.49
 50
90.0
 41
0.8
  7
HZ
 72
     1
 11
398267.8661689409
 21
3189293.990337671
 31
0.0
100
AcDbText
 73
     1
  0
LINE
  5
DF4
102
{ACAD_REACTORS
330
EE2
102
}
330
18
100
AcDbEntity
  8
ZDMT5
  6
Continuous
100
AcDbLine
 10
398268.3661689409
 20
3189266.490337671
 30
0.0
 11
398268.3661689409
 21
3189301.490337671
 31
0.0
  0
TEXT
  5
DF5
102
{ACAD_REACTORS
330
EE2
102
}
330
18
100
AcDbEntity
  8
ZDMT5
  6
Continuous
100
AcDbText
 10
398355.2982169495
 20
3189271.290337671
 30
0.0
 40
3.0
  1
689.6
 50
90.0
 41
0.8
  7
HZ
 72
     1
 11
398355.6982169495
 21
3189276.490337671
 31
0.0
100
AcDbText
 73
     1
  0
TEXT
  5
DF6
102
{ACAD_REACTORS
330
EE2
102
}
330
18
100
AcDbEntity
  8
ZDMT5
  6
Continuous
100
AcDbText
 10
398355.2982169495
 20
3189288.847480529
 30
0.0
 40
3.0
  1
23.40
 50
90.0
 41
0.8
  7
HZ
 72
     1
 11
398355.6982169495
 21
3189293.990337671
 31
0.0
100
AcDbText
 73
     1
  0
LINE
  5
DF7
102
{ACAD_REACTORS
330
EE2
102
}
330
18
100
AcDbEntity
  8
ZDMT5
  6
Continuous
100
AcDbLine
 10
398356.1982169495
 20
3189266.490337671
 30
0.0
 11
398356.1982169495
 21
3189301.490337671
 31
0.0
  0
TEXT
  5
DF8
102
{ACAD_REACTORS
330
EE2
102
}
330
18
100
AcDbEntity
  8
ZDMT5
  6
Continuous
100
AcDbText
 10
398411.361279677
 20
3189271.290337671
 30
0.0
 40
3.0
  1
695.2
 50
90.0
 41
0.8
  7
HZ
 72
     1
 11
398411.761279677
 21
3189276.490337671
 31
0.0
100
AcDbText
 73
     1
  0
TEXT
  5
DF9
102
{ACAD_REACTORS
330
EE2
102
}
330
18
100
AcDbEntity
  8
ZDMT5
  6
Continuous
100
AcDbText
 10
398411.361279677
 20
3189288.847480529
 30
0.0
 40
3.0
  1
23.50
 50
90.0
 41
0.8
  7
HZ
 72
     1
 11
398411.761279677
 21
3189293.990337671
 31
0.0
100
AcDbText
 73
     1
  0
LINE
  5
DFA
102
{ACAD_REACTORS
330
EE2
102
}
330
18
100
AcDbEntity
  8
ZDMT5
  6
Continuous
100
AcDbLine
 10
398412.261279677
 20
3189266.490337671
 30
0.0
 11
398412.261279677
 21
3189301.490337671
 31
0.0
  0
TEXT
  5
DFB
102
{ACAD_REACTORS
330
EE2
102
}
330
18
100
AcDbEntity
  8
ZDMT5
  6
Continuous
100
AcDbText
 10
398463.8976258518
 20
3189271.347480529
 30
0.0
 40
3.0
  1
700.5
 50
90.0
 41
0.8
  7
HZ
 72
     1
 11
398464.2976258518
 21
3189276.490337671
 31
0.0
100
AcDbText
 73
     1
  0
TEXT
  5
DFC
102
{ACAD_REACTORS
330
EE2
102
}
330
18
100
AcDbEntity
  8
ZDMT5
  6
Continuous
100
AcDbText
 10
398463.8976258518
 20
3189288.847480529
 30
0.0
 40
3.0
  1
21.35
 50
90.0
 41
0.8
  7
HZ
 72
     1
 11
398464.2976258518
 21
3189293.990337671
 31
0.0
100
AcDbText
 73
     1
  0
LINE
  5
DFD
102
{ACAD_REACTORS
330
EE2
102
}
330
18
100
AcDbEntity
  8
ZDMT5
  6
Continuous
100
AcDbLine
 10
398464.7976258518
 20
3189266.490337671
 30
0.0
 11
398464.7976258518
 21
3189301.490337671
 31
0.0
  0
TEXT
  5
DFE
102
{ACAD_REACTORS
330
EE2
102
}
330
18
100
AcDbEntity
  8
ZDMT5
  6
Continuous
100
AcDbText
 10
398673.1130855532
 20
3189271.290337671
 30
0.0
 40
3.0
  1
721.4
 50
90.0
 41
0.8
  7
HZ
 72
     1
 11
398673.5130855532
 21
3189276.490337671
 31
0.0
100
AcDbText
 73
     1
  0
TEXT
  5
DFF
102
{ACAD_REACTORS
330
EE2
102
}
330
18
100
AcDbEntity
  8
ZDMT5
  6
Continuous
100
AcDbText
 10
398673.1130855532
 20
3189288.676051957
 30
0.0
 40
3.0
  1
18.33
 50
90.0
 41
0.8
  7
HZ
 72
     1
 11
398673.5130855532
 21
3189293.990337671
 31
0.0
100
AcDbText
 73
     1
  0
LINE
  5
E00
102
{ACAD_REACTORS
330
EE2
102
}
330
18
100
AcDbEntity
  8
ZDMT5
  6
Continuous
100
AcDbLine
 10
398674.0130855532
 20
3189266.490337671
 30
0.0
 11
398674.0130855532
 21
3189301.490337671
 31
0.0
  0
TEXT
  5
E01
102
{ACAD_REACTORS
330
EE2
102
}
330
18
100
AcDbEntity
  8
ZDMT5
  6
Continuous
100
AcDbText
 10
398917.0312939705
 20
3189271.347480529
 30
0.0
 40
3.0
  1
745.8
 50
90.0
 41
0.8
  7
HZ
 72
     1
 11
398917.4312939706
 21
3189276.490337671
 31
0.0
100
AcDbText
 73
     1
  0
TEXT
  5
E02
102
{ACAD_REACTORS
330
EE2
102
}
330
18
100
AcDbEntity
  8
ZDMT5
  6
Continuous
100
AcDbText
 10
398917.0312939705
 20
3189288.676051957
 30
0.0
 40
3.0
  1
17.45
 50
90.0
 41
0.8
  7
HZ
 72
     1
 11
398917.4312939706
 21
3189293.990337671
 31
0.0
100
AcDbText
 73
     1
  0
LINE
  5
E03
102
{ACAD_REACTORS
330
EE2
102
}
330
18
100
AcDbEntity
  8
ZDMT5
  6
Continuous
100
AcDbLine
 10
398917.9312939706
 20
3189266.490337671
 30
0.0
 11
398917.9312939706
 21
3189301.490337671
 31
0.0
  0
TEXT
  5
E04
102
{ACAD_REACTORS
330
EE2
102
}
330
18
100
AcDbEntity
  8
ZDMT5
  6
Continuous
100
AcDbText
 10
399121.0958547118
 20
3189271.347480529
 30
0.0
 40
3.0
  1
766.2
 50
90.0
 41
0.8
  7
HZ
 72
     1
 11
399121.4958547118
 21
3189276.490337671
 31
0.0
100
AcDbText
 73
     1
  0
TEXT
  5
E05
102
{ACAD_REACTORS
330
EE2
102
}
330
18
100
AcDbEntity
  8
ZDMT5
  6
Continuous
100
AcDbText
 10
399121.0958547118
 20
3189289.0189091
 30
0.0
 40
3.0
  1
17.41
 50
90.0
 41
0.8
  7
HZ
 72
     1
 11
399121.4958547118
 21
3189293.990337671
 31
0.0
100
AcDbText
 73
     1
  0
LINE
  5
E06
102
{ACAD_REACTORS
330
EE2
102
}
330
18
100
AcDbEntity
  8
ZDMT5
  6
Continuous
100
AcDbLine
 10
399121.9958547118
 20
3189266.490337671
 30
0.0
 11
399121.9958547118
 21
3189301.490337671
 31
0.0
  0
LINE
  5
E07
102
{ACAD_REACTORS
330
EE2
102
}
330
18
100
AcDbEntity
  8
ZDMT5
  6
X4
100
AcDbLine
 10
391460.0245868016
 20
3189301.490337671
 30
0.0
 11
391460.0245868016
 21
3189566.490337671
 31
0.0
  0
LINE
  5
E08
102
{ACAD_REACTORS
330
EE2
102
}
330
18
100
AcDbEntity
  8
ZDMT5
  6
X4
100
AcDbLine
 10
391534.7954910665
 20
3189301.490337671
 30
0.0
 11
391534.7954910665
 21
3189548.490337671
 31
0.0
  0
LINE
  5
E09
102
{ACAD_REACTORS
330
EE2
102
}
330
18
100
AcDbEntity
  8
ZDMT5
  6
X4
100
AcDbLine
 10
392397.7011331705
 20
3189301.490337671
 30
0.0
 11
392397.7011331705
 21
3189547.490337671
 31
0.0
  0
LINE
  5
E0A
102
{ACAD_REACTORS
330
EE2
102
}
330
18
100
AcDbEntity
  8
ZDMT5
  6
X4
100
AcDbLine
 10
392746.5606390374
 20
3189301.490337671
 30
0.0
 11
392746.5606390374
 21
3189526.990337671
 31
0.0
  0
LINE
  5
E0B
102
{ACAD_REACTORS
330
EE2
102
}
330
18
100
AcDbEntity
  8
ZDMT5
  6
X4
100
AcDbLine
 10
393411.9654053078
 20
3189301.490337671
 30
0.0
 11
393411.9654053078
 21
3189564.890337671
 31
0.0
  0
LINE
  5
E0C
102
{ACAD_REACTORS
330
EE2
102
}
330
18
100
AcDbEntity
  8
ZDMT5
  6
X4
100
AcDbLine
 10
393611.2788508296
 20
3189301.490337671
 30
0.0
 11
393611.2788508296
 21
3189561.490337671
 31
0.0
  0
LINE
  5
E0D
102
{ACAD_REACTORS
330
EE2
102
}
330
18
100
AcDbEntity
  8
ZDMT5
  6
X4
100
AcDbLine
 10
393885.1861037841
 20
3189301.490337671
 30
0.0
 11
393885.1861037841
 21
3189518.490337671
 31
0.0
  0
LINE
  5
E0E
102
{ACAD_REACTORS
330
EE2
102
}
330
18
100
AcDbEntity
  8
ZDMT5
  6
X4
100
AcDbLine
 10
394161.4305240659
 20
3189301.490337671
 30
0.0
 11
394161.4305240659
 21
3189465.490337671
 31
0.0
  0
LINE
  5
E0F
102
{ACAD_REACTORS
330
EE2
102
}
330
18
100
AcDbEntity
  8
ZDMT5
  6
X4
100
AcDbLine
 10
394379.6426172671
 20
3189301.490337671
 30
0.0
 11
394379.6426172671
 21
3189405.160337671
 31
0.0
  0
LINE
  5
E10
102
{ACAD_REACTORS
330
EE2
102
}
330
18
100
AcDbEntity
  8
ZDMT5
  6
X4
100
AcDbLine
 10
394660.1687239272
 20
3189301.490337671
 30
0.0
 11
394660.1687239272
 21
3189380.330337671
 31
0.0
  0
LINE
  5
E11
102
{ACAD_REACTORS
330
EE2
102
}
330
18
100
AcDbEntity
  8
ZDMT5
  6
X4
100
AcDbLine
 10
395019.8579112495
 20
3189301.490337671
 30
0.0
 11
395019.8579112495
 21
3189347.960337671
 31
0.0
  0
LINE
  5
E12
102
{ACAD_REACTORS
330
EE2
102
}
330
18
100
AcDbEntity
  8
ZDMT5
  6
X4
100
AcDbLine
 10
395300.3840179091
 20
3189301.490337671
 30
0.0
 11
395300.3840179091
 21
3189341.120337671
 31
0.0
  0
LINE
  5
E13
102
{ACAD_REACTORS
330
EE2
102
}
330
18
100
AcDbEntity
  8
ZDMT5
  6
X4
100
AcDbLine
 10
395580.9101245688
 20
3189301.490337671
 30
0.0
 11
395580.9101245688
 21
3189332.720337671
 31
0.0
  0
LINE
  5
E14
102
{ACAD_REACTORS
330
EE2
102
}
330
18
100
AcDbEntity
  8
ZDMT5
  6
X4
100
AcDbLine
 10
395861.4362312284
 20
3189301.490337671
 30
0.0
 11
395861.4362312284
 21
3189333.290337671
 31
0.0
  0
LINE
  5
E15
102
{ACAD_REACTORS
330
EE2
102
}
330
18
100
AcDbEntity
  8
ZDMT5
  6
X4
100
AcDbLine
 10
396080.8623652239
 20
3189301.490337671
 30
0.0
 11
396080.8623652239
 21
3189338.990337671
 31
0.0
  0
LINE
  5
E16
102
{ACAD_REACTORS
330
EE2
102
}
330
18
100
AcDbEntity
  8
ZDMT5
  6
X4
100
AcDbLine
 10
396300.2884992191
 20
3189301.490337671
 30
0.0
 11
396300.2884992191
 21
3189344.470337671
 31
0.0
  0
LINE
  5
E17
102
{ACAD_REACTORS
330
EE2
102
}
330
18
100
AcDbEntity
  8
ZDMT5
  6
X4
100
AcDbLine
 10
396659.9776865413
 20
3189301.490337671
 30
0.0
 11
396659.9776865413
 21
3189351.360337671
 31
0.0
  0
LINE
  5
E18
102
{ACAD_REACTORS
330
EE2
102
}
330
18
100
AcDbEntity
  8
ZDMT5
  6
X4
100
AcDbLine
 10
396861.3407125388
 20
3189301.490337671
 30
0.0
 11
396861.3407125388
 21
3189358.780337671
 31
0.0
  0
LINE
  5
E19
102
{ACAD_REACTORS
330
EE2
102
}
330
18
100
AcDbEntity
  8
ZDMT5
  6
X4
100
AcDbLine
 10
397080.766846531
 20
3189301.490337671
 30
0.0
 11
397080.766846531
 21
3189389.010337671
 31
0.0
  0
LINE
  5
E1A
102
{ACAD_REACTORS
330
EE2
102
}
330
18
100
AcDbEntity
  8
ZDMT5
  6
X4
100
AcDbLine
 10
397239.0930078591
 20
3189301.490337671
 30
0.0
 11
397239.0930078591
 21
3189394.440337671
 31
0.0
  0
LINE
  5
E1B
102
{ACAD_REACTORS
330
EE2
102
}
330
18
100
AcDbEntity
  8
ZDMT5
  6
X4
100
AcDbLine
 10
397361.2929531911
 20
3189301.490337671
 30
0.0
 11
397361.2929531911
 21
3189433.860337671
 31
0.0
  0
LINE
  5
E1C
102
{ACAD_REACTORS
330
EE2
102
}
330
18
100
AcDbEntity
  8
ZDMT5
  6
X4
100
AcDbLine
 10
397580.7190871862
 20
3189301.490337671
 30
0.0
 11
397580.7190871862
 21
3189472.980337671
 31
0.0
  0
LINE
  5
E1D
102
{ACAD_REACTORS
330
EE2
102
}
330
18
100
AcDbEntity
  8
ZDMT5
  6
X4
100
AcDbLine
 10
397722.9493028198
 20
3189301.490337671
 30
0.0
 11
397722.9493028198
 21
3189471.690337671
 31
0.0
  0
LINE
  5
E1E
102
{ACAD_REACTORS
330
EE2
102
}
330
18
100
AcDbEntity
  8
ZDMT5
  6
X4
100
AcDbLine
 10
397739.0452485143
 20
3189301.490337671
 30
0.0
 11
397739.0452485143
 21
3189471.060337671
 31
0.0
  0
LINE
  5
E1F
102
{ACAD_REACTORS
330
EE2
102
}
330
18
100
AcDbEntity
  8
ZDMT5
  6
X4
100
AcDbLine
 10
397848.8309541944
 20
3189301.490337671
 30
0.0
 11
397848.8309541944
 21
3189514.490337671
 31
0.0
  0
LINE
  5
E20
102
{ACAD_REACTORS
330
EE2
102
}
330
18
100
AcDbEntity
  8
ZDMT5
  6
X4
100
AcDbLine
 10
398003.9457359583
 20
3189301.490337671
 30
0.0
 11
398003.9457359583
 21
3189519.290337671
 31
0.0
  0
LINE
  5
E21
102
{ACAD_REACTORS
330
EE2
102
}
330
18
100
AcDbEntity
  8
ZDMT5
  6
X4
100
AcDbLine
 10
398100.414502414
 20
3189301.490337671
 30
0.0
 11
398100.414502414
 21
3189526.990337671
 31
0.0
  0
LINE
  5
E22
102
{ACAD_REACTORS
330
EE2
102
}
330
18
100
AcDbEntity
  8
ZDMT5
  6
X4
100
AcDbLine
 10
398165.831509901
 20
3189301.490337671
 30
0.0
 11
398165.831509901
 21
3189521.690337671
 31
0.0
  0
LINE
  5
E23
102
{ACAD_REACTORS
330
EE2
102
}
330
18
100
AcDbEntity
  8
ZDMT5
  6
X4
100
AcDbLine
 10
398268.3661689409
 20
3189301.490337671
 30
0.0
 11
398268.3661689409
 21
3189536.390337671
 31
0.0
  0
LINE
  5
E24
102
{ACAD_REACTORS
330
EE2
102
}
330
18
100
AcDbEntity
  8
ZDMT5
  6
X4
100
AcDbLine
 10
398356.1982169495
 20
3189301.490337671
 30
0.0
 11
398356.1982169495
 21
3189575.490337671
 31
0.0
  0
LINE
  5
E25
102
{ACAD_REACTORS
330
EE2
102
}
330
18
100
AcDbEntity
  8
ZDMT5
  6
X4
100
AcDbLine
 10
398412.261279677
 20
3189301.490337671
 30
0.0
 11
398412.261279677
 21
3189576.490337671
 31
0.0
  0
LINE
  5
E26
102
{ACAD_REACTORS
330
EE2
102
}
330
18
100
AcDbEntity
  8
ZDMT5
  6
X4
100
AcDbLine
 10
398464.7976258518
 20
3189301.490337671
 30
0.0
 11
398464.7976258518
 21
3189554.990337671
 31
0.0
  0
LINE
  5
E27
102
{ACAD_REACTORS
330
EE2
102
}
330
18
100
AcDbEntity
  8
ZDMT5
  6
X4
100
AcDbLine
 10
398674.0130855532
 20
3189301.490337671
 30
0.0
 11
398674.0130855532
 21
3189524.790337671
 31
0.0
  0
LINE
  5
E28
102
{ACAD_REACTORS
330
EE2
102
}
330
18
100
AcDbEntity
  8
ZDMT5
  6
X4
100
AcDbLine
 10
398917.9312939706
 20
3189301.490337671
 30
0.0
 11
398917.9312939706
 21
3189515.990337671
 31
0.0
  0
LINE
  5
E29
102
{ACAD_REACTORS
330
EE2
102
}
330
18
100
AcDbEntity
  8
ZDMT5
  6
X4
100
AcDbLine
 10
399121.9958547118
 20
3189301.490337671
 30
0.0
 11
399121.9958547118
 21
3189515.590337671
 31
0.0
  0
LINE
  5
E2A
102
{ACAD_REACTORS
330
EE2
102
}
330
18
100
AcDbEntity
  8
ZDMT5
  6
X4
100
AcDbLine
 10
399124.6011820271
 20
3189301.490337671
 30
0.0
 11
399124.6011820271
 21
3189515.654993733
 31
0.0
  0
TEXT
  5
E2B
102
{ACAD_REACTORS
330
EE2
102
}
330
18
100
AcDbEntity
  8
ZDMT5
  6
Continuous
100
AcDbText
 10
399028.2488010747
 20
3189606.490337671
 30
0.0
 40
5.0
  1
比例尺:  横向 1:100  纵向 1:100
 41
0.8
  7
HZ
 72
     2
 11
399119.6011820271
 21
3189606.490337671
 31
0.0
100
AcDbText
  0
TEXT
  5
E2C
330
18
100
AcDbEntity
  8
DLSS
  6
Continuous
100
AcDbText
 10
391459.9175996978
 20
3189672.838135048
 30
0.0
 40
20.0
  1
西支下游100米
 41
0.8
  7
HZ
 72
     4
 11
391526.5080758883
 21
3189682.838135048
 31
0.0
100
AcDbText
1001
SOUTH
1000
160009
1001
S_GXRQ
1071
1757073117
  0
LINE
  5
E2D
102
{ACAD_REACTORS
330
EE3
102
}
330
18
100
AcDbEntity
  8
zdm1
  6
Continuous
100
AcDbLine
 10
391479.9473693766
 20
3188491.350857411
 30
0.0
 11
396910.7882024444
 21
3188491.350857411
 31
0.0
1001
SOUTH
1000
991000
1040
100.0
1040
100.0
1040
0.0
1040
-4.0
1001
S_GXRQ
1071
1757073117
  0
LINE
  5
E2E
102
{ACAD_REACTORS
330
EE3
102
}
330
18
100
AcDbEntity
  8
zdm1
  6
Continuous
100
AcDbLine
 10
391434.9473693766
 20
3188491.350857411
 30
0.0
 11
391479.9473693766
 21
3188491.350857411
 31
0.0
  0
LINE
  5
E2F
102
{ACAD_REACTORS
330
EE3
102
}
330
18
100
AcDbEntity
  8
zdm1
  6
Continuous
100
AcDbLine
 10
391434.9473693766
 20
3188476.350857411
 30
0.0
 11
396910.7882024444
 21
3188476.350857411
 31
0.0
  0
LINE
  5
E30
102
{ACAD_REACTORS
330
EE3
102
}
330
18
100
AcDbEntity
  8
zdm1
  6
Continuous
100
AcDbLine
 10
391434.9473693766
 20
3188456.350857411
 30
0.0
 11
396910.7882024444
 21
3188456.350857411
 31
0.0
  0
LINE
  5
E31
102
{ACAD_REACTORS
330
EE3
102
}
330
18
100
AcDbEntity
  8
zdm1
  6
Continuous
100
AcDbLine
 10
391434.9473693766
 20
3188456.350857411
 30
0.0
 11
391434.9473693766
 21
3188491.350857411
 31
0.0
  0
LINE
  5
E32
102
{ACAD_REACTORS
330
EE3
102
}
330
18
100
AcDbEntity
  8
zdm1
  6
Continuous
100
AcDbLine
 10
391474.9473693766
 20
3188456.350857411
 30
0.0
 11
391474.9473693766
 21
3188491.350857411
 31
0.0
  0
TEXT
  5
E33
102
{ACAD_REACTORS
330
EE3
102
}
330
18
100
AcDbEntity
  8
zdm1
  6
Continuous
100
AcDbText
 10
391437.8273693766
 20
3188480.850857411
 30
0.0
 40
6.0
  1
地 面 高 程
 41
0.8
  7
HZ
 72
     4
 11
391454.9473693766
 21
3188483.850857411
 31
0.0
100
AcDbText
  0
TEXT
  5
E34
102
{ACAD_REACTORS
330
EE3
102
}
330
18
100
AcDbEntity
  8
zdm1
  6
Continuous
100
AcDbText
 10
391440.5473693766
 20
3188463.350857411
 30
0.0
 40
6.0
  1
距    离
 41
0.8
  7
HZ
 72
     4
 11
391454.9473693766
 21
3188466.350857411
 31
0.0
100
AcDbText
  0
LWPOLYLINE
  5
E35
102
{ACAD_REACTORS
330
EE3
102
}
330
18
100
AcDbEntity
  8
zdm1
  6
Continuous
100
AcDbPolyline
 90
        2
 70
   128
 43
1.0
 43
1.0
 10
391474.9473693766
 20
3188501.350857411
 10
391474.9473693766
 20
3188511.350857411
  0
LWPOLYLINE
  5
E36
102
{ACAD_REACTORS
330
EE3
102
}
330
18
100
AcDbEntity
  8
zdm1
  6
Continuous
100
AcDbPolyline
 90
        2
 70
   128
 43
1.0
 43
1.0
 10
396910.7882024444
 20
3188501.350857411
 10
396910.7882024444
 20
3188511.350857411
  0
LWPOLYLINE
  5
E37
102
{ACAD_REACTORS
330
EE3
102
}
330
18
100
AcDbEntity
  8
zdm1
  6
Continuous
100
AcDbPolyline
 90
        2
 70
   128
 43
1.0
 43
1.0
 10
391474.9473693766
 20
3188521.350857411
 10
391474.9473693766
 20
3188531.350857411
  0
LWPOLYLINE
  5
E38
102
{ACAD_REACTORS
330
EE3
102
}
330
18
100
AcDbEntity
  8
zdm1
  6
Continuous
100
AcDbPolyline
 90
        2
 70
   128
 43
1.0
 43
1.0
 10
396910.7882024444
 20
3188521.350857411
 10
396910.7882024444
 20
3188531.350857411
  0
LWPOLYLINE
  5
E39
102
{ACAD_REACTORS
330
EE3
102
}
330
18
100
AcDbEntity
  8
zdm1
  6
Continuous
100
AcDbPolyline
 90
        2
 70
   128
 43
1.0
 43
1.0
 10
391474.9473693766
 20
3188541.350857411
 10
391474.9473693766
 20
3188551.350857411
  0
LWPOLYLINE
  5
E3A
102
{ACAD_REACTORS
330
EE3
102
}
330
18
100
AcDbEntity
  8
zdm1
  6
Continuous
100
AcDbPolyline
 90
        2
 70
   128
 43
1.0
 43
1.0
 10
396910.7882024444
 20
3188541.350857411
 10
396910.7882024444
 20
3188551.350857411
  0
LWPOLYLINE
  5
E3B
102
{ACAD_REACTORS
330
EE3
102
}
330
18
100
AcDbEntity
  8
zdm1
  6
Continuous
100
AcDbPolyline
 90
        2
 70
   128
 43
1.0
 43
1.0
 10
391474.9473693766
 20
3188561.350857411
 10
391474.9473693766
 20
3188571.350857411
  0
LWPOLYLINE
  5
E3C
102
{ACAD_REACTORS
330
EE3
102
}
330
18
100
AcDbEntity
  8
zdm1
  6
Continuous
100
AcDbPolyline
 90
        2
 70
   128
 43
1.0
 43
1.0
 10
396910.7882024444
 20
3188561.350857411
 10
396910.7882024444
 20
3188571.350857411
  0
LWPOLYLINE
  5
E3D
102
{ACAD_REACTORS
330
EE3
102
}
330
18
100
AcDbEntity
  8
zdm1
  6
Continuous
100
AcDbPolyline
 90
        2
 70
   128
 43
1.0
 43
1.0
 10
391474.9473693766
 20
3188581.350857411
 10
391474.9473693766
 20
3188591.350857411
  0
LWPOLYLINE
  5
E3E
102
{ACAD_REACTORS
330
EE3
102
}
330
18
100
AcDbEntity
  8
zdm1
  6
Continuous
100
AcDbPolyline
 90
        2
 70
   128
 43
1.0
 43
1.0
 10
396910.7882024444
 20
3188581.350857411
 10
396910.7882024444
 20
3188591.350857411
  0
LWPOLYLINE
  5
E3F
102
{ACAD_REACTORS
330
EE3
102
}
330
18
100
AcDbEntity
  8
zdm1
  6
Continuous
100
AcDbPolyline
 90
        2
 70
   128
 43
1.0
 43
1.0
 10
391474.9473693766
 20
3188601.350857411
 10
391474.9473693766
 20
3188611.350857411
  0
LWPOLYLINE
  5
E40
102
{ACAD_REACTORS
330
EE3
102
}
330
18
100
AcDbEntity
  8
zdm1
  6
Continuous
100
AcDbPolyline
 90
        2
 70
   128
 43
1.0
 43
1.0
 10
396910.7882024444
 20
3188601.350857411
 10
396910.7882024444
 20
3188611.350857411
  0
LWPOLYLINE
  5
E41
102
{ACAD_REACTORS
330
EE3
102
}
330
18
100
AcDbEntity
  8
zdm1
  6
Continuous
100
AcDbPolyline
 90
        2
 70
   128
 43
1.0
 43
1.0
 10
391474.9473693766
 20
3188621.350857411
 10
391474.9473693766
 20
3188631.350857411
  0
LWPOLYLINE
  5
E42
102
{ACAD_REACTORS
330
EE3
102
}
330
18
100
AcDbEntity
  8
zdm1
  6
Continuous
100
AcDbPolyline
 90
        2
 70
   128
 43
1.0
 43
1.0
 10
396910.7882024444
 20
3188621.350857411
 10
396910.7882024444
 20
3188631.350857411
  0
LWPOLYLINE
  5
E43
102
{ACAD_REACTORS
330
EE3
102
}
330
18
100
AcDbEntity
  8
zdm1
  6
Continuous
100
AcDbPolyline
 90
        2
 70
   128
 43
1.0
 43
1.0
 10
391474.9473693766
 20
3188641.350857411
 10
391474.9473693766
 20
3188651.350857411
  0
LWPOLYLINE
  5
E44
102
{ACAD_REACTORS
330
EE3
102
}
330
18
100
AcDbEntity
  8
zdm1
  6
Continuous
100
AcDbPolyline
 90
        2
 70
   128
 43
1.0
 43
1.0
 10
396910.7882024444
 20
3188641.350857411
 10
396910.7882024444
 20
3188651.350857411
  0
LWPOLYLINE
  5
E45
102
{ACAD_REACTORS
330
EE3
102
}
330
18
100
AcDbEntity
  8
zdm1
  6
Continuous
100
AcDbPolyline
 90
        2
 70
   128
 43
1.0
 43
1.0
 10
391474.9473693766
 20
3188661.350857411
 10
391474.9473693766
 20
3188671.350857411
  0
LWPOLYLINE
  5
E46
102
{ACAD_REACTORS
330
EE3
102
}
330
18
100
AcDbEntity
  8
zdm1
  6
Continuous
100
AcDbPolyline
 90
        2
 70
   128
 43
1.0
 43
1.0
 10
396910.7882024444
 20
3188661.350857411
 10
396910.7882024444
 20
3188671.350857411
  0
LWPOLYLINE
  5
E47
102
{ACAD_REACTORS
330
EE3
102
}
330
18
100
AcDbEntity
  8
zdm1
  6
Continuous
100
AcDbPolyline
 90
        2
 70
   128
 43
1.0
 43
1.0
 10
391474.9473693766
 20
3188681.350857411
 10
391474.9473693766
 20
3188691.350857411
  0
LWPOLYLINE
  5
E48
102
{ACAD_REACTORS
330
EE3
102
}
330
18
100
AcDbEntity
  8
zdm1
  6
Continuous
100
AcDbPolyline
 90
        2
 70
   128
 43
1.0
 43
1.0
 10
396910.7882024444
 20
3188681.350857411
 10
396910.7882024444
 20
3188691.350857411
  0
LWPOLYLINE
  5
E49
102
{ACAD_REACTORS
330
EE3
102
}
330
18
100
AcDbEntity
  8
zdm1
  6
Continuous
100
AcDbPolyline
 90
        2
 70
   128
 43
1.0
 43
1.0
 10
391474.9473693766
 20
3188701.350857411
 10
391474.9473693766
 20
3188711.350857411
  0
LWPOLYLINE
  5
E4A
102
{ACAD_REACTORS
330
EE3
102
}
330
18
100
AcDbEntity
  8
zdm1
  6
Continuous
100
AcDbPolyline
 90
        2
 70
   128
 43
1.0
 43
1.0
 10
396910.7882024444
 20
3188701.350857411
 10
396910.7882024444
 20
3188711.350857411
  0
LWPOLYLINE
  5
E4B
102
{ACAD_REACTORS
330
EE3
102
}
330
18
100
AcDbEntity
  8
zdm1
  6
Continuous
100
AcDbPolyline
 90
        2
 70
   128
 43
1.0
 43
1.0
 10
391474.9473693766
 20
3188721.350857411
 10
391474.9473693766
 20
3188731.350857411
  0
LWPOLYLINE
  5
E4C
102
{ACAD_REACTORS
330
EE3
102
}
330
18
100
AcDbEntity
  8
zdm1
  6
Continuous
100
AcDbPolyline
 90
        2
 70
   128
 43
1.0
 43
1.0
 10
396910.7882024444
 20
3188721.350857411
 10
396910.7882024444
 20
3188731.350857411
  0
LWPOLYLINE
  5
E4D
102
{ACAD_REACTORS
330
EE3
102
}
330
18
100
AcDbEntity
  8
zdm1
  6
Continuous
100
AcDbPolyline
 90
        2
 70
   128
 43
1.0
 43
1.0
 10
391474.9473693766
 20
3188741.350857411
 10
391474.9473693766
 20
3188751.350857411
  0
LWPOLYLINE
  5
E4E
102
{ACAD_REACTORS
330
EE3
102
}
330
18
100
AcDbEntity
  8
zdm1
  6
Continuous
100
AcDbPolyline
 90
        2
 70
   128
 43
1.0
 43
1.0
 10
396910.7882024444
 20
3188741.350857411
 10
396910.7882024444
 20
3188751.350857411
  0
LWPOLYLINE
  5
E4F
102
{ACAD_REACTORS
330
EE3
102
}
330
18
100
AcDbEntity
  8
zdm1
  6
Continuous
100
AcDbPolyline
 90
        2
 70
   128
 43
1.0
 43
1.0
 10
391474.9473693766
 20
3188761.350857411
 10
391474.9473693766
 20
3188771.350857411
  0
LWPOLYLINE
  5
E50
102
{ACAD_REACTORS
330
EE3
102
}
330
18
100
AcDbEntity
  8
zdm1
  6
Continuous
100
AcDbPolyline
 90
        2
 70
   128
 43
1.0
 43
1.0
 10
396910.7882024444
 20
3188761.350857411
 10
396910.7882024444
 20
3188771.350857411
  0
LWPOLYLINE
  5
E51
102
{ACAD_REACTORS
330
EE3
102
}
330
18
100
AcDbEntity
  8
zdm1
  6
Continuous
100
AcDbPolyline
 90
        2
 70
   128
 43
1.0
 43
1.0
 10
391474.9473693766
 20
3188781.350857411
 10
391474.9473693766
 20
3188791.350857411
  0
LWPOLYLINE
  5
E52
102
{ACAD_REACTORS
330
EE3
102
}
330
18
100
AcDbEntity
  8
zdm1
  6
Continuous
100
AcDbPolyline
 90
        2
 70
   128
 43
1.0
 43
1.0
 10
396910.7882024444
 20
3188781.350857411
 10
396910.7882024444
 20
3188791.350857411
  0
LINE
  5
E53
102
{ACAD_REACTORS
330
EE3
102
}
330
18
100
AcDbEntity
  8
zdm1
  6
Continuous
100
AcDbLine
 10
391474.4473693766
 20
3188491.350857411
 30
0.0
 11
391474.4473693766
 21
3188791.350857411
 31
0.0
  0
LINE
  5
E54
102
{ACAD_REACTORS
330
EE3
102
}
330
18
100
AcDbEntity
  8
zdm1
  6
Continuous
100
AcDbLine
 10
391475.4473693766
 20
3188491.350857411
 30
0.0
 11
391475.4473693766
 21
3188791.350857411
 31
0.0
  0
LINE
  5
E55
102
{ACAD_REACTORS
330
EE3
102
}
330
18
100
AcDbEntity
  8
zdm1
  6
Continuous
100
AcDbLine
 10
396910.2882024444
 20
3188491.350857411
 30
0.0
 11
396910.2882024444
 21
3188791.350857411
 31
0.0
  0
LINE
  5
E56
102
{ACAD_REACTORS
330
EE3
102
}
330
18
100
AcDbEntity
  8
zdm1
  6
Continuous
100
AcDbLine
 10
396911.2882024444
 20
3188491.350857411
 30
0.0
 11
396911.2882024444
 21
3188791.350857411
 31
0.0
  0
LINE
  5
E57
102
{ACAD_REACTORS
330
EE3
102
}
330
18
100
AcDbEntity
  8
zdm1
  6
X4
100
AcDbLine
 10
391464.9473693766
 20
3188531.350857411
 30
0.0
 11
396920.7882024444
 21
3188531.350857411
 31
0.0
  0
TEXT
  5
E58
102
{ACAD_REACTORS
330
EE3
102
}
330
18
100
AcDbEntity
  8
zdm1
  6
Continuous
100
AcDbText
 10
391472.0045122338
 20
3188531.350857411
 30
0.0
 40
3.0
  1
0
 41
0.8
  7
HZ
 72
     2
 11
391473.9473693766
 21
3188531.350857411
 31
0.0
100
AcDbText
  0
TEXT
  5
E59
102
{ACAD_REACTORS
330
EE3
102
}
330
18
100
AcDbEntity
  8
zdm1
  6
Continuous
100
AcDbText
 10
396911.7882024444
 20
3188531.350857411
 30
0.0
 40
3.0
  1
0
 41
0.8
  7
HZ
 11
0.0
 21
0.0
 31
0.0
100
AcDbText
  0
LINE
  5
E5A
102
{ACAD_REACTORS
330
EE3
102
}
330
18
100
AcDbEntity
  8
zdm1
  6
X4
100
AcDbLine
 10
391464.9473693766
 20
3188581.350857411
 30
0.0
 11
396920.7882024444
 21
3188581.350857411
 31
0.0
  0
TEXT
  5
E5B
102
{ACAD_REACTORS
330
EE3
102
}
330
18
100
AcDbEntity
  8
zdm1
  6
Continuous
100
AcDbText
 10
391472.0045122338
 20
3188581.350857411
 30
0.0
 40
3.0
  1
5
 41
0.8
  7
HZ
 72
     2
 11
391473.9473693766
 21
3188581.350857411
 31
0.0
100
AcDbText
  0
TEXT
  5
E5C
102
{ACAD_REACTORS
330
EE3
102
}
330
18
100
AcDbEntity
  8
zdm1
  6
Continuous
100
AcDbText
 10
396911.7882024444
 20
3188581.350857411
 30
0.0
 40
3.0
  1
5
 41
0.8
  7
HZ
 11
0.0
 21
0.0
 31
0.0
100
AcDbText
  0
LINE
  5
E5D
102
{ACAD_REACTORS
330
EE3
102
}
330
18
100
AcDbEntity
  8
zdm1
  6
X4
100
AcDbLine
 10
391464.9473693766
 20
3188631.350857411
 30
0.0
 11
396920.7882024444
 21
3188631.350857411
 31
0.0
  0
TEXT
  5
E5E
102
{ACAD_REACTORS
330
EE3
102
}
330
18
100
AcDbEntity
  8
zdm1
  6
Continuous
100
AcDbText
 10
391469.718797948
 20
3188631.350857411
 30
0.0
 40
3.0
  1
10
 41
0.8
  7
HZ
 72
     2
 11
391473.9473693766
 21
3188631.350857411
 31
0.0
100
AcDbText
  0
TEXT
  5
E5F
102
{ACAD_REACTORS
330
EE3
102
}
330
18
100
AcDbEntity
  8
zdm1
  6
Continuous
100
AcDbText
 10
396911.7882024444
 20
3188631.350857411
 30
0.0
 40
3.0
  1
10
 41
0.8
  7
HZ
 11
0.0
 21
0.0
 31
0.0
100
AcDbText
  0
LINE
  5
E60
102
{ACAD_REACTORS
330
EE3
102
}
330
18
100
AcDbEntity
  8
zdm1
  6
X4
100
AcDbLine
 10
391464.9473693766
 20
3188681.350857411
 30
0.0
 11
396920.7882024444
 21
3188681.350857411
 31
0.0
  0
TEXT
  5
E61
102
{ACAD_REACTORS
330
EE3
102
}
330
18
100
AcDbEntity
  8
zdm1
  6
Continuous
100
AcDbText
 10
391469.718797948
 20
3188681.350857411
 30
0.0
 40
3.0
  1
15
 41
0.8
  7
HZ
 72
     2
 11
391473.9473693766
 21
3188681.350857411
 31
0.0
100
AcDbText
  0
TEXT
  5
E62
102
{ACAD_REACTORS
330
EE3
102
}
330
18
100
AcDbEntity
  8
zdm1
  6
Continuous
100
AcDbText
 10
396911.7882024444
 20
3188681.350857411
 30
0.0
 40
3.0
  1
15
 41
0.8
  7
HZ
 11
0.0
 21
0.0
 31
0.0
100
AcDbText
  0
LINE
  5
E63
102
{ACAD_REACTORS
330
EE3
102
}
330
18
100
AcDbEntity
  8
zdm1
  6
X4
100
AcDbLine
 10
391464.9473693766
 20
3188731.350857411
 30
0.0
 11
396920.7882024444
 21
3188731.350857411
 31
0.0
  0
TEXT
  5
E64
102
{ACAD_REACTORS
330
EE3
102
}
330
18
100
AcDbEntity
  8
zdm1
  6
Continuous
100
AcDbText
 10
391469.718797948
 20
3188731.350857411
 30
0.0
 40
3.0
  1
20
 41
0.8
  7
HZ
 72
     2
 11
391473.9473693766
 21
3188731.350857411
 31
0.0
100
AcDbText
  0
TEXT
  5
E65
102
{ACAD_REACTORS
330
EE3
102
}
330
18
100
AcDbEntity
  8
zdm1
  6
Continuous
100
AcDbText
 10
396911.7882024444
 20
3188731.350857411
 30
0.0
 40
3.0
  1
20
 41
0.8
  7
HZ
 11
0.0
 21
0.0
 31
0.0
100
AcDbText
  0
LINE
  5
E66
102
{ACAD_REACTORS
330
EE3
102
}
330
18
100
AcDbEntity
  8
zdm1
  6
X4
100
AcDbLine
 10
391464.9473693766
 20
3188781.350857411
 30
0.0
 11
396920.7882024444
 21
3188781.350857411
 31
0.0
  0
TEXT
  5
E67
102
{ACAD_REACTORS
330
EE3
102
}
330
18
100
AcDbEntity
  8
zdm1
  6
Continuous
100
AcDbText
 10
391469.718797948
 20
3188781.350857411
 30
0.0
 40
3.0
  1
25
 41
0.8
  7
HZ
 72
     2
 11
391473.9473693766
 21
3188781.350857411
 31
0.0
100
AcDbText
  0
TEXT
  5
E68
102
{ACAD_REACTORS
330
EE3
102
}
330
18
100
AcDbEntity
  8
zdm1
  6
Continuous
100
AcDbText
 10
396911.7882024444
 20
3188781.350857411
 30
0.0
 40
3.0
  1
25
 41
0.8
  7
HZ
 11
0.0
 21
0.0
 31
0.0
100
AcDbText
  0
LWPOLYLINE
  5
E69
102
{ACAD_REACTORS
330
EE3
102
}
330
18
100
AcDbEntity
  8
DMX
  6
Continuous
100
AcDbPolyline
 90
       29
 70
   128
 43
0.0
 10
391479.9473693766
 20
3188764.550857411
 10
391595.5652197685
 20
3188762.350857411
 10
392006.4023051025
 20
3188765.350857411
 10
392299.810038142
 20
3188672.350857411
 10
392544.8712025527
 20
3188577.100857411
 10
392684.994412003
 20
3188569.590857411
 10
392827.702106869
 20
3188561.070857411
 10
393039.1791637506
 20
3188547.740857411
 10
393322.0100680636
 20
3188523.250857411
 10
393604.8409723799
 20
3188544.840857411
 10
393817.6102719677
 20
3188542.580857411
 10
394100.4411762807
 20
3188540.290857411
 10
394383.2720805969
 20
3188543.930857411
 10
394594.7491374786
 20
3188547.000857411
 10
394877.5800417915
 20
3188548.990857411
 10
395090.3493413827
 20
3188558.650857411
 10
395301.8263982643
 20
3188565.590857411
 10
395444.5340931265
 20
3188579.100857411
 10
395656.0111500086
 20
3188609.420857411
 10
395938.8420543245
 20
3188657.210857411
 10
396068.6636087105
 20
3188693.350857411
 10
396181.1467735547
 20
3188709.950857411
 10
396312.217820581
 20
3188751.750857411
 10
396365.7669444467
 20
3188765.350857411
 10
396438.0744499384
 20
3188764.350857411
 10
396499.5752963683
 20
3188743.850857411
 10
396570.848214219
 20
3188738.250857411
 10
396681.5416878786
 20
3188706.950857411
 10
396905.7882024444
 20
3188704.650857411
  0
TEXT
  5
E6A
102
{ACAD_REACTORS
330
EE3
102
}
330
18
100
AcDbEntity
  8
ZDMT5
  6
Continuous
100
AcDbText
 10
391479.0473693766
 20
3188463.493714554
 30
0.0
 40
3.0
  1
0.0
 50
90.0
 41
0.8
  7
HZ
 72
     1
 11
391479.4473693766
 21
3188466.350857411
 31
0.0
100
AcDbText
 73
     1
  0
TEXT
  5
E6B
102
{ACAD_REACTORS
330
EE3
102
}
330
18
100
AcDbEntity
  8
ZDMT5
  6
Continuous
100
AcDbText
 10
391479.0473693766
 20
3188478.708000268
 30
0.0
 40
3.0
  1
23.32
 50
90.0
 41
0.8
  7
HZ
 72
     1
 11
391479.4473693766
 21
3188483.850857411
 31
0.0
100
AcDbText
 73
     1
  0
LINE
  5
E6C
102
{ACAD_REACTORS
330
EE3
102
}
330
18
100
AcDbEntity
  8
ZDMT5
  6
Continuous
100
AcDbLine
 10
391479.9473693766
 20
3188456.350857411
 30
0.0
 11
391479.9473693766
 21
3188491.350857411
 31
0.0
  0
TEXT
  5
E6D
102
{ACAD_REACTORS
330
EE3
102
}
330
18
100
AcDbEntity
  8
ZDMT5
  6
Continuous
100
AcDbText
 10
391594.6652197685
 20
3188462.17942884
 30
0.0
 40
3.0
  1
11.6
 50
90.0
 41
0.8
  7
HZ
 72
     1
 11
391595.0652197685
 21
3188466.350857411
 31
0.0
100
AcDbText
 73
     1
  0
TEXT
  5
E6E
102
{ACAD_REACTORS
330
EE3
102
}
330
18
100
AcDbEntity
  8
ZDMT5
  6
Continuous
100
AcDbText
 10
391594.6652197685
 20
3188478.708000268
 30
0.0
 40
3.0
  1
23.10
 50
90.0
 41
0.8
  7
HZ
 72
     1
 11
391595.0652197685
 21
3188483.850857411
 31
0.0
100
AcDbText
 73
     1
  0
LINE
  5
E6F
102
{ACAD_REACTORS
330
EE3
102
}
330
18
100
AcDbEntity
  8
ZDMT5
  6
Continuous
100
AcDbLine
 10
391595.5652197685
 20
3188456.350857411
 30
0.0
 11
391595.5652197685
 21
3188491.350857411
 31
0.0
  0
TEXT
  5
E70
102
{ACAD_REACTORS
330
EE3
102
}
330
18
100
AcDbEntity
  8
ZDMT5
  6
Continuous
100
AcDbText
 10
392005.5023051025
 20
3188462.350857411
 30
0.0
 40
3.0
  1
52.6
 50
90.0
 41
0.8
  7
HZ
 72
     1
 11
392005.9023051025
 21
3188466.350857411
 31
0.0
100
AcDbText
 73
     1
  0
TEXT
  5
E71
102
{ACAD_REACTORS
330
EE3
102
}
330
18
100
AcDbEntity
  8
ZDMT5
  6
Continuous
100
AcDbText
 10
392005.5023051025
 20
3188478.708000268
 30
0.0
 40
3.0
  1
23.40
 50
90.0
 41
0.8
  7
HZ
 72
     1
 11
392005.9023051025
 21
3188483.850857411
 31
0.0
100
AcDbText
 73
     1
  0
LINE
  5
E72
102
{ACAD_REACTORS
330
EE3
102
}
330
18
100
AcDbEntity
  8
ZDMT5
  6
Continuous
100
AcDbLine
 10
392006.4023051025
 20
3188456.350857411
 30
0.0
 11
392006.4023051025
 21
3188491.350857411
 31
0.0
  0
TEXT
  5
E73
102
{ACAD_REACTORS
330
EE3
102
}
330
18
100
AcDbEntity
  8
ZDMT5
  6
Continuous
100
AcDbText
 10
392298.910038142
 20
3188462.350857411
 30
0.0
 40
3.0
  1
82.0
 50
90.0
 41
0.8
  7
HZ
 72
     1
 11
392299.310038142
 21
3188466.350857411
 31
0.0
100
AcDbText
 73
     1
  0
TEXT
  5
E74
102
{ACAD_REACTORS
330
EE3
102
}
330
18
100
AcDbEntity
  8
ZDMT5
  6
Continuous
100
AcDbText
 10
392298.910038142
 20
3188478.536571697
 30
0.0
 40
3.0
  1
14.10
 50
90.0
 41
0.8
  7
HZ
 72
     1
 11
392299.310038142
 21
3188483.850857411
 31
0.0
100
AcDbText
 73
     1
  0
LINE
  5
E75
102
{ACAD_REACTORS
330
EE3
102
}
330
18
100
AcDbEntity
  8
ZDMT5
  6
Continuous
100
AcDbLine
 10
392299.810038142
 20
3188456.350857411
 30
0.0
 11
392299.810038142
 21
3188491.350857411
 31
0.0
  0
TEXT
  5
E76
102
{ACAD_REACTORS
330
EE3
102
}
330
18
100
AcDbEntity
  8
ZDMT5
  6
Continuous
100
AcDbText
 10
392543.9712025527
 20
3188461.036571697
 30
0.0
 40
3.0
  1
106.5
 50
90.0
 41
0.8
  7
HZ
 72
     1
 11
392544.3712025527
 21
3188466.350857411
 31
0.0
100
AcDbText
 73
     1
  0
TEXT
  5
E77
102
{ACAD_REACTORS
330
EE3
102
}
330
18
100
AcDbEntity
  8
ZDMT5
  6
Continuous
100
AcDbText
 10
392543.9712025527
 20
3188479.850857411
 30
0.0
 40
3.0
  1
4.58
 50
90.0
 41
0.8
  7
HZ
 72
     1
 11
392544.3712025527
 21
3188483.850857411
 31
0.0
100
AcDbText
 73
     1
  0
LINE
  5
E78
102
{ACAD_REACTORS
330
EE3
102
}
330
18
100
AcDbEntity
  8
ZDMT5
  6
Continuous
100
AcDbLine
 10
392544.8712025527
 20
3188456.350857411
 30
0.0
 11
392544.8712025527
 21
3188491.350857411
 31
0.0
  0
TEXT
  5
E79
102
{ACAD_REACTORS
330
EE3
102
}
330
18
100
AcDbEntity
  8
ZDMT5
  6
Continuous
100
AcDbText
 10
392684.094412003
 20
3188461.036571697
 30
0.0
 40
3.0
  1
120.5
 50
90.0
 41
0.8
  7
HZ
 72
     1
 11
392684.494412003
 21
3188466.350857411
 31
0.0
100
AcDbText
 73
     1
  0
TEXT
  5
E7A
102
{ACAD_REACTORS
330
EE3
102
}
330
18
100
AcDbEntity
  8
ZDMT5
  6
Continuous
100
AcDbText
 10
392684.094412003
 20
3188479.850857411
 30
0.0
 40
3.0
  1
3.82
 50
90.0
 41
0.8
  7
HZ
 72
     1
 11
392684.494412003
 21
3188483.850857411
 31
0.0
100
AcDbText
 73
     1
  0
LINE
  5
E7B
102
{ACAD_REACTORS
330
EE3
102
}
330
18
100
AcDbEntity
  8
ZDMT5
  6
Continuous
100
AcDbLine
 10
392684.994412003
 20
3188456.350857411
 30
0.0
 11
392684.994412003
 21
3188491.350857411
 31
0.0
  0
TEXT
  5
E7C
102
{ACAD_REACTORS
330
EE3
102
}
330
18
100
AcDbEntity
  8
ZDMT5
  6
Continuous
100
AcDbText
 10
392826.802106869
 20
3188461.036571697
 30
0.0
 40
3.0
  1
134.8
 50
90.0
 41
0.8
  7
HZ
 72
     1
 11
392827.202106869
 21
3188466.350857411
 31
0.0
100
AcDbText
 73
     1
  0
TEXT
  5
E7D
102
{ACAD_REACTORS
330
EE3
102
}
330
18
100
AcDbEntity
  8
ZDMT5
  6
Continuous
100
AcDbText
 10
392826.802106869
 20
3188479.850857411
 30
0.0
 40
3.0
  1
2.97
 50
90.0
 41
0.8
  7
HZ
 72
     1
 11
392827.202106869
 21
3188483.850857411
 31
0.0
100
AcDbText
 73
     1
  0
LINE
  5
E7E
102
{ACAD_REACTORS
330
EE3
102
}
330
18
100
AcDbEntity
  8
ZDMT5
  6
Continuous
100
AcDbLine
 10
392827.702106869
 20
3188456.350857411
 30
0.0
 11
392827.702106869
 21
3188491.350857411
 31
0.0
  0
TEXT
  5
E7F
102
{ACAD_REACTORS
330
EE3
102
}
330
18
100
AcDbEntity
  8
ZDMT5
  6
Continuous
100
AcDbText
 10
393038.2791637506
 20
3188461.093714554
 30
0.0
 40
3.0
  1
155.9
 50
90.0
 41
0.8
  7
HZ
 72
     1
 11
393038.6791637506
 21
3188466.350857411
 31
0.0
100
AcDbText
 73
     1
  0
TEXT
  5
E80
102
{ACAD_REACTORS
330
EE3
102
}
330
18
100
AcDbEntity
  8
ZDMT5
  6
Continuous
100
AcDbText
 10
393038.2791637506
 20
3188479.622285983
 30
0.0
 40
3.0
  1
1.64
 50
90.0
 41
0.8
  7
HZ
 72
     1
 11
393038.6791637506
 21
3188483.850857411
 31
0.0
100
AcDbText
 73
     1
  0
LINE
  5
E81
102
{ACAD_REACTORS
330
EE3
102
}
330
18
100
AcDbEntity
  8
ZDMT5
  6
Continuous
100
AcDbLine
 10
393039.1791637506
 20
3188456.350857411
 30
0.0
 11
393039.1791637506
 21
3188491.350857411
 31
0.0
  0
TEXT
  5
E82
102
{ACAD_REACTORS
330
EE3
102
}
330
18
100
AcDbEntity
  8
ZDMT5
  6
Continuous
100
AcDbText
 10
393321.1100680636
 20
3188461.036571697
 30
0.0
 40
3.0
  1
184.2
 50
90.0
 41
0.8
  7
HZ
 72
     1
 11
393321.5100680636
 21
3188466.350857411
 31
0.0
100
AcDbText
 73
     1
  0
TEXT
  5
E83
102
{ACAD_REACTORS
330
EE3
102
}
330
18
100
AcDbEntity
  8
ZDMT5
  6
Continuous
100
AcDbText
 10
393321.1100680636
 20
3188478.650857411
 30
0.0
 40
3.0
  1
-0.81
 50
90.0
 41
0.8
  7
HZ
 72
     1
 11
393321.5100680636
 21
3188483.850857411
 31
0.0
100
AcDbText
 73
     1
  0
LINE
  5
E84
102
{ACAD_REACTORS
330
EE3
102
}
330
18
100
AcDbEntity
  8
ZDMT5
  6
Continuous
100
AcDbLine
 10
393322.0100680636
 20
3188456.350857411
 30
0.0
 11
393322.0100680636
 21
3188491.350857411
 31
0.0
  0
TEXT
  5
E85
102
{ACAD_REACTORS
330
EE3
102
}
330
18
100
AcDbEntity
  8
ZDMT5
  6
Continuous
100
AcDbText
 10
393603.9409723799
 20
3188461.208000268
 30
0.0
 40
3.0
  1
212.5
 50
90.0
 41
0.8
  7
HZ
 72
     1
 11
393604.3409723799
 21
3188466.350857411
 31
0.0
100
AcDbText
 73
     1
  0
TEXT
  5
E86
102
{ACAD_REACTORS
330
EE3
102
}
330
18
100
AcDbEntity
  8
ZDMT5
  6
Continuous
100
AcDbText
 10
393603.9409723799
 20
3188479.67942884
 30
0.0
 40
3.0
  1
1.35
 50
90.0
 41
0.8
  7
HZ
 72
     1
 11
393604.3409723799
 21
3188483.850857411
 31
0.0
100
AcDbText
 73
     1
  0
LINE
  5
E87
102
{ACAD_REACTORS
330
EE3
102
}
330
18
100
AcDbEntity
  8
ZDMT5
  6
Continuous
100
AcDbLine
 10
393604.8409723799
 20
3188456.350857411
 30
0.0
 11
393604.8409723799
 21
3188491.350857411
 31
0.0
  0
TEXT
  5
E88
102
{ACAD_REACTORS
330
EE3
102
}
330
18
100
AcDbEntity
  8
ZDMT5
  6
Continuous
100
AcDbText
 10
393816.7102719677
 20
3188461.208000268
 30
0.0
 40
3.0
  1
233.8
 50
90.0
 41
0.8
  7
HZ
 72
     1
 11
393817.1102719677
 21
3188466.350857411
 31
0.0
100
AcDbText
 73
     1
  0
TEXT
  5
E89
102
{ACAD_REACTORS
330
EE3
102
}
330
18
100
AcDbEntity
  8
ZDMT5
  6
Continuous
100
AcDbText
 10
393816.7102719677
 20
3188479.67942884
 30
0.0
 40
3.0
  1
1.12
 50
90.0
 41
0.8
  7
HZ
 72
     1
 11
393817.1102719677
 21
3188483.850857411
 31
0.0
100
AcDbText
 73
     1
  0
LINE
  5
E8A
102
{ACAD_REACTORS
330
EE3
102
}
330
18
100
AcDbEntity
  8
ZDMT5
  6
Continuous
100
AcDbLine
 10
393817.6102719677
 20
3188456.350857411
 30
0.0
 11
393817.6102719677
 21
3188491.350857411
 31
0.0
  0
TEXT
  5
E8B
102
{ACAD_REACTORS
330
EE3
102
}
330
18
100
AcDbEntity
  8
ZDMT5
  6
Continuous
100
AcDbText
 10
394099.5411762806
 20
3188461.208000268
 30
0.0
 40
3.0
  1
262.0
 50
90.0
 41
0.8
  7
HZ
 72
     1
 11
394099.9411762807
 21
3188466.350857411
 31
0.0
100
AcDbText
 73
     1
  0
TEXT
  5
E8C
102
{ACAD_REACTORS
330
EE3
102
}
330
18
100
AcDbEntity
  8
ZDMT5
  6
Continuous
100
AcDbText
 10
394099.5411762806
 20
3188479.908000268
 30
0.0
 40
3.0
  1
0.89
 50
90.0
 41
0.8
  7
HZ
 72
     1
 11
394099.9411762807
 21
3188483.850857411
 31
0.0
100
AcDbText
 73
     1
  0
LINE
  5
E8D
102
{ACAD_REACTORS
330
EE3
102
}
330
18
100
AcDbEntity
  8
ZDMT5
  6
Continuous
100
AcDbLine
 10
394100.4411762807
 20
3188456.350857411
 30
0.0
 11
394100.4411762807
 21
3188491.350857411
 31
0.0
  0
TEXT
  5
E8E
102
{ACAD_REACTORS
330
EE3
102
}
330
18
100
AcDbEntity
  8
ZDMT5
  6
Continuous
100
AcDbText
 10
394382.3720805969
 20
3188461.208000268
 30
0.0
 40
3.0
  1
290.3
 50
90.0
 41
0.8
  7
HZ
 72
     1
 11
394382.7720805969
 21
3188466.350857411
 31
0.0
100
AcDbText
 73
     1
  0
TEXT
  5
E8F
102
{ACAD_REACTORS
330
EE3
102
}
330
18
100
AcDbEntity
  8
ZDMT5
  6
Continuous
100
AcDbText
 10
394382.3720805969
 20
3188479.67942884
 30
0.0
 40
3.0
  1
1.26
 50
90.0
 41
0.8
  7
HZ
 72
     1
 11
394382.7720805969
 21
3188483.850857411
 31
0.0
100
AcDbText
 73
     1
  0
LINE
  5
E90
102
{ACAD_REACTORS
330
EE3
102
}
330
18
100
AcDbEntity
  8
ZDMT5
  6
Continuous
100
AcDbLine
 10
394383.2720805969
 20
3188456.350857411
 30
0.0
 11
394383.2720805969
 21
3188491.350857411
 31
0.0
  0
TEXT
  5
E91
102
{ACAD_REACTORS
330
EE3
102
}
330
18
100
AcDbEntity
  8
ZDMT5
  6
Continuous
100
AcDbText
 10
394593.8491374786
 20
3188461.208000268
 30
0.0
 40
3.0
  1
311.5
 50
90.0
 41
0.8
  7
HZ
 72
     1
 11
394594.2491374786
 21
3188466.350857411
 31
0.0
100
AcDbText
 73
     1
  0
TEXT
  5
E92
102
{ACAD_REACTORS
330
EE3
102
}
330
18
100
AcDbEntity
  8
ZDMT5
  6
Continuous
100
AcDbText
 10
394593.8491374786
 20
3188479.67942884
 30
0.0
 40
3.0
  1
1.56
 50
90.0
 41
0.8
  7
HZ
 72
     1
 11
394594.2491374786
 21
3188483.850857411
 31
0.0
100
AcDbText
 73
     1
  0
LINE
  5
E93
102
{ACAD_REACTORS
330
EE3
102
}
330
18
100
AcDbEntity
  8
ZDMT5
  6
Continuous
100
AcDbLine
 10
394594.7491374786
 20
3188456.350857411
 30
0.0
 11
394594.7491374786
 21
3188491.350857411
 31
0.0
  0
TEXT
  5
E94
102
{ACAD_REACTORS
330
EE3
102
}
330
18
100
AcDbEntity
  8
ZDMT5
  6
Continuous
100
AcDbText
 10
394876.6800417915
 20
3188461.208000268
 30
0.0
 40
3.0
  1
339.8
 50
90.0
 41
0.8
  7
HZ
 72
     1
 11
394877.0800417915
 21
3188466.350857411
 31
0.0
100
AcDbText
 73
     1
  0
TEXT
  5
E95
102
{ACAD_REACTORS
330
EE3
102
}
330
18
100
AcDbEntity
  8
ZDMT5
  6
Continuous
100
AcDbText
 10
394876.6800417915
 20
3188479.67942884
 30
0.0
 40
3.0
  1
1.76
 50
90.0
 41
0.8
  7
HZ
 72
     1
 11
394877.0800417915
 21
3188483.850857411
 31
0.0
100
AcDbText
 73
     1
  0
LINE
  5
E96
102
{ACAD_REACTORS
330
EE3
102
}
330
18
100
AcDbEntity
  8
ZDMT5
  6
Continuous
100
AcDbLine
 10
394877.5800417915
 20
3188456.350857411
 30
0.0
 11
394877.5800417915
 21
3188491.350857411
 31
0.0
  0
TEXT
  5
E97
102
{ACAD_REACTORS
330
EE3
102
}
330
18
100
AcDbEntity
  8
ZDMT5
  6
Continuous
100
AcDbText
 10
395089.4493413827
 20
3188461.208000268
 30
0.0
 40
3.0
  1
361.0
 50
90.0
 41
0.8
  7
HZ
 72
     1
 11
395089.8493413827
 21
3188466.350857411
 31
0.0
100
AcDbText
 73
     1
  0
TEXT
  5
E98
102
{ACAD_REACTORS
330
EE3
102
}
330
18
100
AcDbEntity
  8
ZDMT5
  6
Continuous
100
AcDbText
 10
395089.4493413827
 20
3188479.850857411
 30
0.0
 40
3.0
  1
2.73
 50
90.0
 41
0.8
  7
HZ
 72
     1
 11
395089.8493413827
 21
3188483.850857411
 31
0.0
100
AcDbText
 73
     1
  0
LINE
  5
E99
102
{ACAD_REACTORS
330
EE3
102
}
330
18
100
AcDbEntity
  8
ZDMT5
  6
Continuous
100
AcDbLine
 10
395090.3493413827
 20
3188456.350857411
 30
0.0
 11
395090.3493413827
 21
3188491.350857411
 31
0.0
  0
TEXT
  5
E9A
102
{ACAD_REACTORS
330
EE3
102
}
330
18
100
AcDbEntity
  8
ZDMT5
  6
Continuous
100
AcDbText
 10
395300.9263982642
 20
3188461.208000268
 30
0.0
 40
3.0
  1
382.2
 50
90.0
 41
0.8
  7
HZ
 72
     1
 11
395301.3263982643
 21
3188466.350857411
 31
0.0
100
AcDbText
 73
     1
  0
TEXT
  5
E9B
102
{ACAD_REACTORS
330
EE3
102
}
330
18
100
AcDbEntity
  8
ZDMT5
  6
Continuous
100
AcDbText
 10
395300.9263982642
 20
3188479.850857411
 30
0.0
 40
3.0
  1
3.42
 50
90.0
 41
0.8
  7
HZ
 72
     1
 11
395301.3263982643
 21
3188483.850857411
 31
0.0
100
AcDbText
 73
     1
  0
LINE
  5
E9C
102
{ACAD_REACTORS
330
EE3
102
}
330
18
100
AcDbEntity
  8
ZDMT5
  6
Continuous
100
AcDbLine
 10
395301.8263982643
 20
3188456.350857411
 30
0.0
 11
395301.8263982643
 21
3188491.350857411
 31
0.0
  0
TEXT
  5
E9D
102
{ACAD_REACTORS
330
EE3
102
}
330
18
100
AcDbEntity
  8
ZDMT5
  6
Continuous
100
AcDbText
 10
395443.6340931265
 20
3188461.208000268
 30
0.0
 40
3.0
  1
396.5
 50
90.0
 41
0.8
  7
HZ
 72
     1
 11
395444.0340931265
 21
3188466.350857411
 31
0.0
100
AcDbText
 73
     1
  0
TEXT
  5
E9E
102
{ACAD_REACTORS
330
EE3
102
}
330
18
100
AcDbEntity
  8
ZDMT5
  6
Continuous
100
AcDbText
 10
395443.6340931265
 20
3188479.850857411
 30
0.0
 40
3.0
  1
4.78
 50
90.0
 41
0.8
  7
HZ
 72
     1
 11
395444.0340931265
 21
3188483.850857411
 31
0.0
100
AcDbText
 73
     1
  0
LINE
  5
E9F
102
{ACAD_REACTORS
330
EE3
102
}
330
18
100
AcDbEntity
  8
ZDMT5
  6
Continuous
100
AcDbLine
 10
395444.5340931265
 20
3188456.350857411
 30
0.0
 11
395444.5340931265
 21
3188491.350857411
 31
0.0
  0
TEXT
  5
EA0
102
{ACAD_REACTORS
330
EE3
102
}
330
18
100
AcDbEntity
  8
ZDMT5
  6
Continuous
100
AcDbText
 10
395655.1111500086
 20
3188461.208000268
 30
0.0
 40
3.0
  1
417.6
 50
90.0
 41
0.8
  7
HZ
 72
     1
 11
395655.5111500086
 21
3188466.350857411
 31
0.0
100
AcDbText
 73
     1
  0
TEXT
  5
EA1
102
{ACAD_REACTORS
330
EE3
102
}
330
18
100
AcDbEntity
  8
ZDMT5
  6
Continuous
100
AcDbText
 10
395655.1111500086
 20
3188480.193714554
 30
0.0
 40
3.0
  1
7.81
 50
90.0
 41
0.8
  7
HZ
 72
     1
 11
395655.5111500086
 21
3188483.850857411
 31
0.0
100
AcDbText
 73
     1
  0
LINE
  5
EA2
102
{ACAD_REACTORS
330
EE3
102
}
330
18
100
AcDbEntity
  8
ZDMT5
  6
Continuous
100
AcDbLine
 10
395656.0111500086
 20
3188456.350857411
 30
0.0
 11
395656.0111500086
 21
3188491.350857411
 31
0.0
  0
TEXT
  5
EA3
102
{ACAD_REACTORS
330
EE3
102
}
330
18
100
AcDbEntity
  8
ZDMT5
  6
Continuous
100
AcDbText
 10
395937.9420543244
 20
3188461.265143125
 30
0.0
 40
3.0
  1
445.9
 50
90.0
 41
0.8
  7
HZ
 72
     1
 11
395938.3420543245
 21
3188466.350857411
 31
0.0
100
AcDbText
 73
     1
  0
TEXT
  5
EA4
102
{ACAD_REACTORS
330
EE3
102
}
330
18
100
AcDbEntity
  8
ZDMT5
  6
Continuous
100
AcDbText
 10
395937.9420543244
 20
3188478.593714554
 30
0.0
 40
3.0
  1
12.59
 50
90.0
 41
0.8
  7
HZ
 72
     1
 11
395938.3420543245
 21
3188483.850857411
 31
0.0
100
AcDbText
 73
     1
  0
LINE
  5
EA5
102
{ACAD_REACTORS
330
EE3
102
}
330
18
100
AcDbEntity
  8
ZDMT5
  6
Continuous
100
AcDbLine
 10
395938.8420543245
 20
3188456.350857411
 30
0.0
 11
395938.8420543245
 21
3188491.350857411
 31
0.0
  0
TEXT
  5
EA6
102
{ACAD_REACTORS
330
EE3
102
}
330
18
100
AcDbEntity
  8
ZDMT5
  6
Continuous
100
AcDbText
 10
396067.7636087104
 20
3188461.265143125
 30
0.0
 40
3.0
  1
458.9
 50
90.0
 41
0.8
  7
HZ
 72
     1
 11
396068.1636087105
 21
3188466.350857411
 31
0.0
100
AcDbText
 73
     1
  0
TEXT
  5
EA7
102
{ACAD_REACTORS
330
EE3
102
}
330
18
100
AcDbEntity
  8
ZDMT5
  6
Continuous
100
AcDbText
 10
396067.7636087104
 20
3188478.536571697
 30
0.0
 40
3.0
  1
16.20
 50
90.0
 41
0.8
  7
HZ
 72
     1
 11
396068.1636087105
 21
3188483.850857411
 31
0.0
100
AcDbText
 73
     1
  0
LINE
  5
EA8
102
{ACAD_REACTORS
330
EE3
102
}
330
18
100
AcDbEntity
  8
ZDMT5
  6
Continuous
100
AcDbLine
 10
396068.6636087105
 20
3188456.350857411
 30
0.0
 11
396068.6636087105
 21
3188491.350857411
 31
0.0
  0
TEXT
  5
EA9
102
{ACAD_REACTORS
330
EE3
102
}
330
18
100
AcDbEntity
  8
ZDMT5
  6
Continuous
100
AcDbText
 10
396180.2467735547
 20
3188461.550857411
 30
0.0
 40
3.0
  1
470.1
 50
90.0
 41
0.8
  7
HZ
 72
     1
 11
396180.6467735547
 21
3188466.350857411
 31
0.0
100
AcDbText
 73
     1
  0
TEXT
  5
EAA
102
{ACAD_REACTORS
330
EE3
102
}
330
18
100
AcDbEntity
  8
ZDMT5
  6
Continuous
100
AcDbText
 10
396180.2467735547
 20
3188478.536571697
 30
0.0
 40
3.0
  1
17.86
 50
90.0
 41
0.8
  7
HZ
 72
     1
 11
396180.6467735547
 21
3188483.850857411
 31
0.0
100
AcDbText
 73
     1
  0
LINE
  5
EAB
102
{ACAD_REACTORS
330
EE3
102
}
330
18
100
AcDbEntity
  8
ZDMT5
  6
Continuous
100
AcDbLine
 10
396181.1467735547
 20
3188456.350857411
 30
0.0
 11
396181.1467735547
 21
3188491.350857411
 31
0.0
  0
TEXT
  5
EAC
102
{ACAD_REACTORS
330
EE3
102
}
330
18
100
AcDbEntity
  8
ZDMT5
  6
Continuous
100
AcDbText
 10
396311.317820581
 20
3188461.208000268
 30
0.0
 40
3.0
  1
483.2
 50
90.0
 41
0.8
  7
HZ
 72
     1
 11
396311.717820581
 21
3188466.350857411
 31
0.0
100
AcDbText
 73
     1
  0
TEXT
  5
EAD
102
{ACAD_REACTORS
330
EE3
102
}
330
18
100
AcDbEntity
  8
ZDMT5
  6
Continuous
100
AcDbText
 10
396311.317820581
 20
3188478.650857411
 30
0.0
 40
3.0
  1
22.04
 50
90.0
 41
0.8
  7
HZ
 72
     1
 11
396311.717820581
 21
3188483.850857411
 31
0.0
100
AcDbText
 73
     1
  0
LINE
  5
EAE
102
{ACAD_REACTORS
330
EE3
102
}
330
18
100
AcDbEntity
  8
ZDMT5
  6
Continuous
100
AcDbLine
 10
396312.217820581
 20
3188456.350857411
 30
0.0
 11
396312.217820581
 21
3188491.350857411
 31
0.0
  0
TEXT
  5
EAF
102
{ACAD_REACTORS
330
EE3
102
}
330
18
100
AcDbEntity
  8
ZDMT5
  6
Continuous
100
AcDbText
 10
396364.8669444467
 20
3188461.208000268
 30
0.0
 40
3.0
  1
488.6
 50
90.0
 41
0.8
  7
HZ
 72
     1
 11
396365.2669444467
 21
3188466.350857411
 31
0.0
100
AcDbText
 73
     1
  0
TEXT
  5
EB0
102
{ACAD_REACTORS
330
EE3
102
}
330
18
100
AcDbEntity
  8
ZDMT5
  6
Continuous
100
AcDbText
 10
396364.8669444467
 20
3188478.708000268
 30
0.0
 40
3.0
  1
23.40
 50
90.0
 41
0.8
  7
HZ
 72
     1
 11
396365.2669444467
 21
3188483.850857411
 31
0.0
100
AcDbText
 73
     1
  0
LINE
  5
EB1
102
{ACAD_REACTORS
330
EE3
102
}
330
18
100
AcDbEntity
  8
ZDMT5
  6
Continuous
100
AcDbLine
 10
396365.7669444467
 20
3188456.350857411
 30
0.0
 11
396365.7669444467
 21
3188491.350857411
 31
0.0
  0
TEXT
  5
EB2
102
{ACAD_REACTORS
330
EE3
102
}
330
18
100
AcDbEntity
  8
ZDMT5
  6
Continuous
100
AcDbText
 10
396437.1744499383
 20
3188461.208000268
 30
0.0
 40
3.0
  1
495.8
 50
90.0
 41
0.8
  7
HZ
 72
     1
 11
396437.5744499384
 21
3188466.350857411
 31
0.0
100
AcDbText
 73
     1
  0
TEXT
  5
EB3
102
{ACAD_REACTORS
330
EE3
102
}
330
18
100
AcDbEntity
  8
ZDMT5
  6
Continuous
100
AcDbText
 10
396437.1744499383
 20
3188478.708000268
 30
0.0
 40
3.0
  1
23.30
 50
90.0
 41
0.8
  7
HZ
 72
     1
 11
396437.5744499384
 21
3188483.850857411
 31
0.0
100
AcDbText
 73
     1
  0
LINE
  5
EB4
102
{ACAD_REACTORS
330
EE3
102
}
330
18
100
AcDbEntity
  8
ZDMT5
  6
Continuous
100
AcDbLine
 10
396438.0744499384
 20
3188456.350857411
 30
0.0
 11
396438.0744499384
 21
3188491.350857411
 31
0.0
  0
TEXT
  5
EB5
102
{ACAD_REACTORS
330
EE3
102
}
330
18
100
AcDbEntity
  8
ZDMT5
  6
Continuous
100
AcDbText
 10
396498.6752963683
 20
3188461.208000268
 30
0.0
 40
3.0
  1
502.0
 50
90.0
 41
0.8
  7
HZ
 72
     1
 11
396499.0752963683
 21
3188466.350857411
 31
0.0
100
AcDbText
 73
     1
  0
TEXT
  5
EB6
102
{ACAD_REACTORS
330
EE3
102
}
330
18
100
AcDbEntity
  8
ZDMT5
  6
Continuous
100
AcDbText
 10
396498.6752963683
 20
3188478.708000268
 30
0.0
 40
3.0
  1
21.25
 50
90.0
 41
0.8
  7
HZ
 72
     1
 11
396499.0752963683
 21
3188483.850857411
 31
0.0
100
AcDbText
 73
     1
  0
LINE
  5
EB7
102
{ACAD_REACTORS
330
EE3
102
}
330
18
100
AcDbEntity
  8
ZDMT5
  6
Continuous
100
AcDbLine
 10
396499.5752963683
 20
3188456.350857411
 30
0.0
 11
396499.5752963683
 21
3188491.350857411
 31
0.0
  0
TEXT
  5
EB8
102
{ACAD_REACTORS
330
EE3
102
}
330
18
100
AcDbEntity
  8
ZDMT5
  6
Continuous
100
AcDbText
 10
396569.948214219
 20
3188461.550857411
 30
0.0
 40
3.0
  1
509.1
 50
90.0
 41
0.8
  7
HZ
 72
     1
 11
396570.348214219
 21
3188466.350857411
 31
0.0
100
AcDbText
 73
     1
  0
TEXT
  5
EB9
102
{ACAD_REACTORS
330
EE3
102
}
330
18
100
AcDbEntity
  8
ZDMT5
  6
Continuous
100
AcDbText
 10
396569.948214219
 20
3188478.765143125
 30
0.0
 40
3.0
  1
20.69
 50
90.0
 41
0.8
  7
HZ
 72
     1
 11
396570.348214219
 21
3188483.850857411
 31
0.0
100
AcDbText
 73
     1
  0
LINE
  5
EBA
102
{ACAD_REACTORS
330
EE3
102
}
330
18
100
AcDbEntity
  8
ZDMT5
  6
Continuous
100
AcDbLine
 10
396570.848214219
 20
3188456.350857411
 30
0.0
 11
396570.848214219
 21
3188491.350857411
 31
0.0
  0
TEXT
  5
EBB
102
{ACAD_REACTORS
330
EE3
102
}
330
18
100
AcDbEntity
  8
ZDMT5
  6
Continuous
100
AcDbText
 10
396680.6416878786
 20
3188461.208000268
 30
0.0
 40
3.0
  1
520.2
 50
90.0
 41
0.8
  7
HZ
 72
     1
 11
396681.0416878786
 21
3188466.350857411
 31
0.0
100
AcDbText
 73
     1
  0
TEXT
  5
EBC
102
{ACAD_REACTORS
330
EE3
102
}
330
18
100
AcDbEntity
  8
ZDMT5
  6
Continuous
100
AcDbText
 10
396680.6416878786
 20
3188478.536571697
 30
0.0
 40
3.0
  1
17.56
 50
90.0
 41
0.8
  7
HZ
 72
     1
 11
396681.0416878786
 21
3188483.850857411
 31
0.0
100
AcDbText
 73
     1
  0
LINE
  5
EBD
102
{ACAD_REACTORS
330
EE3
102
}
330
18
100
AcDbEntity
  8
ZDMT5
  6
Continuous
100
AcDbLine
 10
396681.5416878786
 20
3188456.350857411
 30
0.0
 11
396681.5416878786
 21
3188491.350857411
 31
0.0
  0
TEXT
  5
EBE
102
{ACAD_REACTORS
330
EE3
102
}
330
18
100
AcDbEntity
  8
ZDMT5
  6
Continuous
100
AcDbText
 10
396904.8882024444
 20
3188461.208000268
 30
0.0
 40
3.0
  1
542.6
 50
90.0
 41
0.8
  7
HZ
 72
     1
 11
396905.2882024444
 21
3188466.350857411
 31
0.0
100
AcDbText
 73
     1
  0
TEXT
  5
EBF
102
{ACAD_REACTORS
330
EE3
102
}
330
18
100
AcDbEntity
  8
ZDMT5
  6
Continuous
100
AcDbText
 10
396904.8882024444
 20
3188478.536571697
 30
0.0
 40
3.0
  1
17.33
 50
90.0
 41
0.8
  7
HZ
 72
     1
 11
396905.2882024444
 21
3188483.850857411
 31
0.0
100
AcDbText
 73
     1
  0
LINE
  5
EC0
102
{ACAD_REACTORS
330
EE3
102
}
330
18
100
AcDbEntity
  8
ZDMT5
  6
Continuous
100
AcDbLine
 10
396905.7882024444
 20
3188456.350857411
 30
0.0
 11
396905.7882024444
 21
3188491.350857411
 31
0.0
  0
LINE
  5
EC1
102
{ACAD_REACTORS
330
EE3
102
}
330
18
100
AcDbEntity
  8
ZDMT5
  6
X4
100
AcDbLine
 10
391479.9473693766
 20
3188491.350857411
 30
0.0
 11
391479.9473693766
 21
3188764.550857411
 31
0.0
  0
LINE
  5
EC2
102
{ACAD_REACTORS
330
EE3
102
}
330
18
100
AcDbEntity
  8
ZDMT5
  6
X4
100
AcDbLine
 10
391595.5652197685
 20
3188491.350857411
 30
0.0
 11
391595.5652197685
 21
3188762.350857411
 31
0.0
  0
LINE
  5
EC3
102
{ACAD_REACTORS
330
EE3
102
}
330
18
100
AcDbEntity
  8
ZDMT5
  6
X4
100
AcDbLine
 10
392006.4023051025
 20
3188491.350857411
 30
0.0
 11
392006.4023051025
 21
3188765.350857411
 31
0.0
  0
LINE
  5
EC4
102
{ACAD_REACTORS
330
EE3
102
}
330
18
100
AcDbEntity
  8
ZDMT5
  6
X4
100
AcDbLine
 10
392299.810038142
 20
3188491.350857411
 30
0.0
 11
392299.810038142
 21
3188672.350857411
 31
0.0
  0
LINE
  5
EC5
102
{ACAD_REACTORS
330
EE3
102
}
330
18
100
AcDbEntity
  8
ZDMT5
  6
X4
100
AcDbLine
 10
392544.8712025527
 20
3188491.350857411
 30
0.0
 11
392544.8712025527
 21
3188577.100857411
 31
0.0
  0
LINE
  5
EC6
102
{ACAD_REACTORS
330
EE3
102
}
330
18
100
AcDbEntity
  8
ZDMT5
  6
X4
100
AcDbLine
 10
392684.994412003
 20
3188491.350857411
 30
0.0
 11
392684.994412003
 21
3188569.590857411
 31
0.0
  0
LINE
  5
EC7
102
{ACAD_REACTORS
330
EE3
102
}
330
18
100
AcDbEntity
  8
ZDMT5
  6
X4
100
AcDbLine
 10
392827.702106869
 20
3188491.350857411
 30
0.0
 11
392827.702106869
 21
3188561.070857411
 31
0.0
  0
LINE
  5
EC8
102
{ACAD_REACTORS
330
EE3
102
}
330
18
100
AcDbEntity
  8
ZDMT5
  6
X4
100
AcDbLine
 10
393039.1791637506
 20
3188491.350857411
 30
0.0
 11
393039.1791637506
 21
3188547.740857411
 31
0.0
  0
LINE
  5
EC9
102
{ACAD_REACTORS
330
EE3
102
}
330
18
100
AcDbEntity
  8
ZDMT5
  6
X4
100
AcDbLine
 10
393322.0100680636
 20
3188491.350857411
 30
0.0
 11
393322.0100680636
 21
3188523.250857411
 31
0.0
  0
LINE
  5
ECA
102
{ACAD_REACTORS
330
EE3
102
}
330
18
100
AcDbEntity
  8
ZDMT5
  6
X4
100
AcDbLine
 10
393604.8409723799
 20
3188491.350857411
 30
0.0
 11
393604.8409723799
 21
3188544.840857411
 31
0.0
  0
LINE
  5
ECB
102
{ACAD_REACTORS
330
EE3
102
}
330
18
100
AcDbEntity
  8
ZDMT5
  6
X4
100
AcDbLine
 10
393817.6102719677
 20
3188491.350857411
 30
0.0
 11
393817.6102719677
 21
3188542.580857411
 31
0.0
  0
LINE
  5
ECC
102
{ACAD_REACTORS
330
EE3
102
}
330
18
100
AcDbEntity
  8
ZDMT5
  6
X4
100
AcDbLine
 10
394100.4411762807
 20
3188491.350857411
 30
0.0
 11
394100.4411762807
 21
3188540.290857411
 31
0.0
  0
LINE
  5
ECD
102
{ACAD_REACTORS
330
EE3
102
}
330
18
100
AcDbEntity
  8
ZDMT5
  6
X4
100
AcDbLine
 10
394383.2720805969
 20
3188491.350857411
 30
0.0
 11
394383.2720805969
 21
3188543.930857411
 31
0.0
  0
LINE
  5
ECE
102
{ACAD_REACTORS
330
EE3
102
}
330
18
100
AcDbEntity
  8
ZDMT5
  6
X4
100
AcDbLine
 10
394594.7491374786
 20
3188491.350857411
 30
0.0
 11
394594.7491374786
 21
3188547.000857411
 31
0.0
  0
LINE
  5
ECF
102
{ACAD_REACTORS
330
EE3
102
}
330
18
100
AcDbEntity
  8
ZDMT5
  6
X4
100
AcDbLine
 10
394877.5800417915
 20
3188491.350857411
 30
0.0
 11
394877.5800417915
 21
3188548.990857411
 31
0.0
  0
LINE
  5
ED0
102
{ACAD_REACTORS
330
EE3
102
}
330
18
100
AcDbEntity
  8
ZDMT5
  6
X4
100
AcDbLine
 10
395090.3493413827
 20
3188491.350857411
 30
0.0
 11
395090.3493413827
 21
3188558.650857411
 31
0.0
  0
LINE
  5
ED1
102
{ACAD_REACTORS
330
EE3
102
}
330
18
100
AcDbEntity
  8
ZDMT5
  6
X4
100
AcDbLine
 10
395301.8263982643
 20
3188491.350857411
 30
0.0
 11
395301.8263982643
 21
3188565.590857411
 31
0.0
  0
LINE
  5
ED2
102
{ACAD_REACTORS
330
EE3
102
}
330
18
100
AcDbEntity
  8
ZDMT5
  6
X4
100
AcDbLine
 10
395444.5340931265
 20
3188491.350857411
 30
0.0
 11
395444.5340931265
 21
3188579.100857411
 31
0.0
  0
LINE
  5
ED3
102
{ACAD_REACTORS
330
EE3
102
}
330
18
100
AcDbEntity
  8
ZDMT5
  6
X4
100
AcDbLine
 10
395656.0111500086
 20
3188491.350857411
 30
0.0
 11
395656.0111500086
 21
3188609.420857411
 31
0.0
  0
LINE
  5
ED4
102
{ACAD_REACTORS
330
EE3
102
}
330
18
100
AcDbEntity
  8
ZDMT5
  6
X4
100
AcDbLine
 10
395938.8420543245
 20
3188491.350857411
 30
0.0
 11
395938.8420543245
 21
3188657.210857411
 31
0.0
  0
LINE
  5
ED5
102
{ACAD_REACTORS
330
EE3
102
}
330
18
100
AcDbEntity
  8
ZDMT5
  6
X4
100
AcDbLine
 10
396068.6636087105
 20
3188491.350857411
 30
0.0
 11
396068.6636087105
 21
3188693.350857411
 31
0.0
  0
LINE
  5
ED6
102
{ACAD_REACTORS
330
EE3
102
}
330
18
100
AcDbEntity
  8
ZDMT5
  6
X4
100
AcDbLine
 10
396181.1467735547
 20
3188491.350857411
 30
0.0
 11
396181.1467735547
 21
3188709.950857411
 31
0.0
  0
LINE
  5
ED7
102
{ACAD_REACTORS
330
EE3
102
}
330
18
100
AcDbEntity
  8
ZDMT5
  6
X4
100
AcDbLine
 10
396312.217820581
 20
3188491.350857411
 30
0.0
 11
396312.217820581
 21
3188751.750857411
 31
0.0
  0
LINE
  5
ED8
102
{ACAD_REACTORS
330
EE3
102
}
330
18
100
AcDbEntity
  8
ZDMT5
  6
X4
100
AcDbLine
 10
396365.7669444467
 20
3188491.350857411
 30
0.0
 11
396365.7669444467
 21
3188765.350857411
 31
0.0
  0
LINE
  5
ED9
102
{ACAD_REACTORS
330
EE3
102
}
330
18
100
AcDbEntity
  8
ZDMT5
  6
X4
100
AcDbLine
 10
396438.0744499384
 20
3188491.350857411
 30
0.0
 11
396438.0744499384
 21
3188764.350857411
 31
0.0
  0
LINE
  5
EDA
102
{ACAD_REACTORS
330
EE3
102
}
330
18
100
AcDbEntity
  8
ZDMT5
  6
X4
100
AcDbLine
 10
396499.5752963683
 20
3188491.350857411
 30
0.0
 11
396499.5752963683
 21
3188743.850857411
 31
0.0
  0
LINE
  5
EDB
102
{ACAD_REACTORS
330
EE3
102
}
330
18
100
AcDbEntity
  8
ZDMT5
  6
X4
100
AcDbLine
 10
396570.848214219
 20
3188491.350857411
 30
0.0
 11
396570.848214219
 21
3188738.250857411
 31
0.0
  0
LINE
  5
EDC
102
{ACAD_REACTORS
330
EE3
102
}
330
18
100
AcDbEntity
  8
ZDMT5
  6
X4
100
AcDbLine
 10
396681.5416878786
 20
3188491.350857411
 30
0.0
 11
396681.5416878786
 21
3188706.950857411
 31
0.0
  0
LINE
  5
EDD
102
{ACAD_REACTORS
330
EE3
102
}
330
18
100
AcDbEntity
  8
ZDMT5
  6
X4
100
AcDbLine
 10
396905.7882024444
 20
3188491.350857411
 30
0.0
 11
396905.7882024444
 21
3188704.650857411
 31
0.0
  0
TEXT
  5
EDE
102
{ACAD_REACTORS
330
EE3
102
}
330
18
100
AcDbEntity
  8
ZDMT5
  6
Continuous
100
AcDbText
 10
396809.4358214921
 20
3188796.350857411
 30
0.0
 40
5.0
  1
比例尺:  横向 1:100  纵向 1:100
 41
0.8
  7
HZ
 72
     2
 11
396900.7882024444
 21
3188796.350857411
 31
0.0
100
AcDbText
  0
TEXT
  5
EDF
330
18
100
AcDbEntity
  8
DLSS
  6
Continuous
100
AcDbText
 10
391454.7472173555
 20
3188817.113997259
 30
0.0
 40
20.0
  1
西支下游500米
 41
0.8
  7
HZ
 72
     4
 11
391521.337693546
 21
3188827.113997259
 31
0.0
100
AcDbText
1001
SOUTH
1000
160009
1001
S_GXRQ
1071
1757073117
  0
LINE
  5
11E2
102
{ACAD_REACTORS
330
14CA
102
}
330
18
100
AcDbEntity
  8
zdm1
  6
Continuous
100
AcDbLine
 10
391496.2307640212
 20
3193285.313820825
 30
0.0
 11
396817.6668080139
 21
3193285.313820825
 31
0.0
1001
SOUTH
1000
991000
1040
100.0
1040
100.0
1040
0.0
1040
-5.0
1001
S_GXRQ
1071
1757125653
  0
LINE
  5
11E3
102
{ACAD_REACTORS
330
14CA
102
}
330
18
100
AcDbEntity
  8
zdm1
  6
Continuous
100
AcDbLine
 10
391451.2307640212
 20
3193285.313820825
 30
0.0
 11
391496.2307640212
 21
3193285.313820825
 31
0.0
  0
LINE
  5
11E4
102
{ACAD_REACTORS
330
14CA
102
}
330
18
100
AcDbEntity
  8
zdm1
  6
Continuous
100
AcDbLine
 10
391451.2307640212
 20
3193270.313820825
 30
0.0
 11
396817.6668080139
 21
3193270.313820825
 31
0.0
  0
LINE
  5
11E5
102
{ACAD_REACTORS
330
14CA
102
}
330
18
100
AcDbEntity
  8
zdm1
  6
Continuous
100
AcDbLine
 10
391451.2307640212
 20
3193250.313820825
 30
0.0
 11
396817.6668080139
 21
3193250.313820825
 31
0.0
  0
LINE
  5
11E6
102
{ACAD_REACTORS
330
14CA
102
}
330
18
100
AcDbEntity
  8
zdm1
  6
Continuous
100
AcDbLine
 10
391451.2307640212
 20
3193250.313820825
 30
0.0
 11
391451.2307640212
 21
3193285.313820825
 31
0.0
  0
LINE
  5
11E7
102
{ACAD_REACTORS
330
14CA
102
}
330
18
100
AcDbEntity
  8
zdm1
  6
Continuous
100
AcDbLine
 10
391491.2307640212
 20
3193250.313820825
 30
0.0
 11
391491.2307640212
 21
3193285.313820825
 31
0.0
  0
TEXT
  5
11E8
102
{ACAD_REACTORS
330
14CA
102
}
330
18
100
AcDbEntity
  8
zdm1
  6
Continuous
100
AcDbText
 10
391454.1107640212
 20
3193274.813820825
 30
0.0
 40
6.0
  1
地 面 高 程
 41
0.8
  7
HZ
 72
     4
 11
391471.2307640212
 21
3193277.813820825
 31
0.0
100
AcDbText
  0
TEXT
  5
11E9
102
{ACAD_REACTORS
330
14CA
102
}
330
18
100
AcDbEntity
  8
zdm1
  6
Continuous
100
AcDbText
 10
391456.8307640211
 20
3193257.313820825
 30
0.0
 40
6.0
  1
距    离
 41
0.8
  7
HZ
 72
     4
 11
391471.2307640212
 21
3193260.313820825
 31
0.0
100
AcDbText
  0
LWPOLYLINE
  5
11EA
102
{ACAD_REACTORS
330
14CA
102
}
330
18
100
AcDbEntity
  8
zdm1
  6
Continuous
100
AcDbPolyline
 90
        2
 70
   128
 43
1.0
 43
1.0
 10
391491.2307640212
 20
3193295.313820825
 10
391491.2307640212
 20
3193305.313820825
  0
LWPOLYLINE
  5
11EB
102
{ACAD_REACTORS
330
14CA
102
}
330
18
100
AcDbEntity
  8
zdm1
  6
Continuous
100
AcDbPolyline
 90
        2
 70
   128
 43
1.0
 43
1.0
 10
396817.6668080139
 20
3193295.313820825
 10
396817.6668080139
 20
3193305.313820825
  0
LWPOLYLINE
  5
11EC
102
{ACAD_REACTORS
330
14CA
102
}
330
18
100
AcDbEntity
  8
zdm1
  6
Continuous
100
AcDbPolyline
 90
        2
 70
   128
 43
1.0
 43
1.0
 10
391491.2307640212
 20
3193315.313820825
 10
391491.2307640212
 20
3193325.313820825
  0
LWPOLYLINE
  5
11ED
102
{ACAD_REACTORS
330
14CA
102
}
330
18
100
AcDbEntity
  8
zdm1
  6
Continuous
100
AcDbPolyline
 90
        2
 70
   128
 43
1.0
 43
1.0
 10
396817.6668080139
 20
3193315.313820825
 10
396817.6668080139
 20
3193325.313820825
  0
LWPOLYLINE
  5
11EE
102
{ACAD_REACTORS
330
14CA
102
}
330
18
100
AcDbEntity
  8
zdm1
  6
Continuous
100
AcDbPolyline
 90
        2
 70
   128
 43
1.0
 43
1.0
 10
391491.2307640212
 20
3193335.313820825
 10
391491.2307640212
 20
3193345.313820825
  0
LWPOLYLINE
  5
11EF
102
{ACAD_REACTORS
330
14CA
102
}
330
18
100
AcDbEntity
  8
zdm1
  6
Continuous
100
AcDbPolyline
 90
        2
 70
   128
 43
1.0
 43
1.0
 10
396817.6668080139
 20
3193335.313820825
 10
396817.6668080139
 20
3193345.313820825
  0
LWPOLYLINE
  5
11F0
102
{ACAD_REACTORS
330
14CA
102
}
330
18
100
AcDbEntity
  8
zdm1
  6
Continuous
100
AcDbPolyline
 90
        2
 70
   128
 43
1.0
 43
1.0
 10
391491.2307640212
 20
3193355.313820825
 10
391491.2307640212
 20
3193365.313820825
  0
LWPOLYLINE
  5
11F1
102
{ACAD_REACTORS
330
14CA
102
}
330
18
100
AcDbEntity
  8
zdm1
  6
Continuous
100
AcDbPolyline
 90
        2
 70
   128
 43
1.0
 43
1.0
 10
396817.6668080139
 20
3193355.313820825
 10
396817.6668080139
 20
3193365.313820825
  0
LWPOLYLINE
  5
11F2
102
{ACAD_REACTORS
330
14CA
102
}
330
18
100
AcDbEntity
  8
zdm1
  6
Continuous
100
AcDbPolyline
 90
        2
 70
   128
 43
1.0
 43
1.0
 10
391491.2307640212
 20
3193375.313820825
 10
391491.2307640212
 20
3193385.313820825
  0
LWPOLYLINE
  5
11F3
102
{ACAD_REACTORS
330
14CA
102
}
330
18
100
AcDbEntity
  8
zdm1
  6
Continuous
100
AcDbPolyline
 90
        2
 70
   128
 43
1.0
 43
1.0
 10
396817.6668080139
 20
3193375.313820825
 10
396817.6668080139
 20
3193385.313820825
  0
LWPOLYLINE
  5
11F4
102
{ACAD_REACTORS
330
14CA
102
}
330
18
100
AcDbEntity
  8
zdm1
  6
Continuous
100
AcDbPolyline
 90
        2
 70
   128
 43
1.0
 43
1.0
 10
391491.2307640212
 20
3193395.313820825
 10
391491.2307640212
 20
3193405.313820825
  0
LWPOLYLINE
  5
11F5
102
{ACAD_REACTORS
330
14CA
102
}
330
18
100
AcDbEntity
  8
zdm1
  6
Continuous
100
AcDbPolyline
 90
        2
 70
   128
 43
1.0
 43
1.0
 10
396817.6668080139
 20
3193395.313820825
 10
396817.6668080139
 20
3193405.313820825
  0
LWPOLYLINE
  5
11F6
102
{ACAD_REACTORS
330
14CA
102
}
330
18
100
AcDbEntity
  8
zdm1
  6
Continuous
100
AcDbPolyline
 90
        2
 70
   128
 43
1.0
 43
1.0
 10
391491.2307640212
 20
3193415.313820825
 10
391491.2307640212
 20
3193425.313820825
  0
LWPOLYLINE
  5
11F7
102
{ACAD_REACTORS
330
14CA
102
}
330
18
100
AcDbEntity
  8
zdm1
  6
Continuous
100
AcDbPolyline
 90
        2
 70
   128
 43
1.0
 43
1.0
 10
396817.6668080139
 20
3193415.313820825
 10
396817.6668080139
 20
3193425.313820825
  0
LWPOLYLINE
  5
11F8
102
{ACAD_REACTORS
330
14CA
102
}
330
18
100
AcDbEntity
  8
zdm1
  6
Continuous
100
AcDbPolyline
 90
        2
 70
   128
 43
1.0
 43
1.0
 10
391491.2307640212
 20
3193435.313820825
 10
391491.2307640212
 20
3193445.313820825
  0
LWPOLYLINE
  5
11F9
102
{ACAD_REACTORS
330
14CA
102
}
330
18
100
AcDbEntity
  8
zdm1
  6
Continuous
100
AcDbPolyline
 90
        2
 70
   128
 43
1.0
 43
1.0
 10
396817.6668080139
 20
3193435.313820825
 10
396817.6668080139
 20
3193445.313820825
  0
LWPOLYLINE
  5
11FA
102
{ACAD_REACTORS
330
14CA
102
}
330
18
100
AcDbEntity
  8
zdm1
  6
Continuous
100
AcDbPolyline
 90
        2
 70
   128
 43
1.0
 43
1.0
 10
391491.2307640212
 20
3193455.313820825
 10
391491.2307640212
 20
3193465.313820825
  0
LWPOLYLINE
  5
11FB
102
{ACAD_REACTORS
330
14CA
102
}
330
18
100
AcDbEntity
  8
zdm1
  6
Continuous
100
AcDbPolyline
 90
        2
 70
   128
 43
1.0
 43
1.0
 10
396817.6668080139
 20
3193455.313820825
 10
396817.6668080139
 20
3193465.313820825
  0
LWPOLYLINE
  5
11FC
102
{ACAD_REACTORS
330
14CA
102
}
330
18
100
AcDbEntity
  8
zdm1
  6
Continuous
100
AcDbPolyline
 90
        2
 70
   128
 43
1.0
 43
1.0
 10
391491.2307640212
 20
3193475.313820825
 10
391491.2307640212
 20
3193485.313820825
  0
LWPOLYLINE
  5
11FD
102
{ACAD_REACTORS
330
14CA
102
}
330
18
100
AcDbEntity
  8
zdm1
  6
Continuous
100
AcDbPolyline
 90
        2
 70
   128
 43
1.0
 43
1.0
 10
396817.6668080139
 20
3193475.313820825
 10
396817.6668080139
 20
3193485.313820825
  0
LWPOLYLINE
  5
11FE
102
{ACAD_REACTORS
330
14CA
102
}
330
18
100
AcDbEntity
  8
zdm1
  6
Continuous
100
AcDbPolyline
 90
        2
 70
   128
 43
1.0
 43
1.0
 10
391491.2307640212
 20
3193495.313820825
 10
391491.2307640212
 20
3193505.313820825
  0
LWPOLYLINE
  5
11FF
102
{ACAD_REACTORS
330
14CA
102
}
330
18
100
AcDbEntity
  8
zdm1
  6
Continuous
100
AcDbPolyline
 90
        2
 70
   128
 43
1.0
 43
1.0
 10
396817.6668080139
 20
3193495.313820825
 10
396817.6668080139
 20
3193505.313820825
  0
LWPOLYLINE
  5
1200
102
{ACAD_REACTORS
330
14CA
102
}
330
18
100
AcDbEntity
  8
zdm1
  6
Continuous
100
AcDbPolyline
 90
        2
 70
   128
 43
1.0
 43
1.0
 10
391491.2307640212
 20
3193515.313820825
 10
391491.2307640212
 20
3193525.313820825
  0
LWPOLYLINE
  5
1201
102
{ACAD_REACTORS
330
14CA
102
}
330
18
100
AcDbEntity
  8
zdm1
  6
Continuous
100
AcDbPolyline
 90
        2
 70
   128
 43
1.0
 43
1.0
 10
396817.6668080139
 20
3193515.313820825
 10
396817.6668080139
 20
3193525.313820825
  0
LWPOLYLINE
  5
1202
102
{ACAD_REACTORS
330
14CA
102
}
330
18
100
AcDbEntity
  8
zdm1
  6
Continuous
100
AcDbPolyline
 90
        2
 70
   128
 43
1.0
 43
1.0
 10
391491.2307640212
 20
3193535.313820825
 10
391491.2307640212
 20
3193545.313820825
  0
LWPOLYLINE
  5
1203
102
{ACAD_REACTORS
330
14CA
102
}
330
18
100
AcDbEntity
  8
zdm1
  6
Continuous
100
AcDbPolyline
 90
        2
 70
   128
 43
1.0
 43
1.0
 10
396817.6668080139
 20
3193535.313820825
 10
396817.6668080139
 20
3193545.313820825
  0
LWPOLYLINE
  5
1204
102
{ACAD_REACTORS
330
14CA
102
}
330
18
100
AcDbEntity
  8
zdm1
  6
Continuous
100
AcDbPolyline
 90
        2
 70
   128
 43
1.0
 43
1.0
 10
391491.2307640212
 20
3193555.313820825
 10
391491.2307640212
 20
3193565.313820825
  0
LWPOLYLINE
  5
1205
102
{ACAD_REACTORS
330
14CA
102
}
330
18
100
AcDbEntity
  8
zdm1
  6
Continuous
100
AcDbPolyline
 90
        2
 70
   128
 43
1.0
 43
1.0
 10
396817.6668080139
 20
3193555.313820825
 10
396817.6668080139
 20
3193565.313820825
  0
LWPOLYLINE
  5
1206
102
{ACAD_REACTORS
330
14CA
102
}
330
18
100
AcDbEntity
  8
zdm1
  6
Continuous
100
AcDbPolyline
 90
        2
 70
   128
 43
1.0
 43
1.0
 10
391491.2307640212
 20
3193575.313820825
 10
391491.2307640212
 20
3193585.313820825
  0
LWPOLYLINE
  5
1207
102
{ACAD_REACTORS
330
14CA
102
}
330
18
100
AcDbEntity
  8
zdm1
  6
Continuous
100
AcDbPolyline
 90
        2
 70
   128
 43
1.0
 43
1.0
 10
396817.6668080139
 20
3193575.313820825
 10
396817.6668080139
 20
3193585.313820825
  0
LWPOLYLINE
  5
1208
102
{ACAD_REACTORS
330
14CA
102
}
330
18
100
AcDbEntity
  8
zdm1
  6
Continuous
100
AcDbPolyline
 90
        2
 70
   128
 43
1.0
 43
1.0
 10
391491.2307640212
 20
3193595.313820825
 10
391491.2307640212
 20
3193605.313820825
  0
LWPOLYLINE
  5
1209
102
{ACAD_REACTORS
330
14CA
102
}
330
18
100
AcDbEntity
  8
zdm1
  6
Continuous
100
AcDbPolyline
 90
        2
 70
   128
 43
1.0
 43
1.0
 10
396817.6668080139
 20
3193595.313820825
 10
396817.6668080139
 20
3193605.313820825
  0
LWPOLYLINE
  5
120A
102
{ACAD_REACTORS
330
14CA
102
}
330
18
100
AcDbEntity
  8
zdm1
  6
Continuous
100
AcDbPolyline
 90
        2
 70
   128
 43
1.0
 43
1.0
 10
391491.2307640212
 20
3193615.313820825
 10
391491.2307640212
 20
3193625.313820825
  0
LWPOLYLINE
  5
120B
102
{ACAD_REACTORS
330
14CA
102
}
330
18
100
AcDbEntity
  8
zdm1
  6
Continuous
100
AcDbPolyline
 90
        2
 70
   128
 43
1.0
 43
1.0
 10
396817.6668080139
 20
3193615.313820825
 10
396817.6668080139
 20
3193625.313820825
  0
LWPOLYLINE
  5
120C
102
{ACAD_REACTORS
330
14CA
102
}
330
18
100
AcDbEntity
  8
zdm1
  6
Continuous
100
AcDbPolyline
 90
        2
 70
   128
 43
1.0
 43
1.0
 10
391491.2307640212
 20
3193635.313820825
 10
391491.2307640212
 20
3193645.313820825
  0
LWPOLYLINE
  5
120D
102
{ACAD_REACTORS
330
14CA
102
}
330
18
100
AcDbEntity
  8
zdm1
  6
Continuous
100
AcDbPolyline
 90
        2
 70
   128
 43
1.0
 43
1.0
 10
396817.6668080139
 20
3193635.313820825
 10
396817.6668080139
 20
3193645.313820825
  0
LINE
  5
120E
102
{ACAD_REACTORS
330
14CA
102
}
330
18
100
AcDbEntity
  8
zdm1
  6
Continuous
100
AcDbLine
 10
391490.7307640212
 20
3193285.313820825
 30
0.0
 11
391490.7307640212
 21
3193645.313820825
 31
0.0
  0
LINE
  5
120F
102
{ACAD_REACTORS
330
14CA
102
}
330
18
100
AcDbEntity
  8
zdm1
  6
Continuous
100
AcDbLine
 10
391491.7307640212
 20
3193285.313820825
 30
0.0
 11
391491.7307640212
 21
3193645.313820825
 31
0.0
  0
LINE
  5
1210
102
{ACAD_REACTORS
330
14CA
102
}
330
18
100
AcDbEntity
  8
zdm1
  6
Continuous
100
AcDbLine
 10
396817.1668080139
 20
3193285.313820825
 30
0.0
 11
396817.1668080139
 21
3193645.313820825
 31
0.0
  0
LINE
  5
1211
102
{ACAD_REACTORS
330
14CA
102
}
330
18
100
AcDbEntity
  8
zdm1
  6
Continuous
100
AcDbLine
 10
396818.1668080139
 20
3193285.313820825
 30
0.0
 11
396818.1668080139
 21
3193645.313820825
 31
0.0
  0
LINE
  5
1212
102
{ACAD_REACTORS
330
14CA
102
}
330
18
100
AcDbEntity
  8
zdm1
  6
X4
100
AcDbLine
 10
391481.2307640212
 20
3193285.313820825
 30
0.0
 11
396827.6668080139
 21
3193285.313820825
 31
0.0
  0
TEXT
  5
1213
102
{ACAD_REACTORS
330
14CA
102
}
330
18
100
AcDbEntity
  8
zdm1
  6
Continuous
100
AcDbText
 10
391485.3164783069
 20
3193285.313820825
 30
0.0
 40
3.0
  1
-5
 41
0.8
  7
HZ
 72
     2
 11
391490.2307640212
 21
3193285.313820825
 31
0.0
100
AcDbText
  0
TEXT
  5
1214
102
{ACAD_REACTORS
330
14CA
102
}
330
18
100
AcDbEntity
  8
zdm1
  6
Continuous
100
AcDbText
 10
396818.6668080139
 20
3193285.313820825
 30
0.0
 40
3.0
  1
-5
 41
0.8
  7
HZ
 11
0.0
 21
0.0
 31
0.0
100
AcDbText
  0
LINE
  5
1215
102
{ACAD_REACTORS
330
14CA
102
}
330
18
100
AcDbEntity
  8
zdm1
  6
X4
100
AcDbLine
 10
391481.2307640212
 20
3193335.313820825
 30
0.0
 11
396827.6668080139
 21
3193335.313820825
 31
0.0
  0
TEXT
  5
1216
102
{ACAD_REACTORS
330
14CA
102
}
330
18
100
AcDbEntity
  8
zdm1
  6
Continuous
100
AcDbText
 10
391488.2879068783
 20
3193335.313820825
 30
0.0
 40
3.0
  1
0
 41
0.8
  7
HZ
 72
     2
 11
391490.2307640212
 21
3193335.313820825
 31
0.0
100
AcDbText
  0
TEXT
  5
1217
102
{ACAD_REACTORS
330
14CA
102
}
330
18
100
AcDbEntity
  8
zdm1
  6
Continuous
100
AcDbText
 10
396818.6668080139
 20
3193335.313820825
 30
0.0
 40
3.0
  1
0
 41
0.8
  7
HZ
 11
0.0
 21
0.0
 31
0.0
100
AcDbText
  0
LINE
  5
1218
102
{ACAD_REACTORS
330
14CA
102
}
330
18
100
AcDbEntity
  8
zdm1
  6
X4
100
AcDbLine
 10
391481.2307640212
 20
3193385.313820825
 30
0.0
 11
396827.6668080139
 21
3193385.313820825
 31
0.0
  0
TEXT
  5
1219
102
{ACAD_REACTORS
330
14CA
102
}
330
18
100
AcDbEntity
  8
zdm1
  6
Continuous
100
AcDbText
 10
391488.2879068783
 20
3193385.313820825
 30
0.0
 40
3.0
  1
5
 41
0.8
  7
HZ
 72
     2
 11
391490.2307640212
 21
3193385.313820825
 31
0.0
100
AcDbText
  0
TEXT
  5
121A
102
{ACAD_REACTORS
330
14CA
102
}
330
18
100
AcDbEntity
  8
zdm1
  6
Continuous
100
AcDbText
 10
396818.6668080139
 20
3193385.313820825
 30
0.0
 40
3.0
  1
5
 41
0.8
  7
HZ
 11
0.0
 21
0.0
 31
0.0
100
AcDbText
  0
LINE
  5
121B
102
{ACAD_REACTORS
330
14CA
102
}
330
18
100
AcDbEntity
  8
zdm1
  6
X4
100
AcDbLine
 10
391481.2307640212
 20
3193435.313820825
 30
0.0
 11
396827.6668080139
 21
3193435.313820825
 31
0.0
  0
TEXT
  5
121C
102
{ACAD_REACTORS
330
14CA
102
}
330
18
100
AcDbEntity
  8
zdm1
  6
Continuous
100
AcDbText
 10
391486.0021925926
 20
3193435.313820825
 30
0.0
 40
3.0
  1
10
 41
0.8
  7
HZ
 72
     2
 11
391490.2307640212
 21
3193435.313820825
 31
0.0
100
AcDbText
  0
TEXT
  5
121D
102
{ACAD_REACTORS
330
14CA
102
}
330
18
100
AcDbEntity
  8
zdm1
  6
Continuous
100
AcDbText
 10
396818.6668080139
 20
3193435.313820825
 30
0.0
 40
3.0
  1
10
 41
0.8
  7
HZ
 11
0.0
 21
0.0
 31
0.0
100
AcDbText
  0
LINE
  5
121E
102
{ACAD_REACTORS
330
14CA
102
}
330
18
100
AcDbEntity
  8
zdm1
  6
X4
100
AcDbLine
 10
391481.2307640212
 20
3193485.313820825
 30
0.0
 11
396827.6668080139
 21
3193485.313820825
 31
0.0
  0
TEXT
  5
121F
102
{ACAD_REACTORS
330
14CA
102
}
330
18
100
AcDbEntity
  8
zdm1
  6
Continuous
100
AcDbText
 10
391486.0021925926
 20
3193485.313820825
 30
0.0
 40
3.0
  1
15
 41
0.8
  7
HZ
 72
     2
 11
391490.2307640212
 21
3193485.313820825
 31
0.0
100
AcDbText
  0
TEXT
  5
1220
102
{ACAD_REACTORS
330
14CA
102
}
330
18
100
AcDbEntity
  8
zdm1
  6
Continuous
100
AcDbText
 10
396818.6668080139
 20
3193485.313820825
 30
0.0
 40
3.0
  1
15
 41
0.8
  7
HZ
 11
0.0
 21
0.0
 31
0.0
100
AcDbText
  0
LINE
  5
1221
102
{ACAD_REACTORS
330
14CA
102
}
330
18
100
AcDbEntity
  8
zdm1
  6
X4
100
AcDbLine
 10
391481.2307640212
 20
3193535.313820825
 30
0.0
 11
396827.6668080139
 21
3193535.313820825
 31
0.0
  0
TEXT
  5
1222
102
{ACAD_REACTORS
330
14CA
102
}
330
18
100
AcDbEntity
  8
zdm1
  6
Continuous
100
AcDbText
 10
391486.0021925926
 20
3193535.313820825
 30
0.0
 40
3.0
  1
20
 41
0.8
  7
HZ
 72
     2
 11
391490.2307640212
 21
3193535.313820825
 31
0.0
100
AcDbText
  0
TEXT
  5
1223
102
{ACAD_REACTORS
330
14CA
102
}
330
18
100
AcDbEntity
  8
zdm1
  6
Continuous
100
AcDbText
 10
396818.6668080139
 20
3193535.313820825
 30
0.0
 40
3.0
  1
20
 41
0.8
  7
HZ
 11
0.0
 21
0.0
 31
0.0
100
AcDbText
  0
LINE
  5
1224
102
{ACAD_REACTORS
330
14CA
102
}
330
18
100
AcDbEntity
  8
zdm1
  6
X4
100
AcDbLine
 10
391481.2307640212
 20
3193585.313820825
 30
0.0
 11
396827.6668080139
 21
3193585.313820825
 31
0.0
  0
TEXT
  5
1225
102
{ACAD_REACTORS
330
14CA
102
}
330
18
100
AcDbEntity
  8
zdm1
  6
Continuous
100
AcDbText
 10
391486.0021925926
 20
3193585.313820825
 30
0.0
 40
3.0
  1
25
 41
0.8
  7
HZ
 72
     2
 11
391490.2307640212
 21
3193585.313820825
 31
0.0
100
AcDbText
  0
TEXT
  5
1226
102
{ACAD_REACTORS
330
14CA
102
}
330
18
100
AcDbEntity
  8
zdm1
  6
Continuous
100
AcDbText
 10
396818.6668080139
 20
3193585.313820825
 30
0.0
 40
3.0
  1
25
 41
0.8
  7
HZ
 11
0.0
 21
0.0
 31
0.0
100
AcDbText
  0
LINE
  5
1227
102
{ACAD_REACTORS
330
14CA
102
}
330
18
100
AcDbEntity
  8
zdm1
  6
X4
100
AcDbLine
 10
391481.2307640212
 20
3193635.313820825
 30
0.0
 11
396827.6668080139
 21
3193635.313820825
 31
0.0
  0
TEXT
  5
1228
102
{ACAD_REACTORS
330
14CA
102
}
330
18
100
AcDbEntity
  8
zdm1
  6
Continuous
100
AcDbText
 10
391486.0021925926
 20
3193635.313820825
 30
0.0
 40
3.0
  1
30
 41
0.8
  7
HZ
 72
     2
 11
391490.2307640212
 21
3193635.313820825
 31
0.0
100
AcDbText
  0
TEXT
  5
1229
102
{ACAD_REACTORS
330
14CA
102
}
330
18
100
AcDbEntity
  8
zdm1
  6
Continuous
100
AcDbText
 10
396818.6668080139
 20
3193635.313820825
 30
0.0
 40
3.0
  1
30
 41
0.8
  7
HZ
 11
0.0
 21
0.0
 31
0.0
100
AcDbText
  0
LWPOLYLINE
  5
122A
102
{ACAD_REACTORS
330
14CA
102
}
330
18
100
AcDbEntity
  8
DMX
  6
Continuous
100
AcDbPolyline
 90
      166
 70
   128
 43
0.0
 10
391496.2307640212
 20
3193615.113820825
 10
391665.4326706714
 20
3193615.513820825
 10
391780.8707269478
 20
3193514.313820825
 10
392077.3704831786
 20
3193499.313820825
 10
392256.77820713
 20
3193447.313820825
 10
392368.7014659953
 20
3193430.913820825
 10
392388.7010784904
 20
3193423.813820825
 10
392408.6991308954
 20
3193419.013820825
 10
392428.6987433938
 20
3193416.513820825
 10
392448.6983558889
 20
3193413.113820825
 10
392468.6979683844
 20
3193409.613820825
 10
392488.703827526
 20
3193407.913820825
 10
392508.7034400239
 20
3193406.613820825
 10
392528.7030525194
 20
3193403.713820825
 10
392548.6948558386
 20
3193398.413820825
 10
392568.7007149807
 20
3193395.433820825
 10
392588.7003274786
 20
3193394.143820825
 10
392608.6999399737
 20
3193389.253820825
 10
392628.6995524691
 20
3193384.763820825
 10
392648.7054116107
 20
3193380.273820825
 10
392668.6972149328
 20
3193375.783820825
 10
392688.6968274284
 20
3193373.353820825
 10
392708.6964399234
 20
3193375.893820825
 10
392728.7022990654
 20
3193370.313820825
 10
392748.7019115633
 20
3193360.513820825
 10
392768.7015240584
 20
3193355.213820825
 10
392788.693327381
 20
3193357.913820825
 10
392808.6991865226
 20
3193358.573820825
 10
392828.6987990176
 20
3193354.533820825
 10
392848.6984115131
 20
3193350.493820825
 10
392868.698024011
 20
3193345.753820825
 10
392888.703883153
 20
3193346.783820825
 10
392908.7034956481
 20
3193345.463820825
 10
392928.6952989674
 20
3193345.253820825
 10
392948.7011581094
 20
3193345.033820825
 10
392968.7007706073
 20
3193344.823820825
 10
392988.7003831028
 20
3193344.613820825
 10
393008.6999955978
 20
3193344.403820825
 10
393028.7058547394
 20
3193344.193820825
 10
393048.697658062
 20
3193343.983820825
 10
393068.6972705571
 20
3193343.773820825
 10
393088.6968830521
 20
3193343.563820825
 10
393108.7027421941
 20
3193342.273820825
 10
393128.702354692
 20
3193341.823820825
 10
393148.7019671876
 20
3193341.433820825
 10
393168.6937705068
 20
3193341.963820825
 10
393188.6996296484
 20
3193341.693820825
 10
393208.6992421467
 20
3193341.493820825
 10
393228.6988546418
 20
3193341.863820825
 10
393248.6984671397
 20
3193341.873820825
 10
393268.7043262818
 20
3193341.893820825
 10
393288.7039387768
 20
3193341.903820825
 10
393308.6957420965
 20
3193341.913820825
 10
393328.6953545944
 20
3193341.583820825
 10
393348.701213736
 20
3193341.263820825
 10
393368.7008262315
 20
3193341.023820825
 10
393388.7004387266
 20
3193340.783820825
 10
393408.7062978686
 20
3193340.543820825
 10
393428.6981011907
 20
3193340.303820825
 10
393448.6977136857
 20
3193340.063820825
 10
393468.6973261812
 20
3193339.893820825
 10
393488.7031853228
 20
3193336.813820825
 10
393508.7027978208
 20
3193332.713820825
 10
393528.7024103163
 20
3193326.813820825
 10
393548.6942136355
 20
3193323.113820825
 10
393568.7000727771
 20
3193317.223820825
 10
393588.6996852755
 20
3193319.313820825
 10
393608.6992977705
 20
3193322.113820825
 10
393628.698910266
 20
3193330.813820825
 10
393648.7047694076
 20
3193336.513820825
 10
393668.7043819055
 20
3193338.713820825
 10
393688.6961852252
 20
3193339.213820825
 10
393708.6957977202
 20
3193339.413820825
 10
393728.7016568623
 20
3193344.933820825
 10
393748.7012693602
 20
3193344.763820825
 10
393768.7008818553
 20
3193342.593820825
 10
393788.7004943537
 20
3193342.853820825
 10
393808.6985467587
 20
3193342.513820825
 10
393828.6981592537
 20
3193345.993820825
 10
393848.6977717493
 20
3193339.363820825
 10
393868.6973842472
 20
3193350.493820825
 10
393888.7032433893
 20
3193351.433820825
 10
393908.7028558843
 20
3193351.833820825
 10
393928.6946592035
 20
3193353.793820825
 10
393948.7005183455
 20
3193353.083820825
 10
393968.7001308435
 20
3193351.683820825
 10
393988.6997433385
 20
3193351.173820825
 10
394008.699355834
 20
3193350.653820825
 10
394028.7052149756
 20
3193350.143820825
 10
394048.704827474
 20
3193349.633820825
 10
394068.6966307932
 20
3193349.123820825
 10
394088.6962432883
 20
3193348.823820825
 10
394108.7021024303
 20
3193347.333820825
 10
394128.7017149283
 20
3193344.833820825
 10
394148.7013274237
 20
3193342.393820825
 10
394168.7009399188
 20
3193340.133820825
 10
394188.6989923238
 20
3193340.583820825
 10
394208.6986048222
 20
3193338.953820825
 10
394228.6982173173
 20
3193339.263820825
 10
394248.6978298152
 20
3193339.753820825
 10
394268.7036889573
 20
3193340.173820825
 10
394288.7033014523
 20
3193340.593820825
 10
394308.6951047715
 20
3193341.013820825
 10
394328.6947172699
 20
3193341.503820825
 10
394348.7005764115
 20
3193341.793820825
 10
394368.700188907
 20
3193341.733820825
 10
394388.6998014021
 20
3193341.673820825
 10
394408.6994139
 20
3193341.623820825
 10
394428.705273042
 20
3193341.563820825
 10
394448.6970763612
 20
3193341.503820825
 10
394468.6966888568
 20
3193341.443820825
 10
394488.7025479983
 20
3193341.813820825
 10
394508.7021604963
 20
3193342.153820825
 10
394528.7017729917
 20
3193342.723820825
 10
394548.7013854868
 20
3193343.143820825
 10
394568.6994378918
 20
3193342.683820825
 10
394588.6990503902
 20
3193342.743820825
 10
394608.6986628853
 20
3193342.383820825
 10
394628.6982753808
 20
3193342.213820825
 10
394648.7041345224
 20
3193342.073820825
 10
394668.7037470203
 20
3193342.583820825
 10
394688.69555034
 20
3193343.743820825
 10
394708.6951628379
 20
3193344.483820825
 10
394728.7010219795
 20
3193344.623820825
 10
394748.700634475
 20
3193346.533820825
 10
394768.7002469701
 20
3193348.953820825
 10
394788.6998594684
 20
3193350.703820825
 10
394808.70571861
 20
3193355.543820825
 10
394828.6975219292
 20
3193360.383820825
 10
394848.6971344248
 20
3193363.973820825
 10
394868.6967469227
 20
3193366.103820825
 10
394888.7026060647
 20
3193370.243820825
 10
394908.7022185597
 20
3193379.553820825
 10
394928.7018310548
 20
3193382.483820825
 10
394948.6936343774
 20
3193385.133820825
 10
394968.699493519
 20
3193386.353820825
 10
394988.699106014
 20
3193387.463820825
 10
395008.6987185095
 20
3193388.533820825
 10
395028.704577651
 20
3193391.673820825
 10
395048.7041901494
 20
3193389.883820825
 10
395068.6959934687
 20
3193387.043820825
 10
395088.6956059638
 20
3193390.413820825
 10
395108.7014651058
 20
3193395.603820825
 10
395128.7010776037
 20
3193400.793820825
 10
395148.7006900987
 20
3193405.113820825
 10
395168.7003025942
 20
3193409.703820825
 10
395188.7061617358
 20
3193414.713820825
 10
395208.6979650584
 20
3193418.103820825
 10
395228.6975775535
 20
3193422.803820825
 10
395248.6971900514
 20
3193427.613820825
 10
395268.7030491934
 20
3193432.503820825
 10
395288.7026616884
 20
3193437.503820825
 10
395308.702274184
 20
3193442.763820825
 10
395328.6940775061
 20
3193448.273820825
 10
395348.6999366477
 20
3193453.613820825
 10
395368.6995491431
 20
3193458.683820825
 10
395476.9091203305
 20
3193452.213820825
 10
395621.2748349403
 20
3193455.513820825
 10
395774.7075796246
 20
3193491.313820825
 10
396000.2776666818
 20
3193501.213820825
 10
396224.6774388515
 20
3193501.713820825
 10
396396.8252581321
 20
3193534.513820825
 10
396494.1462002506
 20
3193568.313820825
 10
396601.5864267446
 20
3193568.313820825
 10
396641.1582189114
 20
3193533.713820825
 10
396812.6668080139
 20
3193528.213820825
  0
TEXT
  5
122B
102
{ACAD_REACTORS
330
14CA
102
}
330
18
100
AcDbEntity
  8
ZDMT5
  6
Continuous
100
AcDbText
 10
391495.3307640211
 20
3193257.456677968
 30
0.0
 40
3.0
  1
0.0
 50
90.0
 41
0.8
  7
HZ
 72
     1
 11
391495.7307640212
 21
3193260.313820825
 31
0.0
100
AcDbText
 73
     1
  0
TEXT
  5
122C
102
{ACAD_REACTORS
330
14CA
102
}
330
18
100
AcDbEntity
  8
ZDMT5
  6
Continuous
100
AcDbText
 10
391495.3307640211
 20
3193272.670963682
 30
0.0
 40
3.0
  1
27.98
 50
90.0
 41
0.8
  7
HZ
 72
     1
 11
391495.7307640212
 21
3193277.813820825
 31
0.0
100
AcDbText
 73
     1
  0
LINE
  5
122D
102
{ACAD_REACTORS
330
14CA
102
}
330
18
100
AcDbEntity
  8
ZDMT5
  6
Continuous
100
AcDbLine
 10
391496.2307640212
 20
3193250.313820825
 30
0.0
 11
391496.2307640212
 21
3193285.313820825
 31
0.0
  0
TEXT
  5
122E
102
{ACAD_REACTORS
330
14CA
102
}
330
18
100
AcDbEntity
  8
ZDMT5
  6
Continuous
100
AcDbText
 10
391664.5326706714
 20
3193256.19953511
 30
0.0
 40
3.0
  1
16.9
 50
90.0
 41
0.8
  7
HZ
 72
     1
 11
391664.9326706714
 21
3193260.313820825
 31
0.0
100
AcDbText
 73
     1
  0
TEXT
  5
122F
102
{ACAD_REACTORS
330
14CA
102
}
330
18
100
AcDbEntity
  8
ZDMT5
  6
Continuous
100
AcDbText
 10
391664.5326706714
 20
3193272.670963682
 30
0.0
 40
3.0
  1
28.02
 50
90.0
 41
0.8
  7
HZ
 72
     1
 11
391664.9326706714
 21
3193277.813820825
 31
0.0
100
AcDbText
 73
     1
  0
LINE
  5
1230
102
{ACAD_REACTORS
330
14CA
102
}
330
18
100
AcDbEntity
  8
ZDMT5
  6
Continuous
100
AcDbLine
 10
391665.4326706714
 20
3193250.313820825
 30
0.0
 11
391665.4326706714
 21
3193285.313820825
 31
0.0
  0
TEXT
  5
1231
102
{ACAD_REACTORS
330
14CA
102
}
330
18
100
AcDbEntity
  8
ZDMT5
  6
Continuous
100
AcDbText
 10
391779.9707269478
 20
3193256.313820825
 30
0.0
 40
3.0
  1
28.5
 50
90.0
 41
0.8
  7
HZ
 72
     1
 11
391780.3707269478
 21
3193260.313820825
 31
0.0
100
AcDbText
 73
     1
  0
TEXT
  5
1232
102
{ACAD_REACTORS
330
14CA
102
}
330
18
100
AcDbEntity
  8
ZDMT5
  6
Continuous
100
AcDbText
 10
391779.9707269478
 20
3193272.499535111
 30
0.0
 40
3.0
  1
17.90
 50
90.0
 41
0.8
  7
HZ
 72
     1
 11
391780.3707269478
 21
3193277.813820825
 31
0.0
100
AcDbText
 73
     1
  0
LINE
  5
1233
102
{ACAD_REACTORS
330
14CA
102
}
330
18
100
AcDbEntity
  8
ZDMT5
  6
Continuous
100
AcDbLine
 10
391780.8707269478
 20
3193250.313820825
 30
0.0
 11
391780.8707269478
 21
3193285.313820825
 31
0.0
  0
TEXT
  5
1234
102
{ACAD_REACTORS
330
14CA
102
}
330
18
100
AcDbEntity
  8
ZDMT5
  6
Continuous
100
AcDbText
 10
392076.4704831786
 20
3193256.656677968
 30
0.0
 40
3.0
  1
58.1
 50
90.0
 41
0.8
  7
HZ
 72
     1
 11
392076.8704831786
 21
3193260.313820825
 31
0.0
100
AcDbText
 73
     1
  0
TEXT
  5
1235
102
{ACAD_REACTORS
330
14CA
102
}
330
18
100
AcDbEntity
  8
ZDMT5
  6
Continuous
100
AcDbText
 10
392076.4704831786
 20
3193272.499535111
 30
0.0
 40
3.0
  1
16.40
 50
90.0
 41
0.8
  7
HZ
 72
     1
 11
392076.8704831786
 21
3193277.813820825
 31
0.0
100
AcDbText
 73
     1
  0
LINE
  5
1236
102
{ACAD_REACTORS
330
14CA
102
}
330
18
100
AcDbEntity
  8
ZDMT5
  6
Continuous
100
AcDbLine
 10
392077.3704831786
 20
3193250.313820825
 30
0.0
 11
392077.3704831786
 21
3193285.313820825
 31
0.0
  0
TEXT
  5
1237
102
{ACAD_REACTORS
330
14CA
102
}
330
18
100
AcDbEntity
  8
ZDMT5
  6
Continuous
100
AcDbText
 10
392255.87820713
 20
3193256.656677968
 30
0.0
 40
3.0
  1
76.1
 50
90.0
 41
0.8
  7
HZ
 72
     1
 11
392256.27820713
 21
3193260.313820825
 31
0.0
100
AcDbText
 73
     1
  0
TEXT
  5
1238
102
{ACAD_REACTORS
330
14CA
102
}
330
18
100
AcDbEntity
  8
ZDMT5
  6
Continuous
100
AcDbText
 10
392255.87820713
 20
3193272.499535111
 30
0.0
 40
3.0
  1
11.20
 50
90.0
 41
0.8
  7
HZ
 72
     1
 11
392256.27820713
 21
3193277.813820825
 31
0.0
100
AcDbText
 73
     1
  0
LINE
  5
1239
102
{ACAD_REACTORS
330
14CA
102
}
330
18
100
AcDbEntity
  8
ZDMT5
  6
Continuous
100
AcDbLine
 10
392256.77820713
 20
3193250.313820825
 30
0.0
 11
392256.77820713
 21
3193285.313820825
 31
0.0
  0
TEXT
  5
123A
102
{ACAD_REACTORS
330
14CA
102
}
330
18
100
AcDbEntity
  8
ZDMT5
  6
Continuous
100
AcDbText
 10
392367.8014659953
 20
3193256.313820825
 30
0.0
 40
3.0
  1
87.2
 50
90.0
 41
0.8
  7
HZ
 72
     1
 11
392368.2014659953
 21
3193260.313820825
 31
0.0
100
AcDbText
 73
     1
  0
TEXT
  5
123B
102
{ACAD_REACTORS
330
14CA
102
}
330
18
100
AcDbEntity
  8
ZDMT5
  6
Continuous
100
AcDbText
 10
392367.8014659953
 20
3193273.813820825
 30
0.0
 40
3.0
  1
9.56
 50
90.0
 41
0.8
  7
HZ
 72
     1
 11
392368.2014659953
 21
3193277.813820825
 31
0.0
100
AcDbText
 73
     1
  0
LINE
  5
123C
102
{ACAD_REACTORS
330
14CA
102
}
330
18
100
AcDbEntity
  8
ZDMT5
  6
Continuous
100
AcDbLine
 10
392368.7014659953
 20
3193250.313820825
 30
0.0
 11
392368.7014659953
 21
3193285.313820825
 31
0.0
  0
TEXT
  5
123D
102
{ACAD_REACTORS
330
14CA
102
}
330
18
100
AcDbEntity
  8
ZDMT5
  6
Continuous
100
AcDbText
 10
392387.8010784903
 20
3193256.313820825
 30
0.0
 40
3.0
  1
89.2
 50
90.0
 41
0.8
  7
HZ
 72
     1
 11
392388.2010784904
 21
3193260.313820825
 31
0.0
100
AcDbText
 73
     1
  0
TEXT
  5
123E
102
{ACAD_REACTORS
330
14CA
102
}
330
18
100
AcDbEntity
  8
ZDMT5
  6
Continuous
100
AcDbText
 10
392387.8010784903
 20
3193273.813820825
 30
0.0
 40
3.0
  1
8.85
 50
90.0
 41
0.8
  7
HZ
 72
     1
 11
392388.2010784904
 21
3193277.813820825
 31
0.0
100
AcDbText
 73
     1
  0
LINE
  5
123F
102
{ACAD_REACTORS
330
14CA
102
}
330
18
100
AcDbEntity
  8
ZDMT5
  6
Continuous
100
AcDbLine
 10
392388.7010784904
 20
3193250.313820825
 30
0.0
 11
392388.7010784904
 21
3193285.313820825
 31
0.0
  0
TEXT
  5
1240
102
{ACAD_REACTORS
330
14CA
102
}
330
18
100
AcDbEntity
  8
ZDMT5
  6
Continuous
100
AcDbText
 10
392407.7991308954
 20
3193256.313820825
 30
0.0
 40
3.0
  1
91.2
 50
90.0
 41
0.8
  7
HZ
 72
     1
 11
392408.1991308954
 21
3193260.313820825
 31
0.0
100
AcDbText
 73
     1
  0
TEXT
  5
1241
102
{ACAD_REACTORS
330
14CA
102
}
330
18
100
AcDbEntity
  8
ZDMT5
  6
Continuous
100
AcDbText
 10
392407.7991308954
 20
3193273.813820825
 30
0.0
 40
3.0
  1
8.37
 50
90.0
 41
0.8
  7
HZ
 72
     1
 11
392408.1991308954
 21
3193277.813820825
 31
0.0
100
AcDbText
 73
     1
  0
LINE
  5
1242
102
{ACAD_REACTORS
330
14CA
102
}
330
18
100
AcDbEntity
  8
ZDMT5
  6
Continuous
100
AcDbLine
 10
392408.6991308954
 20
3193250.313820825
 30
0.0
 11
392408.6991308954
 21
3193285.313820825
 31
0.0
  0
TEXT
  5
1243
102
{ACAD_REACTORS
330
14CA
102
}
330
18
100
AcDbEntity
  8
ZDMT5
  6
Continuous
100
AcDbText
 10
392427.7987433938
 20
3193256.313820825
 30
0.0
 40
3.0
  1
93.2
 50
90.0
 41
0.8
  7
HZ
 72
     1
 11
392428.1987433938
 21
3193260.313820825
 31
0.0
100
AcDbText
 73
     1
  0
TEXT
  5
1244
102
{ACAD_REACTORS
330
14CA
102
}
330
18
100
AcDbEntity
  8
ZDMT5
  6
Continuous
100
AcDbText
 10
392427.7987433938
 20
3193273.813820825
 30
0.0
 40
3.0
  1
8.12
 50
90.0
 41
0.8
  7
HZ
 72
     1
 11
392428.1987433938
 21
3193277.813820825
 31
0.0
100
AcDbText
 73
     1
  0
LINE
  5
1245
102
{ACAD_REACTORS
330
14CA
102
}
330
18
100
AcDbEntity
  8
ZDMT5
  6
Continuous
100
AcDbLine
 10
392428.6987433938
 20
3193250.313820825
 30
0.0
 11
392428.6987433938
 21
3193285.313820825
 31
0.0
  0
TEXT
  5
1246
102
{ACAD_REACTORS
330
14CA
102
}
330
18
100
AcDbEntity
  8
ZDMT5
  6
Continuous
100
AcDbText
 10
392447.7983558889
 20
3193256.313820825
 30
0.0
 40
3.0
  1
95.2
 50
90.0
 41
0.8
  7
HZ
 72
     1
 11
392448.1983558889
 21
3193260.313820825
 31
0.0
100
AcDbText
 73
     1
  0
TEXT
  5
1247
102
{ACAD_REACTORS
330
14CA
102
}
330
18
100
AcDbEntity
  8
ZDMT5
  6
Continuous
100
AcDbText
 10
392447.7983558889
 20
3193273.813820825
 30
0.0
 40
3.0
  1
7.78
 50
90.0
 41
0.8
  7
HZ
 72
     1
 11
392448.1983558889
 21
3193277.813820825
 31
0.0
100
AcDbText
 73
     1
  0
LINE
  5
1248
102
{ACAD_REACTORS
330
14CA
102
}
330
18
100
AcDbEntity
  8
ZDMT5
  6
Continuous
100
AcDbLine
 10
392448.6983558889
 20
3193250.313820825
 30
0.0
 11
392448.6983558889
 21
3193285.313820825
 31
0.0
  0
TEXT
  5
1249
102
{ACAD_REACTORS
330
14CA
102
}
330
18
100
AcDbEntity
  8
ZDMT5
  6
Continuous
100
AcDbText
 10
392467.7979683843
 20
3193256.313820825
 30
0.0
 40
3.0
  1
97.2
 50
90.0
 41
0.8
  7
HZ
 72
     1
 11
392468.1979683844
 21
3193260.313820825
 31
0.0
100
AcDbText
 73
     1
  0
TEXT
  5
124A
102
{ACAD_REACTORS
330
14CA
102
}
330
18
100
AcDbEntity
  8
ZDMT5
  6
Continuous
100
AcDbText
 10
392467.7979683843
 20
3193273.813820825
 30
0.0
 40
3.0
  1
7.43
 50
90.0
 41
0.8
  7
HZ
 72
     1
 11
392468.1979683844
 21
3193277.813820825
 31
0.0
100
AcDbText
 73
     1
  0
LINE
  5
124B
102
{ACAD_REACTORS
330
14CA
102
}
330
18
100
AcDbEntity
  8
ZDMT5
  6
Continuous
100
AcDbLine
 10
392468.6979683844
 20
3193250.313820825
 30
0.0
 11
392468.6979683844
 21
3193285.313820825
 31
0.0
  0
TEXT
  5
124C
102
{ACAD_REACTORS
330
14CA
102
}
330
18
100
AcDbEntity
  8
ZDMT5
  6
Continuous
100
AcDbText
 10
392487.8038275259
 20
3193256.313820825
 30
0.0
 40
3.0
  1
99.2
 50
90.0
 41
0.8
  7
HZ
 72
     1
 11
392488.203827526
 21
3193260.313820825
 31
0.0
100
AcDbText
 73
     1
  0
TEXT
  5
124D
102
{ACAD_REACTORS
330
14CA
102
}
330
18
100
AcDbEntity
  8
ZDMT5
  6
Continuous
100
AcDbText
 10
392487.8038275259
 20
3193273.813820825
 30
0.0
 40
3.0
  1
7.26
 50
90.0
 41
0.8
  7
HZ
 72
     1
 11
392488.203827526
 21
3193277.813820825
 31
0.0
100
AcDbText
 73
     1
  0
LINE
  5
124E
102
{ACAD_REACTORS
330
14CA
102
}
330
18
100
AcDbEntity
  8
ZDMT5
  6
Continuous
100
AcDbLine
 10
392488.703827526
 20
3193250.313820825
 30
0.0
 11
392488.703827526
 21
3193285.313820825
 31
0.0
  0
TEXT
  5
124F
102
{ACAD_REACTORS
330
14CA
102
}
330
18
100
AcDbEntity
  8
ZDMT5
  6
Continuous
100
AcDbText
 10
392507.8034400239
 20
3193254.999535111
 30
0.0
 40
3.0
  1
101.2
 50
90.0
 41
0.8
  7
HZ
 72
     1
 11
392508.2034400239
 21
3193260.313820825
 31
0.0
100
AcDbText
 73
     1
  0
TEXT
  5
1250
102
{ACAD_REACTORS
330
14CA
102
}
330
18
100
AcDbEntity
  8
ZDMT5
  6
Continuous
100
AcDbText
 10
392507.8034400239
 20
3193273.813820825
 30
0.0
 40
3.0
  1
7.13
 50
90.0
 41
0.8
  7
HZ
 72
     1
 11
392508.2034400239
 21
3193277.813820825
 31
0.0
100
AcDbText
 73
     1
  0
LINE
  5
1251
102
{ACAD_REACTORS
330
14CA
102
}
330
18
100
AcDbEntity
  8
ZDMT5
  6
Continuous
100
AcDbLine
 10
392508.7034400239
 20
3193250.313820825
 30
0.0
 11
392508.7034400239
 21
3193285.313820825
 31
0.0
  0
TEXT
  5
1252
102
{ACAD_REACTORS
330
14CA
102
}
330
18
100
AcDbEntity
  8
ZDMT5
  6
Continuous
100
AcDbText
 10
392527.8030525193
 20
3193254.999535111
 30
0.0
 40
3.0
  1
103.2
 50
90.0
 41
0.8
  7
HZ
 72
     1
 11
392528.2030525194
 21
3193260.313820825
 31
0.0
100
AcDbText
 73
     1
  0
TEXT
  5
1253
102
{ACAD_REACTORS
330
14CA
102
}
330
18
100
AcDbEntity
  8
ZDMT5
  6
Continuous
100
AcDbText
 10
392527.8030525193
 20
3193273.69953511
 30
0.0
 40
3.0
  1
6.84
 50
90.0
 41
0.8
  7
HZ
 72
     1
 11
392528.2030525194
 21
3193277.813820825
 31
0.0
100
AcDbText
 73
     1
  0
LINE
  5
1254
102
{ACAD_REACTORS
330
14CA
102
}
330
18
100
AcDbEntity
  8
ZDMT5
  6
Continuous
100
AcDbLine
 10
392528.7030525194
 20
3193250.313820825
 30
0.0
 11
392528.7030525194
 21
3193285.313820825
 31
0.0
  0
TEXT
  5
1255
102
{ACAD_REACTORS
330
14CA
102
}
330
18
100
AcDbEntity
  8
ZDMT5
  6
Continuous
100
AcDbText
 10
392547.7948558386
 20
3193254.999535111
 30
0.0
 40
3.0
  1
105.2
 50
90.0
 41
0.8
  7
HZ
 72
     1
 11
392548.1948558386
 21
3193260.313820825
 31
0.0
100
AcDbText
 73
     1
  0
TEXT
  5
1256
102
{ACAD_REACTORS
330
14CA
102
}
330
18
100
AcDbEntity
  8
ZDMT5
  6
Continuous
100
AcDbText
 10
392547.7948558386
 20
3193274.099535111
 30
0.0
 40
3.0
  1
6.31
 50
90.0
 41
0.8
  7
HZ
 72
     1
 11
392548.1948558386
 21
3193277.813820825
 31
0.0
100
AcDbText
 73
     1
  0
LINE
  5
1257
102
{ACAD_REACTORS
330
14CA
102
}
330
18
100
AcDbEntity
  8
ZDMT5
  6
Continuous
100
AcDbLine
 10
392548.6948558386
 20
3193250.313820825
 30
0.0
 11
392548.6948558386
 21
3193285.313820825
 31
0.0
  0
TEXT
  5
1258
102
{ACAD_REACTORS
330
14CA
102
}
330
18
100
AcDbEntity
  8
ZDMT5
  6
Continuous
100
AcDbText
 10
392567.8007149806
 20
3193254.999535111
 30
0.0
 40
3.0
  1
107.2
 50
90.0
 41
0.8
  7
HZ
 72
     1
 11
392568.2007149807
 21
3193260.313820825
 31
0.0
100
AcDbText
 73
     1
  0
TEXT
  5
1259
102
{ACAD_REACTORS
330
14CA
102
}
330
18
100
AcDbEntity
  8
ZDMT5
  6
Continuous
100
AcDbText
 10
392567.8007149806
 20
3193274.099535111
 30
0.0
 40
3.0
  1
6.01
 50
90.0
 41
0.8
  7
HZ
 72
     1
 11
392568.2007149807
 21
3193277.813820825
 31
0.0
100
AcDbText
 73
     1
  0
LINE
  5
125A
102
{ACAD_REACTORS
330
14CA
102
}
330
18
100
AcDbEntity
  8
ZDMT5
  6
Continuous
100
AcDbLine
 10
392568.7007149807
 20
3193250.313820825
 30
0.0
 11
392568.7007149807
 21
3193285.313820825
 31
0.0
  0
TEXT
  5
125B
102
{ACAD_REACTORS
330
14CA
102
}
330
18
100
AcDbEntity
  8
ZDMT5
  6
Continuous
100
AcDbText
 10
392587.8003274786
 20
3193254.999535111
 30
0.0
 40
3.0
  1
109.2
 50
90.0
 41
0.8
  7
HZ
 72
     1
 11
392588.2003274786
 21
3193260.313820825
 31
0.0
100
AcDbText
 73
     1
  0
TEXT
  5
125C
102
{ACAD_REACTORS
330
14CA
102
}
330
18
100
AcDbEntity
  8
ZDMT5
  6
Continuous
100
AcDbText
 10
392587.8003274786
 20
3193273.813820825
 30
0.0
 40
3.0
  1
5.88
 50
90.0
 41
0.8
  7
HZ
 72
     1
 11
392588.2003274786
 21
3193277.813820825
 31
0.0
100
AcDbText
 73
     1
  0
LINE
  5
125D
102
{ACAD_REACTORS
330
14CA
102
}
330
18
100
AcDbEntity
  8
ZDMT5
  6
Continuous
100
AcDbLine
 10
392588.7003274786
 20
3193250.313820825
 30
0.0
 11
392588.7003274786
 21
3193285.313820825
 31
0.0
  0
TEXT
  5
125E
102
{ACAD_REACTORS
330
14CA
102
}
330
18
100
AcDbEntity
  8
ZDMT5
  6
Continuous
100
AcDbText
 10
392607.7999399736
 20
3193254.999535111
 30
0.0
 40
3.0
  1
111.2
 50
90.0
 41
0.8
  7
HZ
 72
     1
 11
392608.1999399737
 21
3193260.313820825
 31
0.0
100
AcDbText
 73
     1
  0
TEXT
  5
125F
102
{ACAD_REACTORS
330
14CA
102
}
330
18
100
AcDbEntity
  8
ZDMT5
  6
Continuous
100
AcDbText
 10
392607.7999399736
 20
3193273.870963682
 30
0.0
 40
3.0
  1
5.39
 50
90.0
 41
0.8
  7
HZ
 72
     1
 11
392608.1999399737
 21
3193277.813820825
 31
0.0
100
AcDbText
 73
     1
  0
LINE
  5
1260
102
{ACAD_REACTORS
330
14CA
102
}
330
18
100
AcDbEntity
  8
ZDMT5
  6
Continuous
100
AcDbLine
 10
392608.6999399737
 20
3193250.313820825
 30
0.0
 11
392608.6999399737
 21
3193285.313820825
 31
0.0
  0
TEXT
  5
1261
102
{ACAD_REACTORS
330
14CA
102
}
330
18
100
AcDbEntity
  8
ZDMT5
  6
Continuous
100
AcDbText
 10
392627.7995524691
 20
3193254.999535111
 30
0.0
 40
3.0
  1
113.2
 50
90.0
 41
0.8
  7
HZ
 72
     1
 11
392628.1995524691
 21
3193260.313820825
 31
0.0
100
AcDbText
 73
     1
  0
TEXT
  5
1262
102
{ACAD_REACTORS
330
14CA
102
}
330
18
100
AcDbEntity
  8
ZDMT5
  6
Continuous
100
AcDbText
 10
392627.7995524691
 20
3193273.813820825
 30
0.0
 40
3.0
  1
4.95
 50
90.0
 41
0.8
  7
HZ
 72
     1
 11
392628.1995524691
 21
3193277.813820825
 31
0.0
100
AcDbText
 73
     1
  0
LINE
  5
1263
102
{ACAD_REACTORS
330
14CA
102
}
330
18
100
AcDbEntity
  8
ZDMT5
  6
Continuous
100
AcDbLine
 10
392628.6995524691
 20
3193250.313820825
 30
0.0
 11
392628.6995524691
 21
3193285.313820825
 31
0.0
  0
TEXT
  5
1264
102
{ACAD_REACTORS
330
14CA
102
}
330
18
100
AcDbEntity
  8
ZDMT5
  6
Continuous
100
AcDbText
 10
392647.8054116107
 20
3193254.999535111
 30
0.0
 40
3.0
  1
115.2
 50
90.0
 41
0.8
  7
HZ
 72
     1
 11
392648.2054116107
 21
3193260.313820825
 31
0.0
100
AcDbText
 73
     1
  0
TEXT
  5
1265
102
{ACAD_REACTORS
330
14CA
102
}
330
18
100
AcDbEntity
  8
ZDMT5
  6
Continuous
100
AcDbText
 10
392647.8054116107
 20
3193273.813820825
 30
0.0
 40
3.0
  1
4.50
 50
90.0
 41
0.8
  7
HZ
 72
     1
 11
392648.2054116107
 21
3193277.813820825
 31
0.0
100
AcDbText
 73
     1
  0
LINE
  5
1266
102
{ACAD_REACTORS
330
14CA
102
}
330
18
100
AcDbEntity
  8
ZDMT5
  6
Continuous
100
AcDbLine
 10
392648.7054116107
 20
3193250.313820825
 30
0.0
 11
392648.7054116107
 21
3193285.313820825
 31
0.0
  0
TEXT
  5
1267
102
{ACAD_REACTORS
330
14CA
102
}
330
18
100
AcDbEntity
  8
ZDMT5
  6
Continuous
100
AcDbText
 10
392667.7972149328
 20
3193254.999535111
 30
0.0
 40
3.0
  1
117.2
 50
90.0
 41
0.8
  7
HZ
 72
     1
 11
392668.1972149328
 21
3193260.313820825
 31
0.0
100
AcDbText
 73
     1
  0
TEXT
  5
1268
102
{ACAD_REACTORS
330
14CA
102
}
330
18
100
AcDbEntity
  8
ZDMT5
  6
Continuous
100
AcDbText
 10
392667.7972149328
 20
3193273.813820825
 30
0.0
 40
3.0
  1
4.05
 50
90.0
 41
0.8
  7
HZ
 72
     1
 11
392668.1972149328
 21
3193277.813820825
 31
0.0
100
AcDbText
 73
     1
  0
LINE
  5
1269
102
{ACAD_REACTORS
330
14CA
102
}
330
18
100
AcDbEntity
  8
ZDMT5
  6
Continuous
100
AcDbLine
 10
392668.6972149328
 20
3193250.313820825
 30
0.0
 11
392668.6972149328
 21
3193285.313820825
 31
0.0
  0
TEXT
  5
126A
102
{ACAD_REACTORS
330
14CA
102
}
330
18
100
AcDbEntity
  8
ZDMT5
  6
Continuous
100
AcDbText
 10
392687.7968274283
 20
3193254.999535111
 30
0.0
 40
3.0
  1
119.2
 50
90.0
 41
0.8
  7
HZ
 72
     1
 11
392688.1968274284
 21
3193260.313820825
 31
0.0
100
AcDbText
 73
     1
  0
TEXT
  5
126B
102
{ACAD_REACTORS
330
14CA
102
}
330
18
100
AcDbEntity
  8
ZDMT5
  6
Continuous
100
AcDbText
 10
392687.7968274283
 20
3193273.813820825
 30
0.0
 40
3.0
  1
3.80
 50
90.0
 41
0.8
  7
HZ
 72
     1
 11
392688.1968274284
 21
3193277.813820825
 31
0.0
100
AcDbText
 73
     1
  0
LINE
  5
126C
102
{ACAD_REACTORS
330
14CA
102
}
330
18
100
AcDbEntity
  8
ZDMT5
  6
Continuous
100
AcDbLine
 10
392688.6968274284
 20
3193250.313820825
 30
0.0
 11
392688.6968274284
 21
3193285.313820825
 31
0.0
  0
TEXT
  5
126D
102
{ACAD_REACTORS
330
14CA
102
}
330
18
100
AcDbEntity
  8
ZDMT5
  6
Continuous
100
AcDbText
 10
392707.7964399233
 20
3193254.999535111
 30
0.0
 40
3.0
  1
121.2
 50
90.0
 41
0.8
  7
HZ
 72
     1
 11
392708.1964399234
 21
3193260.313820825
 31
0.0
100
AcDbText
 73
     1
  0
TEXT
  5
126E
102
{ACAD_REACTORS
330
14CA
102
}
330
18
100
AcDbEntity
  8
ZDMT5
  6
Continuous
100
AcDbText
 10
392707.7964399233
 20
3193273.813820825
 30
0.0
 40
3.0
  1
4.06
 50
90.0
 41
0.8
  7
HZ
 72
     1
 11
392708.1964399234
 21
3193277.813820825
 31
0.0
100
AcDbText
 73
     1
  0
LINE
  5
126F
102
{ACAD_REACTORS
330
14CA
102
}
330
18
100
AcDbEntity
  8
ZDMT5
  6
Continuous
100
AcDbLine
 10
392708.6964399234
 20
3193250.313820825
 30
0.0
 11
392708.6964399234
 21
3193285.313820825
 31
0.0
  0
TEXT
  5
1270
102
{ACAD_REACTORS
330
14CA
102
}
330
18
100
AcDbEntity
  8
ZDMT5
  6
Continuous
100
AcDbText
 10
392727.8022990654
 20
3193254.999535111
 30
0.0
 40
3.0
  1
123.2
 50
90.0
 41
0.8
  7
HZ
 72
     1
 11
392728.2022990654
 21
3193260.313820825
 31
0.0
100
AcDbText
 73
     1
  0
TEXT
  5
1271
102
{ACAD_REACTORS
330
14CA
102
}
330
18
100
AcDbEntity
  8
ZDMT5
  6
Continuous
100
AcDbText
 10
392727.8022990654
 20
3193273.813820825
 30
0.0
 40
3.0
  1
3.50
 50
90.0
 41
0.8
  7
HZ
 72
     1
 11
392728.2022990654
 21
3193277.813820825
 31
0.0
100
AcDbText
 73
     1
  0
LINE
  5
1272
102
{ACAD_REACTORS
330
14CA
102
}
330
18
100
AcDbEntity
  8
ZDMT5
  6
Continuous
100
AcDbLine
 10
392728.7022990654
 20
3193250.313820825
 30
0.0
 11
392728.7022990654
 21
3193285.313820825
 31
0.0
  0
TEXT
  5
1273
102
{ACAD_REACTORS
330
14CA
102
}
330
18
100
AcDbEntity
  8
ZDMT5
  6
Continuous
100
AcDbText
 10
392747.8019115633
 20
3193254.999535111
 30
0.0
 40
3.0
  1
125.2
 50
90.0
 41
0.8
  7
HZ
 72
     1
 11
392748.2019115633
 21
3193260.313820825
 31
0.0
100
AcDbText
 73
     1
  0
TEXT
  5
1274
102
{ACAD_REACTORS
330
14CA
102
}
330
18
100
AcDbEntity
  8
ZDMT5
  6
Continuous
100
AcDbText
 10
392747.8019115633
 20
3193273.813820825
 30
0.0
 40
3.0
  1
2.52
 50
90.0
 41
0.8
  7
HZ
 72
     1
 11
392748.2019115633
 21
3193277.813820825
 31
0.0
100
AcDbText
 73
     1
  0
LINE
  5
1275
102
{ACAD_REACTORS
330
14CA
102
}
330
18
100
AcDbEntity
  8
ZDMT5
  6
Continuous
100
AcDbLine
 10
392748.7019115633
 20
3193250.313820825
 30
0.0
 11
392748.7019115633
 21
3193285.313820825
 31
0.0
  0
TEXT
  5
1276
102
{ACAD_REACTORS
330
14CA
102
}
330
18
100
AcDbEntity
  8
ZDMT5
  6
Continuous
100
AcDbText
 10
392767.8015240583
 20
3193254.999535111
 30
0.0
 40
3.0
  1
127.2
 50
90.0
 41
0.8
  7
HZ
 72
     1
 11
392768.2015240584
 21
3193260.313820825
 31
0.0
100
AcDbText
 73
     1
  0
TEXT
  5
1277
102
{ACAD_REACTORS
330
14CA
102
}
330
18
100
AcDbEntity
  8
ZDMT5
  6
Continuous
100
AcDbText
 10
392767.8015240583
 20
3193273.69953511
 30
0.0
 40
3.0
  1
1.99
 50
90.0
 41
0.8
  7
HZ
 72
     1
 11
392768.2015240584
 21
3193277.813820825
 31
0.0
100
AcDbText
 73
     1
  0
LINE
  5
1278
102
{ACAD_REACTORS
330
14CA
102
}
330
18
100
AcDbEntity
  8
ZDMT5
  6
Continuous
100
AcDbLine
 10
392768.7015240584
 20
3193250.313820825
 30
0.0
 11
392768.7015240584
 21
3193285.313820825
 31
0.0
  0
TEXT
  5
1279
102
{ACAD_REACTORS
330
14CA
102
}
330
18
100
AcDbEntity
  8
ZDMT5
  6
Continuous
100
AcDbText
 10
392787.793327381
 20
3193254.999535111
 30
0.0
 40
3.0
  1
129.2
 50
90.0
 41
0.8
  7
HZ
 72
     1
 11
392788.193327381
 21
3193260.313820825
 31
0.0
100
AcDbText
 73
     1
  0
TEXT
  5
127A
102
{ACAD_REACTORS
330
14CA
102
}
330
18
100
AcDbEntity
  8
ZDMT5
  6
Continuous
100
AcDbText
 10
392787.793327381
 20
3193273.813820825
 30
0.0
 40
3.0
  1
2.26
 50
90.0
 41
0.8
  7
HZ
 72
     1
 11
392788.193327381
 21
3193277.813820825
 31
0.0
100
AcDbText
 73
     1
  0
LINE
  5
127B
102
{ACAD_REACTORS
330
14CA
102
}
330
18
100
AcDbEntity
  8
ZDMT5
  6
Continuous
100
AcDbLine
 10
392788.693327381
 20
3193250.313820825
 30
0.0
 11
392788.693327381
 21
3193285.313820825
 31
0.0
  0
TEXT
  5
127C
102
{ACAD_REACTORS
330
14CA
102
}
330
18
100
AcDbEntity
  8
ZDMT5
  6
Continuous
100
AcDbText
 10
392807.7991865225
 20
3193254.999535111
 30
0.0
 40
3.0
  1
131.2
 50
90.0
 41
0.8
  7
HZ
 72
     1
 11
392808.1991865226
 21
3193260.313820825
 31
0.0
100
AcDbText
 73
     1
  0
TEXT
  5
127D
102
{ACAD_REACTORS
330
14CA
102
}
330
18
100
AcDbEntity
  8
ZDMT5
  6
Continuous
100
AcDbText
 10
392807.7991865225
 20
3193273.813820825
 30
0.0
 40
3.0
  1
2.33
 50
90.0
 41
0.8
  7
HZ
 72
     1
 11
392808.1991865226
 21
3193277.813820825
 31
0.0
100
AcDbText
 73
     1
  0
LINE
  5
127E
102
{ACAD_REACTORS
330
14CA
102
}
330
18
100
AcDbEntity
  8
ZDMT5
  6
Continuous
100
AcDbLine
 10
392808.6991865226
 20
3193250.313820825
 30
0.0
 11
392808.6991865226
 21
3193285.313820825
 31
0.0
  0
TEXT
  5
127F
102
{ACAD_REACTORS
330
14CA
102
}
330
18
100
AcDbEntity
  8
ZDMT5
  6
Continuous
100
AcDbText
 10
392827.7987990176
 20
3193254.999535111
 30
0.0
 40
3.0
  1
133.2
 50
90.0
 41
0.8
  7
HZ
 72
     1
 11
392828.1987990176
 21
3193260.313820825
 31
0.0
100
AcDbText
 73
     1
  0
TEXT
  5
1280
102
{ACAD_REACTORS
330
14CA
102
}
330
18
100
AcDbEntity
  8
ZDMT5
  6
Continuous
100
AcDbText
 10
392827.7987990176
 20
3193273.642392254
 30
0.0
 40
3.0
  1
1.92
 50
90.0
 41
0.8
  7
HZ
 72
     1
 11
392828.1987990176
 21
3193277.813820825
 31
0.0
100
AcDbText
 73
     1
  0
LINE
  5
1281
102
{ACAD_REACTORS
330
14CA
102
}
330
18
100
AcDbEntity
  8
ZDMT5
  6
Continuous
100
AcDbLine
 10
392828.6987990176
 20
3193250.313820825
 30
0.0
 11
392828.6987990176
 21
3193285.313820825
 31
0.0
  0
TEXT
  5
1282
102
{ACAD_REACTORS
330
14CA
102
}
330
18
100
AcDbEntity
  8
ZDMT5
  6
Continuous
100
AcDbText
 10
392847.798411513
 20
3193254.999535111
 30
0.0
 40
3.0
  1
135.2
 50
90.0
 41
0.8
  7
HZ
 72
     1
 11
392848.1984115131
 21
3193260.313820825
 31
0.0
100
AcDbText
 73
     1
  0
TEXT
  5
1283
102
{ACAD_REACTORS
330
14CA
102
}
330
18
100
AcDbEntity
  8
ZDMT5
  6
Continuous
100
AcDbText
 10
392847.798411513
 20
3193273.642392254
 30
0.0
 40
3.0
  1
1.52
 50
90.0
 41
0.8
  7
HZ
 72
     1
 11
392848.1984115131
 21
3193277.813820825
 31
0.0
100
AcDbText
 73
     1
  0
LINE
  5
1284
102
{ACAD_REACTORS
330
14CA
102
}
330
18
100
AcDbEntity
  8
ZDMT5
  6
Continuous
100
AcDbLine
 10
392848.6984115131
 20
3193250.313820825
 30
0.0
 11
392848.6984115131
 21
3193285.313820825
 31
0.0
  0
TEXT
  5
1285
102
{ACAD_REACTORS
330
14CA
102
}
330
18
100
AcDbEntity
  8
ZDMT5
  6
Continuous
100
AcDbText
 10
392867.798024011
 20
3193254.999535111
 30
0.0
 40
3.0
  1
137.2
 50
90.0
 41
0.8
  7
HZ
 72
     1
 11
392868.198024011
 21
3193260.313820825
 31
0.0
100
AcDbText
 73
     1
  0
TEXT
  5
1286
102
{ACAD_REACTORS
330
14CA
102
}
330
18
100
AcDbEntity
  8
ZDMT5
  6
Continuous
100
AcDbText
 10
392867.798024011
 20
3193273.585249397
 30
0.0
 40
3.0
  1
1.04
 50
90.0
 41
0.8
  7
HZ
 72
     1
 11
392868.198024011
 21
3193277.813820825
 31
0.0
100
AcDbText
 73
     1
  0
LINE
  5
1287
102
{ACAD_REACTORS
330
14CA
102
}
330
18
100
AcDbEntity
  8
ZDMT5
  6
Continuous
100
AcDbLine
 10
392868.698024011
 20
3193250.313820825
 30
0.0
 11
392868.698024011
 21
3193285.313820825
 31
0.0
  0
TEXT
  5
1288
102
{ACAD_REACTORS
330
14CA
102
}
330
18
100
AcDbEntity
  8
ZDMT5
  6
Continuous
100
AcDbText
 10
392887.803883153
 20
3193254.999535111
 30
0.0
 40
3.0
  1
139.2
 50
90.0
 41
0.8
  7
HZ
 72
     1
 11
392888.203883153
 21
3193260.313820825
 31
0.0
100
AcDbText
 73
     1
  0
TEXT
  5
1289
102
{ACAD_REACTORS
330
14CA
102
}
330
18
100
AcDbEntity
  8
ZDMT5
  6
Continuous
100
AcDbText
 10
392887.803883153
 20
3193273.642392254
 30
0.0
 40
3.0
  1
1.15
 50
90.0
 41
0.8
  7
HZ
 72
     1
 11
392888.203883153
 21
3193277.813820825
 31
0.0
100
AcDbText
 73
     1
  0
LINE
  5
128A
102
{ACAD_REACTORS
330
14CA
102
}
330
18
100
AcDbEntity
  8
ZDMT5
  6
Continuous
100
AcDbLine
 10
392888.703883153
 20
3193250.313820825
 30
0.0
 11
392888.703883153
 21
3193285.313820825
 31
0.0
  0
TEXT
  5
128B
102
{ACAD_REACTORS
330
14CA
102
}
330
18
100
AcDbEntity
  8
ZDMT5
  6
Continuous
100
AcDbText
 10
392907.8034956481
 20
3193254.999535111
 30
0.0
 40
3.0
  1
141.2
 50
90.0
 41
0.8
  7
HZ
 72
     1
 11
392908.2034956481
 21
3193260.313820825
 31
0.0
100
AcDbText
 73
     1
  0
TEXT
  5
128C
102
{ACAD_REACTORS
330
14CA
102
}
330
18
100
AcDbEntity
  8
ZDMT5
  6
Continuous
100
AcDbText
 10
392907.8034956481
 20
3193273.985249396
 30
0.0
 40
3.0
  1
1.01
 50
90.0
 41
0.8
  7
HZ
 72
     1
 11
392908.2034956481
 21
3193277.813820825
 31
0.0
100
AcDbText
 73
     1
  0
LINE
  5
128D
102
{ACAD_REACTORS
330
14CA
102
}
330
18
100
AcDbEntity
  8
ZDMT5
  6
Continuous
100
AcDbLine
 10
392908.7034956481
 20
3193250.313820825
 30
0.0
 11
392908.7034956481
 21
3193285.313820825
 31
0.0
  0
TEXT
  5
128E
102
{ACAD_REACTORS
330
14CA
102
}
330
18
100
AcDbEntity
  8
ZDMT5
  6
Continuous
100
AcDbText
 10
392927.7952989673
 20
3193254.999535111
 30
0.0
 40
3.0
  1
143.2
 50
90.0
 41
0.8
  7
HZ
 72
     1
 11
392928.1952989674
 21
3193260.313820825
 31
0.0
100
AcDbText
 73
     1
  0
TEXT
  5
128F
102
{ACAD_REACTORS
330
14CA
102
}
330
18
100
AcDbEntity
  8
ZDMT5
  6
Continuous
100
AcDbText
 10
392927.7952989673
 20
3193273.870963682
 30
0.0
 40
3.0
  1
0.99
 50
90.0
 41
0.8
  7
HZ
 72
     1
 11
392928.1952989674
 21
3193277.813820825
 31
0.0
100
AcDbText
 73
     1
  0
LINE
  5
1290
102
{ACAD_REACTORS
330
14CA
102
}
330
18
100
AcDbEntity
  8
ZDMT5
  6
Continuous
100
AcDbLine
 10
392928.6952989674
 20
3193250.313820825
 30
0.0
 11
392928.6952989674
 21
3193285.313820825
 31
0.0
  0
TEXT
  5
1291
102
{ACAD_REACTORS
330
14CA
102
}
330
18
100
AcDbEntity
  8
ZDMT5
  6
Continuous
100
AcDbText
 10
392947.8011581093
 20
3193254.999535111
 30
0.0
 40
3.0
  1
145.2
 50
90.0
 41
0.8
  7
HZ
 72
     1
 11
392948.2011581094
 21
3193260.313820825
 31
0.0
100
AcDbText
 73
     1
  0
TEXT
  5
1292
102
{ACAD_REACTORS
330
14CA
102
}
330
18
100
AcDbEntity
  8
ZDMT5
  6
Continuous
100
AcDbText
 10
392947.8011581093
 20
3193273.813820825
 30
0.0
 40
3.0
  1
0.97
 50
90.0
 41
0.8
  7
HZ
 72
     1
 11
392948.2011581094
 21
3193277.813820825
 31
0.0
100
AcDbText
 73
     1
  0
LINE
  5
1293
102
{ACAD_REACTORS
330
14CA
102
}
330
18
100
AcDbEntity
  8
ZDMT5
  6
Continuous
100
AcDbLine
 10
392948.7011581094
 20
3193250.313820825
 30
0.0
 11
392948.7011581094
 21
3193285.313820825
 31
0.0
  0
TEXT
  5
1294
102
{ACAD_REACTORS
330
14CA
102
}
330
18
100
AcDbEntity
  8
ZDMT5
  6
Continuous
100
AcDbText
 10
392967.8007706073
 20
3193254.999535111
 30
0.0
 40
3.0
  1
147.2
 50
90.0
 41
0.8
  7
HZ
 72
     1
 11
392968.2007706073
 21
3193260.313820825
 31
0.0
100
AcDbText
 73
     1
  0
TEXT
  5
1295
102
{ACAD_REACTORS
330
14CA
102
}
330
18
100
AcDbEntity
  8
ZDMT5
  6
Continuous
100
AcDbText
 10
392967.8007706073
 20
3193273.813820825
 30
0.0
 40
3.0
  1
0.95
 50
90.0
 41
0.8
  7
HZ
 72
     1
 11
392968.2007706073
 21
3193277.813820825
 31
0.0
100
AcDbText
 73
     1
  0
LINE
  5
1296
102
{ACAD_REACTORS
330
14CA
102
}
330
18
100
AcDbEntity
  8
ZDMT5
  6
Continuous
100
AcDbLine
 10
392968.7007706073
 20
3193250.313820825
 30
0.0
 11
392968.7007706073
 21
3193285.313820825
 31
0.0
  0
TEXT
  5
1297
102
{ACAD_REACTORS
330
14CA
102
}
330
18
100
AcDbEntity
  8
ZDMT5
  6
Continuous
100
AcDbText
 10
392987.8003831028
 20
3193254.999535111
 30
0.0
 40
3.0
  1
149.2
 50
90.0
 41
0.8
  7
HZ
 72
     1
 11
392988.2003831028
 21
3193260.313820825
 31
0.0
100
AcDbText
 73
     1
  0
TEXT
  5
1298
102
{ACAD_REACTORS
330
14CA
102
}
330
18
100
AcDbEntity
  8
ZDMT5
  6
Continuous
100
AcDbText
 10
392987.8003831028
 20
3193273.813820825
 30
0.0
 40
3.0
  1
0.93
 50
90.0
 41
0.8
  7
HZ
 72
     1
 11
392988.2003831028
 21
3193277.813820825
 31
0.0
100
AcDbText
 73
     1
  0
LINE
  5
1299
102
{ACAD_REACTORS
330
14CA
102
}
330
18
100
AcDbEntity
  8
ZDMT5
  6
Continuous
100
AcDbLine
 10
392988.7003831028
 20
3193250.313820825
 30
0.0
 11
392988.7003831028
 21
3193285.313820825
 31
0.0
  0
TEXT
  5
129A
102
{ACAD_REACTORS
330
14CA
102
}
330
18
100
AcDbEntity
  8
ZDMT5
  6
Continuous
100
AcDbText
 10
393007.7999955978
 20
3193254.999535111
 30
0.0
 40
3.0
  1
151.2
 50
90.0
 41
0.8
  7
HZ
 72
     1
 11
393008.1999955978
 21
3193260.313820825
 31
0.0
100
AcDbText
 73
     1
  0
TEXT
  5
129B
102
{ACAD_REACTORS
330
14CA
102
}
330
18
100
AcDbEntity
  8
ZDMT5
  6
Continuous
100
AcDbText
 10
393007.7999955978
 20
3193274.156677968
 30
0.0
 40
3.0
  1
0.91
 50
90.0
 41
0.8
  7
HZ
 72
     1
 11
393008.1999955978
 21
3193277.813820825
 31
0.0
100
AcDbText
 73
     1
  0
LINE
  5
129C
102
{ACAD_REACTORS
330
14CA
102
}
330
18
100
AcDbEntity
  8
ZDMT5
  6
Continuous
100
AcDbLine
 10
393008.6999955978
 20
3193250.313820825
 30
0.0
 11
393008.6999955978
 21
3193285.313820825
 31
0.0
  0
TEXT
  5
129D
102
{ACAD_REACTORS
330
14CA
102
}
330
18
100
AcDbEntity
  8
ZDMT5
  6
Continuous
100
AcDbText
 10
393027.8058547394
 20
3193254.999535111
 30
0.0
 40
3.0
  1
153.2
 50
90.0
 41
0.8
  7
HZ
 72
     1
 11
393028.2058547394
 21
3193260.313820825
 31
0.0
100
AcDbText
 73
     1
  0
TEXT
  5
129E
102
{ACAD_REACTORS
330
14CA
102
}
330
18
100
AcDbEntity
  8
ZDMT5
  6
Continuous
100
AcDbText
 10
393027.8058547394
 20
3193273.870963682
 30
0.0
 40
3.0
  1
0.89
 50
90.0
 41
0.8
  7
HZ
 72
     1
 11
393028.2058547394
 21
3193277.813820825
 31
0.0
100
AcDbText
 73
     1
  0
LINE
  5
129F
102
{ACAD_REACTORS
330
14CA
102
}
330
18
100
AcDbEntity
  8
ZDMT5
  6
Continuous
100
AcDbLine
 10
393028.7058547394
 20
3193250.313820825
 30
0.0
 11
393028.7058547394
 21
3193285.313820825
 31
0.0
  0
TEXT
  5
12A0
102
{ACAD_REACTORS
330
14CA
102
}
330
18
100
AcDbEntity
  8
ZDMT5
  6
Continuous
100
AcDbText
 10
393047.797658062
 20
3193254.999535111
 30
0.0
 40
3.0
  1
155.2
 50
90.0
 41
0.8
  7
HZ
 72
     1
 11
393048.197658062
 21
3193260.313820825
 31
0.0
100
AcDbText
 73
     1
  0
TEXT
  5
12A1
102
{ACAD_REACTORS
330
14CA
102
}
330
18
100
AcDbEntity
  8
ZDMT5
  6
Continuous
100
AcDbText
 10
393047.797658062
 20
3193273.813820825
 30
0.0
 40
3.0
  1
0.87
 50
90.0
 41
0.8
  7
HZ
 72
     1
 11
393048.197658062
 21
3193277.813820825
 31
0.0
100
AcDbText
 73
     1
  0
LINE
  5
12A2
102
{ACAD_REACTORS
330
14CA
102
}
330
18
100
AcDbEntity
  8
ZDMT5
  6
Continuous
100
AcDbLine
 10
393048.697658062
 20
3193250.313820825
 30
0.0
 11
393048.697658062
 21
3193285.313820825
 31
0.0
  0
TEXT
  5
12A3
102
{ACAD_REACTORS
330
14CA
102
}
330
18
100
AcDbEntity
  8
ZDMT5
  6
Continuous
100
AcDbText
 10
393067.797270557
 20
3193254.999535111
 30
0.0
 40
3.0
  1
157.2
 50
90.0
 41
0.8
  7
HZ
 72
     1
 11
393068.1972705571
 21
3193260.313820825
 31
0.0
100
AcDbText
 73
     1
  0
TEXT
  5
12A4
102
{ACAD_REACTORS
330
14CA
102
}
330
18
100
AcDbEntity
  8
ZDMT5
  6
Continuous
100
AcDbText
 10
393067.797270557
 20
3193273.813820825
 30
0.0
 40
3.0
  1
0.85
 50
90.0
 41
0.8
  7
HZ
 72
     1
 11
393068.1972705571
 21
3193277.813820825
 31
0.0
100
AcDbText
 73
     1
  0
LINE
  5
12A5
102
{ACAD_REACTORS
330
14CA
102
}
330
18
100
AcDbEntity
  8
ZDMT5
  6
Continuous
100
AcDbLine
 10
393068.6972705571
 20
3193250.313820825
 30
0.0
 11
393068.6972705571
 21
3193285.313820825
 31
0.0
  0
TEXT
  5
12A6
102
{ACAD_REACTORS
330
14CA
102
}
330
18
100
AcDbEntity
  8
ZDMT5
  6
Continuous
100
AcDbText
 10
393087.796883052
 20
3193254.999535111
 30
0.0
 40
3.0
  1
159.2
 50
90.0
 41
0.8
  7
HZ
 72
     1
 11
393088.1968830521
 21
3193260.313820825
 31
0.0
100
AcDbText
 73
     1
  0
TEXT
  5
12A7
102
{ACAD_REACTORS
330
14CA
102
}
330
18
100
AcDbEntity
  8
ZDMT5
  6
Continuous
100
AcDbText
 10
393087.796883052
 20
3193273.813820825
 30
0.0
 40
3.0
  1
0.82
 50
90.0
 41
0.8
  7
HZ
 72
     1
 11
393088.1968830521
 21
3193277.813820825
 31
0.0
100
AcDbText
 73
     1
  0
LINE
  5
12A8
102
{ACAD_REACTORS
330
14CA
102
}
330
18
100
AcDbEntity
  8
ZDMT5
  6
Continuous
100
AcDbLine
 10
393088.6968830521
 20
3193250.313820825
 30
0.0
 11
393088.6968830521
 21
3193285.313820825
 31
0.0
  0
TEXT
  5
12A9
102
{ACAD_REACTORS
330
14CA
102
}
330
18
100
AcDbEntity
  8
ZDMT5
  6
Continuous
100
AcDbText
 10
393107.8027421941
 20
3193254.999535111
 30
0.0
 40
3.0
  1
161.2
 50
90.0
 41
0.8
  7
HZ
 72
     1
 11
393108.2027421941
 21
3193260.313820825
 31
0.0
100
AcDbText
 73
     1
  0
TEXT
  5
12AA
102
{ACAD_REACTORS
330
14CA
102
}
330
18
100
AcDbEntity
  8
ZDMT5
  6
Continuous
100
AcDbText
 10
393107.8027421941
 20
3193273.813820825
 30
0.0
 40
3.0
  1
0.70
 50
90.0
 41
0.8
  7
HZ
 72
     1
 11
393108.2027421941
 21
3193277.813820825
 31
0.0
100
AcDbText
 73
     1
  0
LINE
  5
12AB
102
{ACAD_REACTORS
330
14CA
102
}
330
18
100
AcDbEntity
  8
ZDMT5
  6
Continuous
100
AcDbLine
 10
393108.7027421941
 20
3193250.313820825
 30
0.0
 11
393108.7027421941
 21
3193285.313820825
 31
0.0
  0
TEXT
  5
12AC
102
{ACAD_REACTORS
330
14CA
102
}
330
18
100
AcDbEntity
  8
ZDMT5
  6
Continuous
100
AcDbText
 10
393127.802354692
 20
3193254.999535111
 30
0.0
 40
3.0
  1
163.2
 50
90.0
 41
0.8
  7
HZ
 72
     1
 11
393128.202354692
 21
3193260.313820825
 31
0.0
100
AcDbText
 73
     1
  0
TEXT
  5
12AD
102
{ACAD_REACTORS
330
14CA
102
}
330
18
100
AcDbEntity
  8
ZDMT5
  6
Continuous
100
AcDbText
 10
393127.802354692
 20
3193273.813820825
 30
0.0
 40
3.0
  1
0.65
 50
90.0
 41
0.8
  7
HZ
 72
     1
 11
393128.202354692
 21
3193277.813820825
 31
0.0
100
AcDbText
 73
     1
  0
LINE
  5
12AE
102
{ACAD_REACTORS
330
14CA
102
}
330
18
100
AcDbEntity
  8
ZDMT5
  6
Continuous
100
AcDbLine
 10
393128.702354692
 20
3193250.313820825
 30
0.0
 11
393128.702354692
 21
3193285.313820825
 31
0.0
  0
TEXT
  5
12AF
102
{ACAD_REACTORS
330
14CA
102
}
330
18
100
AcDbEntity
  8
ZDMT5
  6
Continuous
100
AcDbText
 10
393147.8019671876
 20
3193254.999535111
 30
0.0
 40
3.0
  1
165.2
 50
90.0
 41
0.8
  7
HZ
 72
     1
 11
393148.2019671876
 21
3193260.313820825
 31
0.0
100
AcDbText
 73
     1
  0
TEXT
  5
12B0
102
{ACAD_REACTORS
330
14CA
102
}
330
18
100
AcDbEntity
  8
ZDMT5
  6
Continuous
100
AcDbText
 10
393147.8019671876
 20
3193274.156677968
 30
0.0
 40
3.0
  1
0.61
 50
90.0
 41
0.8
  7
HZ
 72
     1
 11
393148.2019671876
 21
3193277.813820825
 31
0.0
100
AcDbText
 73
     1
  0
LINE
  5
12B1
102
{ACAD_REACTORS
330
14CA
102
}
330
18
100
AcDbEntity
  8
ZDMT5
  6
Continuous
100
AcDbLine
 10
393148.7019671876
 20
3193250.313820825
 30
0.0
 11
393148.7019671876
 21
3193285.313820825
 31
0.0
  0
TEXT
  5
12B2
102
{ACAD_REACTORS
330
14CA
102
}
330
18
100
AcDbEntity
  8
ZDMT5
  6
Continuous
100
AcDbText
 10
393167.7937705067
 20
3193254.999535111
 30
0.0
 40
3.0
  1
167.2
 50
90.0
 41
0.8
  7
HZ
 72
     1
 11
393168.1937705068
 21
3193260.313820825
 31
0.0
100
AcDbText
 73
     1
  0
TEXT
  5
12B3
102
{ACAD_REACTORS
330
14CA
102
}
330
18
100
AcDbEntity
  8
ZDMT5
  6
Continuous
100
AcDbText
 10
393167.7937705067
 20
3193273.813820825
 30
0.0
 40
3.0
  1
0.67
 50
90.0
 41
0.8
  7
HZ
 72
     1
 11
393168.1937705068
 21
3193277.813820825
 31
0.0
100
AcDbText
 73
     1
  0
LINE
  5
12B4
102
{ACAD_REACTORS
330
14CA
102
}
330
18
100
AcDbEntity
  8
ZDMT5
  6
Continuous
100
AcDbLine
 10
393168.6937705068
 20
3193250.313820825
 30
0.0
 11
393168.6937705068
 21
3193285.313820825
 31
0.0
  0
TEXT
  5
12B5
102
{ACAD_REACTORS
330
14CA
102
}
330
18
100
AcDbEntity
  8
ZDMT5
  6
Continuous
100
AcDbText
 10
393187.7996296483
 20
3193254.999535111
 30
0.0
 40
3.0
  1
169.2
 50
90.0
 41
0.8
  7
HZ
 72
     1
 11
393188.1996296484
 21
3193260.313820825
 31
0.0
100
AcDbText
 73
     1
  0
TEXT
  5
12B6
102
{ACAD_REACTORS
330
14CA
102
}
330
18
100
AcDbEntity
  8
ZDMT5
  6
Continuous
100
AcDbText
 10
393187.7996296483
 20
3193273.756677968
 30
0.0
 40
3.0
  1
0.64
 50
90.0
 41
0.8
  7
HZ
 72
     1
 11
393188.1996296484
 21
3193277.813820825
 31
0.0
100
AcDbText
 73
     1
  0
LINE
  5
12B7
102
{ACAD_REACTORS
330
14CA
102
}
330
18
100
AcDbEntity
  8
ZDMT5
  6
Continuous
100
AcDbLine
 10
393188.6996296484
 20
3193250.313820825
 30
0.0
 11
393188.6996296484
 21
3193285.313820825
 31
0.0
  0
TEXT
  5
12B8
102
{ACAD_REACTORS
330
14CA
102
}
330
18
100
AcDbEntity
  8
ZDMT5
  6
Continuous
100
AcDbText
 10
393207.7992421467
 20
3193254.999535111
 30
0.0
 40
3.0
  1
171.2
 50
90.0
 41
0.8
  7
HZ
 72
     1
 11
393208.1992421467
 21
3193260.313820825
 31
0.0
100
AcDbText
 73
     1
  0
TEXT
  5
12B9
102
{ACAD_REACTORS
330
14CA
102
}
330
18
100
AcDbEntity
  8
ZDMT5
  6
Continuous
100
AcDbText
 10
393207.7992421467
 20
3193273.813820825
 30
0.0
 40
3.0
  1
0.62
 50
90.0
 41
0.8
  7
HZ
 72
     1
 11
393208.1992421467
 21
3193277.813820825
 31
0.0
100
AcDbText
 73
     1
  0
LINE
  5
12BA
102
{ACAD_REACTORS
330
14CA
102
}
330
18
100
AcDbEntity
  8
ZDMT5
  6
Continuous
100
AcDbLine
 10
393208.6992421467
 20
3193250.313820825
 30
0.0
 11
393208.6992421467
 21
3193285.313820825
 31
0.0
  0
TEXT
  5
12BB
102
{ACAD_REACTORS
330
14CA
102
}
330
18
100
AcDbEntity
  8
ZDMT5
  6
Continuous
100
AcDbText
 10
393227.7988546418
 20
3193254.999535111
 30
0.0
 40
3.0
  1
173.2
 50
90.0
 41
0.8
  7
HZ
 72
     1
 11
393228.1988546418
 21
3193260.313820825
 31
0.0
100
AcDbText
 73
     1
  0
TEXT
  5
12BC
102
{ACAD_REACTORS
330
14CA
102
}
330
18
100
AcDbEntity
  8
ZDMT5
  6
Continuous
100
AcDbText
 10
393227.7988546418
 20
3193273.813820825
 30
0.0
 40
3.0
  1
0.66
 50
90.0
 41
0.8
  7
HZ
 72
     1
 11
393228.1988546418
 21
3193277.813820825
 31
0.0
100
AcDbText
 73
     1
  0
LINE
  5
12BD
102
{ACAD_REACTORS
330
14CA
102
}
330
18
100
AcDbEntity
  8
ZDMT5
  6
Continuous
100
AcDbLine
 10
393228.6988546418
 20
3193250.313820825
 30
0.0
 11
393228.6988546418
 21
3193285.313820825
 31
0.0
  0
TEXT
  5
12BE
102
{ACAD_REACTORS
330
14CA
102
}
330
18
100
AcDbEntity
  8
ZDMT5
  6
Continuous
100
AcDbText
 10
393247.7984671397
 20
3193254.999535111
 30
0.0
 40
3.0
  1
175.2
 50
90.0
 41
0.8
  7
HZ
 72
     1
 11
393248.1984671397
 21
3193260.313820825
 31
0.0
100
AcDbText
 73
     1
  0
TEXT
  5
12BF
102
{ACAD_REACTORS
330
14CA
102
}
330
18
100
AcDbEntity
  8
ZDMT5
  6
Continuous
100
AcDbText
 10
393247.7984671397
 20
3193273.813820825
 30
0.0
 40
3.0
  1
0.66
 50
90.0
 41
0.8
  7
HZ
 72
     1
 11
393248.1984671397
 21
3193277.813820825
 31
0.0
100
AcDbText
 73
     1
  0
LINE
  5
12C0
102
{ACAD_REACTORS
330
14CA
102
}
330
18
100
AcDbEntity
  8
ZDMT5
  6
Continuous
100
AcDbLine
 10
393248.6984671397
 20
3193250.313820825
 30
0.0
 11
393248.6984671397
 21
3193285.313820825
 31
0.0
  0
TEXT
  5
12C1
102
{ACAD_REACTORS
330
14CA
102
}
330
18
100
AcDbEntity
  8
ZDMT5
  6
Continuous
100
AcDbText
 10
393267.8043262818
 20
3193254.999535111
 30
0.0
 40
3.0
  1
177.2
 50
90.0
 41
0.8
  7
HZ
 72
     1
 11
393268.2043262818
 21
3193260.313820825
 31
0.0
100
AcDbText
 73
     1
  0
TEXT
  5
12C2
102
{ACAD_REACTORS
330
14CA
102
}
330
18
100
AcDbEntity
  8
ZDMT5
  6
Continuous
100
AcDbText
 10
393267.8043262818
 20
3193273.813820825
 30
0.0
 40
3.0
  1
0.66
 50
90.0
 41
0.8
  7
HZ
 72
     1
 11
393268.2043262818
 21
3193277.813820825
 31
0.0
100
AcDbText
 73
     1
  0
LINE
  5
12C3
102
{ACAD_REACTORS
330
14CA
102
}
330
18
100
AcDbEntity
  8
ZDMT5
  6
Continuous
100
AcDbLine
 10
393268.7043262818
 20
3193250.313820825
 30
0.0
 11
393268.7043262818
 21
3193285.313820825
 31
0.0
  0
TEXT
  5
12C4
102
{ACAD_REACTORS
330
14CA
102
}
330
18
100
AcDbEntity
  8
ZDMT5
  6
Continuous
100
AcDbText
 10
393287.8039387768
 20
3193254.999535111
 30
0.0
 40
3.0
  1
179.2
 50
90.0
 41
0.8
  7
HZ
 72
     1
 11
393288.2039387768
 21
3193260.313820825
 31
0.0
100
AcDbText
 73
     1
  0
TEXT
  5
12C5
102
{ACAD_REACTORS
330
14CA
102
}
330
18
100
AcDbEntity
  8
ZDMT5
  6
Continuous
100
AcDbText
 10
393287.8039387768
 20
3193273.813820825
 30
0.0
 40
3.0
  1
0.66
 50
90.0
 41
0.8
  7
HZ
 72
     1
 11
393288.2039387768
 21
3193277.813820825
 31
0.0
100
AcDbText
 73
     1
  0
LINE
  5
12C6
102
{ACAD_REACTORS
330
14CA
102
}
330
18
100
AcDbEntity
  8
ZDMT5
  6
Continuous
100
AcDbLine
 10
393288.7039387768
 20
3193250.313820825
 30
0.0
 11
393288.7039387768
 21
3193285.313820825
 31
0.0
  0
TEXT
  5
12C7
102
{ACAD_REACTORS
330
14CA
102
}
330
18
100
AcDbEntity
  8
ZDMT5
  6
Continuous
100
AcDbText
 10
393307.7957420965
 20
3193254.999535111
 30
0.0
 40
3.0
  1
181.2
 50
90.0
 41
0.8
  7
HZ
 72
     1
 11
393308.1957420965
 21
3193260.313820825
 31
0.0
100
AcDbText
 73
     1
  0
TEXT
  5
12C8
102
{ACAD_REACTORS
330
14CA
102
}
330
18
100
AcDbEntity
  8
ZDMT5
  6
Continuous
100
AcDbText
 10
393307.7957420965
 20
3193273.813820825
 30
0.0
 40
3.0
  1
0.66
 50
90.0
 41
0.8
  7
HZ
 72
     1
 11
393308.1957420965
 21
3193277.813820825
 31
0.0
100
AcDbText
 73
     1
  0
LINE
  5
12C9
102
{ACAD_REACTORS
330
14CA
102
}
330
18
100
AcDbEntity
  8
ZDMT5
  6
Continuous
100
AcDbLine
 10
393308.6957420965
 20
3193250.313820825
 30
0.0
 11
393308.6957420965
 21
3193285.313820825
 31
0.0
  0
TEXT
  5
12CA
102
{ACAD_REACTORS
330
14CA
102
}
330
18
100
AcDbEntity
  8
ZDMT5
  6
Continuous
100
AcDbText
 10
393327.7953545944
 20
3193254.999535111
 30
0.0
 40
3.0
  1
183.2
 50
90.0
 41
0.8
  7
HZ
 72
     1
 11
393328.1953545944
 21
3193260.313820825
 31
0.0
100
AcDbText
 73
     1
  0
TEXT
  5
12CB
102
{ACAD_REACTORS
330
14CA
102
}
330
18
100
AcDbEntity
  8
ZDMT5
  6
Continuous
100
AcDbText
 10
393327.7953545944
 20
3193273.813820825
 30
0.0
 40
3.0
  1
0.63
 50
90.0
 41
0.8
  7
HZ
 72
     1
 11
393328.1953545944
 21
3193277.813820825
 31
0.0
100
AcDbText
 73
     1
  0
LINE
  5
12CC
102
{ACAD_REACTORS
330
14CA
102
}
330
18
100
AcDbEntity
  8
ZDMT5
  6
Continuous
100
AcDbLine
 10
393328.6953545944
 20
3193250.313820825
 30
0.0
 11
393328.6953545944
 21
3193285.313820825
 31
0.0
  0
TEXT
  5
12CD
102
{ACAD_REACTORS
330
14CA
102
}
330
18
100
AcDbEntity
  8
ZDMT5
  6
Continuous
100
AcDbText
 10
393347.801213736
 20
3193254.999535111
 30
0.0
 40
3.0
  1
185.2
 50
90.0
 41
0.8
  7
HZ
 72
     1
 11
393348.201213736
 21
3193260.313820825
 31
0.0
100
AcDbText
 73
     1
  0
TEXT
  5
12CE
102
{ACAD_REACTORS
330
14CA
102
}
330
18
100
AcDbEntity
  8
ZDMT5
  6
Continuous
100
AcDbText
 10
393347.801213736
 20
3193273.870963682
 30
0.0
 40
3.0
  1
0.59
 50
90.0
 41
0.8
  7
HZ
 72
     1
 11
393348.201213736
 21
3193277.813820825
 31
0.0
100
AcDbText
 73
     1
  0
LINE
  5
12CF
102
{ACAD_REACTORS
330
14CA
102
}
330
18
100
AcDbEntity
  8
ZDMT5
  6
Continuous
100
AcDbLine
 10
393348.701213736
 20
3193250.313820825
 30
0.0
 11
393348.701213736
 21
3193285.313820825
 31
0.0
  0
TEXT
  5
12D0
102
{ACAD_REACTORS
330
14CA
102
}
330
18
100
AcDbEntity
  8
ZDMT5
  6
Continuous
100
AcDbText
 10
393367.8008262315
 20
3193254.999535111
 30
0.0
 40
3.0
  1
187.2
 50
90.0
 41
0.8
  7
HZ
 72
     1
 11
393368.2008262315
 21
3193260.313820825
 31
0.0
100
AcDbText
 73
     1
  0
TEXT
  5
12D1
102
{ACAD_REACTORS
330
14CA
102
}
330
18
100
AcDbEntity
  8
ZDMT5
  6
Continuous
100
AcDbText
 10
393367.8008262315
 20
3193273.813820825
 30
0.0
 40
3.0
  1
0.57
 50
90.0
 41
0.8
  7
HZ
 72
     1
 11
393368.2008262315
 21
3193277.813820825
 31
0.0
100
AcDbText
 73
     1
  0
LINE
  5
12D2
102
{ACAD_REACTORS
330
14CA
102
}
330
18
100
AcDbEntity
  8
ZDMT5
  6
Continuous
100
AcDbLine
 10
393368.7008262315
 20
3193250.313820825
 30
0.0
 11
393368.7008262315
 21
3193285.313820825
 31
0.0
  0
TEXT
  5
12D3
102
{ACAD_REACTORS
330
14CA
102
}
330
18
100
AcDbEntity
  8
ZDMT5
  6
Continuous
100
AcDbText
 10
393387.8004387266
 20
3193254.999535111
 30
0.0
 40
3.0
  1
189.2
 50
90.0
 41
0.8
  7
HZ
 72
     1
 11
393388.2004387266
 21
3193260.313820825
 31
0.0
100
AcDbText
 73
     1
  0
TEXT
  5
12D4
102
{ACAD_REACTORS
330
14CA
102
}
330
18
100
AcDbEntity
  8
ZDMT5
  6
Continuous
100
AcDbText
 10
393387.8004387266
 20
3193273.813820825
 30
0.0
 40
3.0
  1
0.55
 50
90.0
 41
0.8
  7
HZ
 72
     1
 11
393388.2004387266
 21
3193277.813820825
 31
0.0
100
AcDbText
 73
     1
  0
LINE
  5
12D5
102
{ACAD_REACTORS
330
14CA
102
}
330
18
100
AcDbEntity
  8
ZDMT5
  6
Continuous
100
AcDbLine
 10
393388.7004387266
 20
3193250.313820825
 30
0.0
 11
393388.7004387266
 21
3193285.313820825
 31
0.0
  0
TEXT
  5
12D6
102
{ACAD_REACTORS
330
14CA
102
}
330
18
100
AcDbEntity
  8
ZDMT5
  6
Continuous
100
AcDbText
 10
393407.8062978685
 20
3193254.999535111
 30
0.0
 40
3.0
  1
191.2
 50
90.0
 41
0.8
  7
HZ
 72
     1
 11
393408.2062978686
 21
3193260.313820825
 31
0.0
100
AcDbText
 73
     1
  0
TEXT
  5
12D7
102
{ACAD_REACTORS
330
14CA
102
}
330
18
100
AcDbEntity
  8
ZDMT5
  6
Continuous
100
AcDbText
 10
393407.8062978685
 20
3193273.813820825
 30
0.0
 40
3.0
  1
0.52
 50
90.0
 41
0.8
  7
HZ
 72
     1
 11
393408.2062978686
 21
3193277.813820825
 31
0.0
100
AcDbText
 73
     1
  0
LINE
  5
12D8
102
{ACAD_REACTORS
330
14CA
102
}
330
18
100
AcDbEntity
  8
ZDMT5
  6
Continuous
100
AcDbLine
 10
393408.7062978686
 20
3193250.313820825
 30
0.0
 11
393408.7062978686
 21
3193285.313820825
 31
0.0
  0
TEXT
  5
12D9
102
{ACAD_REACTORS
330
14CA
102
}
330
18
100
AcDbEntity
  8
ZDMT5
  6
Continuous
100
AcDbText
 10
393427.7981011907
 20
3193254.999535111
 30
0.0
 40
3.0
  1
193.2
 50
90.0
 41
0.8
  7
HZ
 72
     1
 11
393428.1981011907
 21
3193260.313820825
 31
0.0
100
AcDbText
 73
     1
  0
TEXT
  5
12DA
102
{ACAD_REACTORS
330
14CA
102
}
330
18
100
AcDbEntity
  8
ZDMT5
  6
Continuous
100
AcDbText
 10
393427.7981011907
 20
3193273.813820825
 30
0.0
 40
3.0
  1
0.50
 50
90.0
 41
0.8
  7
HZ
 72
     1
 11
393428.1981011907
 21
3193277.813820825
 31
0.0
100
AcDbText
 73
     1
  0
LINE
  5
12DB
102
{ACAD_REACTORS
330
14CA
102
}
330
18
100
AcDbEntity
  8
ZDMT5
  6
Continuous
100
AcDbLine
 10
393428.6981011907
 20
3193250.313820825
 30
0.0
 11
393428.6981011907
 21
3193285.313820825
 31
0.0
  0
TEXT
  5
12DC
102
{ACAD_REACTORS
330
14CA
102
}
330
18
100
AcDbEntity
  8
ZDMT5
  6
Continuous
100
AcDbText
 10
393447.7977136857
 20
3193254.999535111
 30
0.0
 40
3.0
  1
195.2
 50
90.0
 41
0.8
  7
HZ
 72
     1
 11
393448.1977136857
 21
3193260.313820825
 31
0.0
100
AcDbText
 73
     1
  0
TEXT
  5
12DD
102
{ACAD_REACTORS
330
14CA
102
}
330
18
100
AcDbEntity
  8
ZDMT5
  6
Continuous
100
AcDbText
 10
393447.7977136857
 20
3193273.813820825
 30
0.0
 40
3.0
  1
0.47
 50
90.0
 41
0.8
  7
HZ
 72
     1
 11
393448.1977136857
 21
3193277.813820825
 31
0.0
100
AcDbText
 73
     1
  0
LINE
  5
12DE
102
{ACAD_REACTORS
330
14CA
102
}
330
18
100
AcDbEntity
  8
ZDMT5
  6
Continuous
100
AcDbLine
 10
393448.6977136857
 20
3193250.313820825
 30
0.0
 11
393448.6977136857
 21
3193285.313820825
 31
0.0
  0
TEXT
  5
12DF
102
{ACAD_REACTORS
330
14CA
102
}
330
18
100
AcDbEntity
  8
ZDMT5
  6
Continuous
100
AcDbText
 10
393467.7973261812
 20
3193254.999535111
 30
0.0
 40
3.0
  1
197.2
 50
90.0
 41
0.8
  7
HZ
 72
     1
 11
393468.1973261812
 21
3193260.313820825
 31
0.0
100
AcDbText
 73
     1
  0
TEXT
  5
12E0
102
{ACAD_REACTORS
330
14CA
102
}
330
18
100
AcDbEntity
  8
ZDMT5
  6
Continuous
100
AcDbText
 10
393467.7973261812
 20
3193273.813820825
 30
0.0
 40
3.0
  1
0.46
 50
90.0
 41
0.8
  7
HZ
 72
     1
 11
393468.1973261812
 21
3193277.813820825
 31
0.0
100
AcDbText
 73
     1
  0
LINE
  5
12E1
102
{ACAD_REACTORS
330
14CA
102
}
330
18
100
AcDbEntity
  8
ZDMT5
  6
Continuous
100
AcDbLine
 10
393468.6973261812
 20
3193250.313820825
 30
0.0
 11
393468.6973261812
 21
3193285.313820825
 31
0.0
  0
TEXT
  5
12E2
102
{ACAD_REACTORS
330
14CA
102
}
330
18
100
AcDbEntity
  8
ZDMT5
  6
Continuous
100
AcDbText
 10
393487.8031853228
 20
3193254.999535111
 30
0.0
 40
3.0
  1
199.2
 50
90.0
 41
0.8
  7
HZ
 72
     1
 11
393488.2031853228
 21
3193260.313820825
 31
0.0
100
AcDbText
 73
     1
  0
TEXT
  5
12E3
102
{ACAD_REACTORS
330
14CA
102
}
330
18
100
AcDbEntity
  8
ZDMT5
  6
Continuous
100
AcDbText
 10
393487.8031853228
 20
3193273.813820825
 30
0.0
 40
3.0
  1
0.15
 50
90.0
 41
0.8
  7
HZ
 72
     1
 11
393488.2031853228
 21
3193277.813820825
 31
0.0
100
AcDbText
 73
     1
  0
LINE
  5
12E4
102
{ACAD_REACTORS
330
14CA
102
}
330
18
100
AcDbEntity
  8
ZDMT5
  6
Continuous
100
AcDbLine
 10
393488.7031853228
 20
3193250.313820825
 30
0.0
 11
393488.7031853228
 21
3193285.313820825
 31
0.0
  0
TEXT
  5
12E5
102
{ACAD_REACTORS
330
14CA
102
}
330
18
100
AcDbEntity
  8
ZDMT5
  6
Continuous
100
AcDbText
 10
393507.8027978208
 20
3193255.170963682
 30
0.0
 40
3.0
  1
201.2
 50
90.0
 41
0.8
  7
HZ
 72
     1
 11
393508.2027978208
 21
3193260.313820825
 31
0.0
100
AcDbText
 73
     1
  0
TEXT
  5
12E6
102
{ACAD_REACTORS
330
14CA
102
}
330
18
100
AcDbEntity
  8
ZDMT5
  6
Continuous
100
AcDbText
 10
393507.8027978208
 20
3193272.270963682
 30
0.0
 40
3.0
  1
-0.26
 50
90.0
 41
0.8
  7
HZ
 72
     1
 11
393508.2027978208
 21
3193277.813820825
 31
0.0
100
AcDbText
 73
     1
  0
LINE
  5
12E7
102
{ACAD_REACTORS
330
14CA
102
}
330
18
100
AcDbEntity
  8
ZDMT5
  6
Continuous
100
AcDbLine
 10
393508.7027978208
 20
3193250.313820825
 30
0.0
 11
393508.7027978208
 21
3193285.313820825
 31
0.0
  0
TEXT
  5
12E8
102
{ACAD_REACTORS
330
14CA
102
}
330
18
100
AcDbEntity
  8
ZDMT5
  6
Continuous
100
AcDbText
 10
393527.8024103162
 20
3193255.170963682
 30
0.0
 40
3.0
  1
203.2
 50
90.0
 41
0.8
  7
HZ
 72
     1
 11
393528.2024103163
 21
3193260.313820825
 31
0.0
100
AcDbText
 73
     1
  0
TEXT
  5
12E9
102
{ACAD_REACTORS
330
14CA
102
}
330
18
100
AcDbEntity
  8
ZDMT5
  6
Continuous
100
AcDbText
 10
393527.8024103162
 20
3193272.270963682
 30
0.0
 40
3.0
  1
-0.85
 50
90.0
 41
0.8
  7
HZ
 72
     1
 11
393528.2024103163
 21
3193277.813820825
 31
0.0
100
AcDbText
 73
     1
  0
LINE
  5
12EA
102
{ACAD_REACTORS
330
14CA
102
}
330
18
100
AcDbEntity
  8
ZDMT5
  6
Continuous
100
AcDbLine
 10
393528.7024103163
 20
3193250.313820825
 30
0.0
 11
393528.7024103163
 21
3193285.313820825
 31
0.0
  0
TEXT
  5
12EB
102
{ACAD_REACTORS
330
14CA
102
}
330
18
100
AcDbEntity
  8
ZDMT5
  6
Continuous
100
AcDbText
 10
393547.7942136355
 20
3193255.170963682
 30
0.0
 40
3.0
  1
205.2
 50
90.0
 41
0.8
  7
HZ
 72
     1
 11
393548.1942136355
 21
3193260.313820825
 31
0.0
100
AcDbText
 73
     1
  0
TEXT
  5
12EC
102
{ACAD_REACTORS
330
14CA
102
}
330
18
100
AcDbEntity
  8
ZDMT5
  6
Continuous
100
AcDbText
 10
393547.7942136355
 20
3193272.270963682
 30
0.0
 40
3.0
  1
-1.22
 50
90.0
 41
0.8
  7
HZ
 72
     1
 11
393548.1942136355
 21
3193277.813820825
 31
0.0
100
AcDbText
 73
     1
  0
LINE
  5
12ED
102
{ACAD_REACTORS
330
14CA
102
}
330
18
100
AcDbEntity
  8
ZDMT5
  6
Continuous
100
AcDbLine
 10
393548.6942136355
 20
3193250.313820825
 30
0.0
 11
393548.6942136355
 21
3193285.313820825
 31
0.0
  0
TEXT
  5
12EE
102
{ACAD_REACTORS
330
14CA
102
}
330
18
100
AcDbEntity
  8
ZDMT5
  6
Continuous
100
AcDbText
 10
393567.800072777
 20
3193255.170963682
 30
0.0
 40
3.0
  1
207.2
 50
90.0
 41
0.8
  7
HZ
 72
     1
 11
393568.2000727771
 21
3193260.313820825
 31
0.0
100
AcDbText
 73
     1
  0
TEXT
  5
12EF
102
{ACAD_REACTORS
330
14CA
102
}
330
18
100
AcDbEntity
  8
ZDMT5
  6
Continuous
100
AcDbText
 10
393567.800072777
 20
3193272.613820825
 30
0.0
 40
3.0
  1
-1.81
 50
90.0
 41
0.8
  7
HZ
 72
     1
 11
393568.2000727771
 21
3193277.813820825
 31
0.0
100
AcDbText
 73
     1
  0
LINE
  5
12F0
102
{ACAD_REACTORS
330
14CA
102
}
330
18
100
AcDbEntity
  8
ZDMT5
  6
Continuous
100
AcDbLine
 10
393568.7000727771
 20
3193250.313820825
 30
0.0
 11
393568.7000727771
 21
3193285.313820825
 31
0.0
  0
TEXT
  5
12F1
102
{ACAD_REACTORS
330
14CA
102
}
330
18
100
AcDbEntity
  8
ZDMT5
  6
Continuous
100
AcDbText
 10
393587.7996852755
 20
3193255.170963682
 30
0.0
 40
3.0
  1
209.2
 50
90.0
 41
0.8
  7
HZ
 72
     1
 11
393588.1996852755
 21
3193260.313820825
 31
0.0
100
AcDbText
 73
     1
  0
TEXT
  5
12F2
102
{ACAD_REACTORS
330
14CA
102
}
330
18
100
AcDbEntity
  8
ZDMT5
  6
Continuous
100
AcDbText
 10
393587.7996852755
 20
3193272.270963682
 30
0.0
 40
3.0
  1
-1.60
 50
90.0
 41
0.8
  7
HZ
 72
     1
 11
393588.1996852755
 21
3193277.813820825
 31
0.0
100
AcDbText
 73
     1
  0
LINE
  5
12F3
102
{ACAD_REACTORS
330
14CA
102
}
330
18
100
AcDbEntity
  8
ZDMT5
  6
Continuous
100
AcDbLine
 10
393588.6996852755
 20
3193250.313820825
 30
0.0
 11
393588.6996852755
 21
3193285.313820825
 31
0.0
  0
TEXT
  5
12F4
102
{ACAD_REACTORS
330
14CA
102
}
330
18
100
AcDbEntity
  8
ZDMT5
  6
Continuous
100
AcDbText
 10
393607.7992977705
 20
3193255.170963682
 30
0.0
 40
3.0
  1
211.2
 50
90.0
 41
0.8
  7
HZ
 72
     1
 11
393608.1992977705
 21
3193260.313820825
 31
0.0
100
AcDbText
 73
     1
  0
TEXT
  5
12F5
102
{ACAD_REACTORS
330
14CA
102
}
330
18
100
AcDbEntity
  8
ZDMT5
  6
Continuous
100
AcDbText
 10
393607.7992977705
 20
3193272.270963682
 30
0.0
 40
3.0
  1
-1.32
 50
90.0
 41
0.8
  7
HZ
 72
     1
 11
393608.1992977705
 21
3193277.813820825
 31
0.0
100
AcDbText
 73
     1
  0
LINE
  5
12F6
102
{ACAD_REACTORS
330
14CA
102
}
330
18
100
AcDbEntity
  8
ZDMT5
  6
Continuous
100
AcDbLine
 10
393608.6992977705
 20
3193250.313820825
 30
0.0
 11
393608.6992977705
 21
3193285.313820825
 31
0.0
  0
TEXT
  5
12F7
102
{ACAD_REACTORS
330
14CA
102
}
330
18
100
AcDbEntity
  8
ZDMT5
  6
Continuous
100
AcDbText
 10
393627.798910266
 20
3193255.170963682
 30
0.0
 40
3.0
  1
213.2
 50
90.0
 41
0.8
  7
HZ
 72
     1
 11
393628.198910266
 21
3193260.313820825
 31
0.0
100
AcDbText
 73
     1
  0
TEXT
  5
12F8
102
{ACAD_REACTORS
330
14CA
102
}
330
18
100
AcDbEntity
  8
ZDMT5
  6
Continuous
100
AcDbText
 10
393627.798910266
 20
3193272.270963682
 30
0.0
 40
3.0
  1
-0.45
 50
90.0
 41
0.8
  7
HZ
 72
     1
 11
393628.198910266
 21
3193277.813820825
 31
0.0
100
AcDbText
 73
     1
  0
LINE
  5
12F9
102
{ACAD_REACTORS
330
14CA
102
}
330
18
100
AcDbEntity
  8
ZDMT5
  6
Continuous
100
AcDbLine
 10
393628.698910266
 20
3193250.313820825
 30
0.0
 11
393628.698910266
 21
3193285.313820825
 31
0.0
  0
TEXT
  5
12FA
102
{ACAD_REACTORS
330
14CA
102
}
330
18
100
AcDbEntity
  8
ZDMT5
  6
Continuous
100
AcDbText
 10
393647.8047694076
 20
3193255.170963682
 30
0.0
 40
3.0
  1
215.2
 50
90.0
 41
0.8
  7
HZ
 72
     1
 11
393648.2047694076
 21
3193260.313820825
 31
0.0
100
AcDbText
 73
     1
  0
TEXT
  5
12FB
102
{ACAD_REACTORS
330
14CA
102
}
330
18
100
AcDbEntity
  8
ZDMT5
  6
Continuous
100
AcDbText
 10
393647.8047694076
 20
3193273.813820825
 30
0.0
 40
3.0
  1
0.12
 50
90.0
 41
0.8
  7
HZ
 72
     1
 11
393648.2047694076
 21
3193277.813820825
 31
0.0
100
AcDbText
 73
     1
  0
LINE
  5
12FC
102
{ACAD_REACTORS
330
14CA
102
}
330
18
100
AcDbEntity
  8
ZDMT5
  6
Continuous
100
AcDbLine
 10
393648.7047694076
 20
3193250.313820825
 30
0.0
 11
393648.7047694076
 21
3193285.313820825
 31
0.0
  0
TEXT
  5
12FD
102
{ACAD_REACTORS
330
14CA
102
}
330
18
100
AcDbEntity
  8
ZDMT5
  6
Continuous
100
AcDbText
 10
393667.8043819055
 20
3193255.170963682
 30
0.0
 40
3.0
  1
217.2
 50
90.0
 41
0.8
  7
HZ
 72
     1
 11
393668.2043819055
 21
3193260.313820825
 31
0.0
100
AcDbText
 73
     1
  0
TEXT
  5
12FE
102
{ACAD_REACTORS
330
14CA
102
}
330
18
100
AcDbEntity
  8
ZDMT5
  6
Continuous
100
AcDbText
 10
393667.8043819055
 20
3193273.756677968
 30
0.0
 40
3.0
  1
0.34
 50
90.0
 41
0.8
  7
HZ
 72
     1
 11
393668.2043819055
 21
3193277.813820825
 31
0.0
100
AcDbText
 73
     1
  0
LINE
  5
12FF
102
{ACAD_REACTORS
330
14CA
102
}
330
18
100
AcDbEntity
  8
ZDMT5
  6
Continuous
100
AcDbLine
 10
393668.7043819055
 20
3193250.313820825
 30
0.0
 11
393668.7043819055
 21
3193285.313820825
 31
0.0
  0
TEXT
  5
1300
102
{ACAD_REACTORS
330
14CA
102
}
330
18
100
AcDbEntity
  8
ZDMT5
  6
Continuous
100
AcDbText
 10
393687.7961852252
 20
3193255.170963682
 30
0.0
 40
3.0
  1
219.2
 50
90.0
 41
0.8
  7
HZ
 72
     1
 11
393688.1961852252
 21
3193260.313820825
 31
0.0
100
AcDbText
 73
     1
  0
TEXT
  5
1301
102
{ACAD_REACTORS
330
14CA
102
}
330
18
100
AcDbEntity
  8
ZDMT5
  6
Continuous
100
AcDbText
 10
393687.7961852252
 20
3193273.870963682
 30
0.0
 40
3.0
  1
0.39
 50
90.0
 41
0.8
  7
HZ
 72
     1
 11
393688.1961852252
 21
3193277.813820825
 31
0.0
100
AcDbText
 73
     1
  0
LINE
  5
1302
102
{ACAD_REACTORS
330
14CA
102
}
330
18
100
AcDbEntity
  8
ZDMT5
  6
Continuous
100
AcDbLine
 10
393688.6961852252
 20
3193250.313820825
 30
0.0
 11
393688.6961852252
 21
3193285.313820825
 31
0.0
  0
TEXT
  5
1303
102
{ACAD_REACTORS
330
14CA
102
}
330
18
100
AcDbEntity
  8
ZDMT5
  6
Continuous
100
AcDbText
 10
393707.7957977202
 20
3193255.170963682
 30
0.0
 40
3.0
  1
221.2
 50
90.0
 41
0.8
  7
HZ
 72
     1
 11
393708.1957977202
 21
3193260.313820825
 31
0.0
100
AcDbText
 73
     1
  0
TEXT
  5
1304
102
{ACAD_REACTORS
330
14CA
102
}
330
18
100
AcDbEntity
  8
ZDMT5
  6
Continuous
100
AcDbText
 10
393707.7957977202
 20
3193274.156677968
 30
0.0
 40
3.0
  1
0.41
 50
90.0
 41
0.8
  7
HZ
 72
     1
 11
393708.1957977202
 21
3193277.813820825
 31
0.0
100
AcDbText
 73
     1
  0
LINE
  5
1305
102
{ACAD_REACTORS
330
14CA
102
}
330
18
100
AcDbEntity
  8
ZDMT5
  6
Continuous
100
AcDbLine
 10
393708.6957977202
 20
3193250.313820825
 30
0.0
 11
393708.6957977202
 21
3193285.313820825
 31
0.0
  0
TEXT
  5
1306
102
{ACAD_REACTORS
330
14CA
102
}
330
18
100
AcDbEntity
  8
ZDMT5
  6
Continuous
100
AcDbText
 10
393727.8016568623
 20
3193255.170963682
 30
0.0
 40
3.0
  1
223.2
 50
90.0
 41
0.8
  7
HZ
 72
     1
 11
393728.2016568623
 21
3193260.313820825
 31
0.0
100
AcDbText
 73
     1
  0
TEXT
  5
1307
102
{ACAD_REACTORS
330
14CA
102
}
330
18
100
AcDbEntity
  8
ZDMT5
  6
Continuous
100
AcDbText
 10
393727.8016568623
 20
3193273.813820825
 30
0.0
 40
3.0
  1
0.96
 50
90.0
 41
0.8
  7
HZ
 72
     1
 11
393728.2016568623
 21
3193277.813820825
 31
0.0
100
AcDbText
 73
     1
  0
LINE
  5
1308
102
{ACAD_REACTORS
330
14CA
102
}
330
18
100
AcDbEntity
  8
ZDMT5
  6
Continuous
100
AcDbLine
 10
393728.7016568623
 20
3193250.313820825
 30
0.0
 11
393728.7016568623
 21
3193285.313820825
 31
0.0
  0
TEXT
  5
1309
102
{ACAD_REACTORS
330
14CA
102
}
330
18
100
AcDbEntity
  8
ZDMT5
  6
Continuous
100
AcDbText
 10
393747.8012693602
 20
3193255.170963682
 30
0.0
 40
3.0
  1
225.2
 50
90.0
 41
0.8
  7
HZ
 72
     1
 11
393748.2012693602
 21
3193260.313820825
 31
0.0
100
AcDbText
 73
     1
  0
TEXT
  5
130A
102
{ACAD_REACTORS
330
14CA
102
}
330
18
100
AcDbEntity
  8
ZDMT5
  6
Continuous
100
AcDbText
 10
393747.8012693602
 20
3193273.756677968
 30
0.0
 40
3.0
  1
0.94
 50
90.0
 41
0.8
  7
HZ
 72
     1
 11
393748.2012693602
 21
3193277.813820825
 31
0.0
100
AcDbText
 73
     1
  0
LINE
  5
130B
102
{ACAD_REACTORS
330
14CA
102
}
330
18
100
AcDbEntity
  8
ZDMT5
  6
Continuous
100
AcDbLine
 10
393748.7012693602
 20
3193250.313820825
 30
0.0
 11
393748.7012693602
 21
3193285.313820825
 31
0.0
  0
TEXT
  5
130C
102
{ACAD_REACTORS
330
14CA
102
}
330
18
100
AcDbEntity
  8
ZDMT5
  6
Continuous
100
AcDbText
 10
393767.8008818552
 20
3193255.170963682
 30
0.0
 40
3.0
  1
227.2
 50
90.0
 41
0.8
  7
HZ
 72
     1
 11
393768.2008818553
 21
3193260.313820825
 31
0.0
100
AcDbText
 73
     1
  0
TEXT
  5
130D
102
{ACAD_REACTORS
330
14CA
102
}
330
18
100
AcDbEntity
  8
ZDMT5
  6
Continuous
100
AcDbText
 10
393767.8008818552
 20
3193273.813820825
 30
0.0
 40
3.0
  1
0.73
 50
90.0
 41
0.8
  7
HZ
 72
     1
 11
393768.2008818553
 21
3193277.813820825
 31
0.0
100
AcDbText
 73
     1
  0
LINE
  5
130E
102
{ACAD_REACTORS
330
14CA
102
}
330
18
100
AcDbEntity
  8
ZDMT5
  6
Continuous
100
AcDbLine
 10
393768.7008818553
 20
3193250.313820825
 30
0.0
 11
393768.7008818553
 21
3193285.313820825
 31
0.0
  0
TEXT
  5
130F
102
{ACAD_REACTORS
330
14CA
102
}
330
18
100
AcDbEntity
  8
ZDMT5
  6
Continuous
100
AcDbText
 10
393787.8004943536
 20
3193255.170963682
 30
0.0
 40
3.0
  1
229.2
 50
90.0
 41
0.8
  7
HZ
 72
     1
 11
393788.2004943537
 21
3193260.313820825
 31
0.0
100
AcDbText
 73
     1
  0
TEXT
  5
1310
102
{ACAD_REACTORS
330
14CA
102
}
330
18
100
AcDbEntity
  8
ZDMT5
  6
Continuous
100
AcDbText
 10
393787.8004943536
 20
3193273.813820825
 30
0.0
 40
3.0
  1
0.75
 50
90.0
 41
0.8
  7
HZ
 72
     1
 11
393788.2004943537
 21
3193277.813820825
 31
0.0
100
AcDbText
 73
     1
  0
LINE
  5
1311
102
{ACAD_REACTORS
330
14CA
102
}
330
18
100
AcDbEntity
  8
ZDMT5
  6
Continuous
100
AcDbLine
 10
393788.7004943537
 20
3193250.313820825
 30
0.0
 11
393788.7004943537
 21
3193285.313820825
 31
0.0
  0
TEXT
  5
1312
102
{ACAD_REACTORS
330
14CA
102
}
330
18
100
AcDbEntity
  8
ZDMT5
  6
Continuous
100
AcDbText
 10
393807.7985467587
 20
3193255.170963682
 30
0.0
 40
3.0
  1
231.2
 50
90.0
 41
0.8
  7
HZ
 72
     1
 11
393808.1985467587
 21
3193260.313820825
 31
0.0
100
AcDbText
 73
     1
  0
TEXT
  5
1313
102
{ACAD_REACTORS
330
14CA
102
}
330
18
100
AcDbEntity
  8
ZDMT5
  6
Continuous
100
AcDbText
 10
393807.7985467587
 20
3193273.813820825
 30
0.0
 40
3.0
  1
0.72
 50
90.0
 41
0.8
  7
HZ
 72
     1
 11
393808.1985467587
 21
3193277.813820825
 31
0.0
100
AcDbText
 73
     1
  0
LINE
  5
1314
102
{ACAD_REACTORS
330
14CA
102
}
330
18
100
AcDbEntity
  8
ZDMT5
  6
Continuous
100
AcDbLine
 10
393808.6985467587
 20
3193250.313820825
 30
0.0
 11
393808.6985467587
 21
3193285.313820825
 31
0.0
  0
TEXT
  5
1315
102
{ACAD_REACTORS
330
14CA
102
}
330
18
100
AcDbEntity
  8
ZDMT5
  6
Continuous
100
AcDbText
 10
393827.7981592537
 20
3193255.170963682
 30
0.0
 40
3.0
  1
233.2
 50
90.0
 41
0.8
  7
HZ
 72
     1
 11
393828.1981592537
 21
3193260.313820825
 31
0.0
100
AcDbText
 73
     1
  0
TEXT
  5
1316
102
{ACAD_REACTORS
330
14CA
102
}
330
18
100
AcDbEntity
  8
ZDMT5
  6
Continuous
100
AcDbText
 10
393827.7981592537
 20
3193273.642392254
 30
0.0
 40
3.0
  1
1.07
 50
90.0
 41
0.8
  7
HZ
 72
     1
 11
393828.1981592537
 21
3193277.813820825
 31
0.0
100
AcDbText
 73
     1
  0
LINE
  5
1317
102
{ACAD_REACTORS
330
14CA
102
}
330
18
100
AcDbEntity
  8
ZDMT5
  6
Continuous
100
AcDbLine
 10
393828.6981592537
 20
3193250.313820825
 30
0.0
 11
393828.6981592537
 21
3193285.313820825
 31
0.0
  0
TEXT
  5
1318
102
{ACAD_REACTORS
330
14CA
102
}
330
18
100
AcDbEntity
  8
ZDMT5
  6
Continuous
100
AcDbText
 10
393847.7977717493
 20
3193255.170963682
 30
0.0
 40
3.0
  1
235.2
 50
90.0
 41
0.8
  7
HZ
 72
     1
 11
393848.1977717493
 21
3193260.313820825
 31
0.0
100
AcDbText
 73
     1
  0
TEXT
  5
1319
102
{ACAD_REACTORS
330
14CA
102
}
330
18
100
AcDbEntity
  8
ZDMT5
  6
Continuous
100
AcDbText
 10
393847.7977717493
 20
3193274.156677968
 30
0.0
 40
3.0
  1
0.41
 50
90.0
 41
0.8
  7
HZ
 72
     1
 11
393848.1977717493
 21
3193277.813820825
 31
0.0
100
AcDbText
 73
     1
  0
LINE
  5
131A
102
{ACAD_REACTORS
330
14CA
102
}
330
18
100
AcDbEntity
  8
ZDMT5
  6
Continuous
100
AcDbLine
 10
393848.6977717493
 20
3193250.313820825
 30
0.0
 11
393848.6977717493
 21
3193285.313820825
 31
0.0
  0
TEXT
  5
131B
102
{ACAD_REACTORS
330
14CA
102
}
330
18
100
AcDbEntity
  8
ZDMT5
  6
Continuous
100
AcDbText
 10
393867.7973842472
 20
3193255.170963682
 30
0.0
 40
3.0
  1
237.2
 50
90.0
 41
0.8
  7
HZ
 72
     1
 11
393868.1973842472
 21
3193260.313820825
 31
0.0
100
AcDbText
 73
     1
  0
TEXT
  5
131C
102
{ACAD_REACTORS
330
14CA
102
}
330
18
100
AcDbEntity
  8
ZDMT5
  6
Continuous
100
AcDbText
 10
393867.7973842472
 20
3193273.642392254
 30
0.0
 40
3.0
  1
1.52
 50
90.0
 41
0.8
  7
HZ
 72
     1
 11
393868.1973842472
 21
3193277.813820825
 31
0.0
100
AcDbText
 73
     1
  0
LINE
  5
131D
102
{ACAD_REACTORS
330
14CA
102
}
330
18
100
AcDbEntity
  8
ZDMT5
  6
Continuous
100
AcDbLine
 10
393868.6973842472
 20
3193250.313820825
 30
0.0
 11
393868.6973842472
 21
3193285.313820825
 31
0.0
  0
TEXT
  5
131E
102
{ACAD_REACTORS
330
14CA
102
}
330
18
100
AcDbEntity
  8
ZDMT5
  6
Continuous
100
AcDbText
 10
393887.8032433892
 20
3193255.170963682
 30
0.0
 40
3.0
  1
239.2
 50
90.0
 41
0.8
  7
HZ
 72
     1
 11
393888.2032433893
 21
3193260.313820825
 31
0.0
100
AcDbText
 73
     1
  0
TEXT
  5
131F
102
{ACAD_REACTORS
330
14CA
102
}
330
18
100
AcDbEntity
  8
ZDMT5
  6
Continuous
100
AcDbText
 10
393887.8032433892
 20
3193273.985249396
 30
0.0
 40
3.0
  1
1.61
 50
90.0
 41
0.8
  7
HZ
 72
     1
 11
393888.2032433893
 21
3193277.813820825
 31
0.0
100
AcDbText
 73
     1
  0
LINE
  5
1320
102
{ACAD_REACTORS
330
14CA
102
}
330
18
100
AcDbEntity
  8
ZDMT5
  6
Continuous
100
AcDbLine
 10
393888.7032433893
 20
3193250.313820825
 30
0.0
 11
393888.7032433893
 21
3193285.313820825
 31
0.0
  0
TEXT
  5
1321
102
{ACAD_REACTORS
330
14CA
102
}
330
18
100
AcDbEntity
  8
ZDMT5
  6
Continuous
100
AcDbText
 10
393907.8028558842
 20
3193255.170963682
 30
0.0
 40
3.0
  1
241.2
 50
90.0
 41
0.8
  7
HZ
 72
     1
 11
393908.2028558843
 21
3193260.313820825
 31
0.0
100
AcDbText
 73
     1
  0
TEXT
  5
1322
102
{ACAD_REACTORS
330
14CA
102
}
330
18
100
AcDbEntity
  8
ZDMT5
  6
Continuous
100
AcDbText
 10
393907.8028558842
 20
3193273.642392254
 30
0.0
 40
3.0
  1
1.65
 50
90.0
 41
0.8
  7
HZ
 72
     1
 11
393908.2028558843
 21
3193277.813820825
 31
0.0
100
AcDbText
 73
     1
  0
LINE
  5
1323
102
{ACAD_REACTORS
330
14CA
102
}
330
18
100
AcDbEntity
  8
ZDMT5
  6
Continuous
100
AcDbLine
 10
393908.7028558843
 20
3193250.313820825
 30
0.0
 11
393908.7028558843
 21
3193285.313820825
 31
0.0
  0
TEXT
  5
1324
102
{ACAD_REACTORS
330
14CA
102
}
330
18
100
AcDbEntity
  8
ZDMT5
  6
Continuous
100
AcDbText
 10
393927.7946592035
 20
3193255.170963682
 30
0.0
 40
3.0
  1
243.2
 50
90.0
 41
0.8
  7
HZ
 72
     1
 11
393928.1946592035
 21
3193260.313820825
 31
0.0
100
AcDbText
 73
     1
  0
TEXT
  5
1325
102
{ACAD_REACTORS
330
14CA
102
}
330
18
100
AcDbEntity
  8
ZDMT5
  6
Continuous
100
AcDbText
 10
393927.7946592035
 20
3193273.642392254
 30
0.0
 40
3.0
  1
1.85
 50
90.0
 41
0.8
  7
HZ
 72
     1
 11
393928.1946592035
 21
3193277.813820825
 31
0.0
100
AcDbText
 73
     1
  0
LINE
  5
1326
102
{ACAD_REACTORS
330
14CA
102
}
330
18
100
AcDbEntity
  8
ZDMT5
  6
Continuous
100
AcDbLine
 10
393928.6946592035
 20
3193250.313820825
 30
0.0
 11
393928.6946592035
 21
3193285.313820825
 31
0.0
  0
TEXT
  5
1327
102
{ACAD_REACTORS
330
14CA
102
}
330
18
100
AcDbEntity
  8
ZDMT5
  6
Continuous
100
AcDbText
 10
393947.8005183455
 20
3193255.170963682
 30
0.0
 40
3.0
  1
245.2
 50
90.0
 41
0.8
  7
HZ
 72
     1
 11
393948.2005183455
 21
3193260.313820825
 31
0.0
100
AcDbText
 73
     1
  0
TEXT
  5
1328
102
{ACAD_REACTORS
330
14CA
102
}
330
18
100
AcDbEntity
  8
ZDMT5
  6
Continuous
100
AcDbText
 10
393947.8005183455
 20
3193273.642392254
 30
0.0
 40
3.0
  1
1.78
 50
90.0
 41
0.8
  7
HZ
 72
     1
 11
393948.2005183455
 21
3193277.813820825
 31
0.0
100
AcDbText
 73
     1
  0
LINE
  5
1329
102
{ACAD_REACTORS
330
14CA
102
}
330
18
100
AcDbEntity
  8
ZDMT5
  6
Continuous
100
AcDbLine
 10
393948.7005183455
 20
3193250.313820825
 30
0.0
 11
393948.7005183455
 21
3193285.313820825
 31
0.0
  0
TEXT
  5
132A
102
{ACAD_REACTORS
330
14CA
102
}
330
18
100
AcDbEntity
  8
ZDMT5
  6
Continuous
100
AcDbText
 10
393967.8001308435
 20
3193255.170963682
 30
0.0
 40
3.0
  1
247.2
 50
90.0
 41
0.8
  7
HZ
 72
     1
 11
393968.2001308435
 21
3193260.313820825
 31
0.0
100
AcDbText
 73
     1
  0
TEXT
  5
132B
102
{ACAD_REACTORS
330
14CA
102
}
330
18
100
AcDbEntity
  8
ZDMT5
  6
Continuous
100
AcDbText
 10
393967.8001308435
 20
3193273.585249397
 30
0.0
 40
3.0
  1
1.64
 50
90.0
 41
0.8
  7
HZ
 72
     1
 11
393968.2001308435
 21
3193277.813820825
 31
0.0
100
AcDbText
 73
     1
  0
LINE
  5
132C
102
{ACAD_REACTORS
330
14CA
102
}
330
18
100
AcDbEntity
  8
ZDMT5
  6
Continuous
100
AcDbLine
 10
393968.7001308435
 20
3193250.313820825
 30
0.0
 11
393968.7001308435
 21
3193285.313820825
 31
0.0
  0
TEXT
  5
132D
102
{ACAD_REACTORS
330
14CA
102
}
330
18
100
AcDbEntity
  8
ZDMT5
  6
Continuous
100
AcDbText
 10
393987.7997433385
 20
3193255.170963682
 30
0.0
 40
3.0
  1
249.2
 50
90.0
 41
0.8
  7
HZ
 72
     1
 11
393988.1997433385
 21
3193260.313820825
 31
0.0
100
AcDbText
 73
     1
  0
TEXT
  5
132E
102
{ACAD_REACTORS
330
14CA
102
}
330
18
100
AcDbEntity
  8
ZDMT5
  6
Continuous
100
AcDbText
 10
393987.7997433385
 20
3193273.69953511
 30
0.0
 40
3.0
  1
1.59
 50
90.0
 41
0.8
  7
HZ
 72
     1
 11
393988.1997433385
 21
3193277.813820825
 31
0.0
100
AcDbText
 73
     1
  0
LINE
  5
132F
102
{ACAD_REACTORS
330
14CA
102
}
330
18
100
AcDbEntity
  8
ZDMT5
  6
Continuous
100
AcDbLine
 10
393988.6997433385
 20
3193250.313820825
 30
0.0
 11
393988.6997433385
 21
3193285.313820825
 31
0.0
  0
TEXT
  5
1330
102
{ACAD_REACTORS
330
14CA
102
}
330
18
100
AcDbEntity
  8
ZDMT5
  6
Continuous
100
AcDbText
 10
394007.799355834
 20
3193255.170963682
 30
0.0
 40
3.0
  1
251.2
 50
90.0
 41
0.8
  7
HZ
 72
     1
 11
394008.199355834
 21
3193260.313820825
 31
0.0
100
AcDbText
 73
     1
  0
TEXT
  5
1331
102
{ACAD_REACTORS
330
14CA
102
}
330
18
100
AcDbEntity
  8
ZDMT5
  6
Continuous
100
AcDbText
 10
394007.799355834
 20
3193273.642392254
 30
0.0
 40
3.0
  1
1.53
 50
90.0
 41
0.8
  7
HZ
 72
     1
 11
394008.199355834
 21
3193277.813820825
 31
0.0
100
AcDbText
 73
     1
  0
LINE
  5
1332
102
{ACAD_REACTORS
330
14CA
102
}
330
18
100
AcDbEntity
  8
ZDMT5
  6
Continuous
100
AcDbLine
 10
394008.699355834
 20
3193250.313820825
 30
0.0
 11
394008.699355834
 21
3193285.313820825
 31
0.0
  0
TEXT
  5
1333
102
{ACAD_REACTORS
330
14CA
102
}
330
18
100
AcDbEntity
  8
ZDMT5
  6
Continuous
100
AcDbText
 10
394027.8052149756
 20
3193255.170963682
 30
0.0
 40
3.0
  1
253.2
 50
90.0
 41
0.8
  7
HZ
 72
     1
 11
394028.2052149756
 21
3193260.313820825
 31
0.0
100
AcDbText
 73
     1
  0
TEXT
  5
1334
102
{ACAD_REACTORS
330
14CA
102
}
330
18
100
AcDbEntity
  8
ZDMT5
  6
Continuous
100
AcDbText
 10
394027.8052149756
 20
3193273.642392254
 30
0.0
 40
3.0
  1
1.48
 50
90.0
 41
0.8
  7
HZ
 72
     1
 11
394028.2052149756
 21
3193277.813820825
 31
0.0
100
AcDbText
 73
     1
  0
LINE
  5
1335
102
{ACAD_REACTORS
330
14CA
102
}
330
18
100
AcDbEntity
  8
ZDMT5
  6
Continuous
100
AcDbLine
 10
394028.7052149756
 20
3193250.313820825
 30
0.0
 11
394028.7052149756
 21
3193285.313820825
 31
0.0
  0
TEXT
  5
1336
102
{ACAD_REACTORS
330
14CA
102
}
330
18
100
AcDbEntity
  8
ZDMT5
  6
Continuous
100
AcDbText
 10
394047.8048274739
 20
3193255.170963682
 30
0.0
 40
3.0
  1
255.2
 50
90.0
 41
0.8
  7
HZ
 72
     1
 11
394048.204827474
 21
3193260.313820825
 31
0.0
100
AcDbText
 73
     1
  0
TEXT
  5
1337
102
{ACAD_REACTORS
330
14CA
102
}
330
18
100
AcDbEntity
  8
ZDMT5
  6
Continuous
100
AcDbText
 10
394047.8048274739
 20
3193273.642392254
 30
0.0
 40
3.0
  1
1.43
 50
90.0
 41
0.8
  7
HZ
 72
     1
 11
394048.204827474
 21
3193277.813820825
 31
0.0
100
AcDbText
 73
     1
  0
LINE
  5
1338
102
{ACAD_REACTORS
330
14CA
102
}
330
18
100
AcDbEntity
  8
ZDMT5
  6
Continuous
100
AcDbLine
 10
394048.704827474
 20
3193250.313820825
 30
0.0
 11
394048.704827474
 21
3193285.313820825
 31
0.0
  0
TEXT
  5
1339
102
{ACAD_REACTORS
330
14CA
102
}
330
18
100
AcDbEntity
  8
ZDMT5
  6
Continuous
100
AcDbText
 10
394067.7966307932
 20
3193255.170963682
 30
0.0
 40
3.0
  1
257.2
 50
90.0
 41
0.8
  7
HZ
 72
     1
 11
394068.1966307932
 21
3193260.313820825
 31
0.0
100
AcDbText
 73
     1
  0
TEXT
  5
133A
102
{ACAD_REACTORS
330
14CA
102
}
330
18
100
AcDbEntity
  8
ZDMT5
  6
Continuous
100
AcDbText
 10
394067.7966307932
 20
3193273.642392254
 30
0.0
 40
3.0
  1
1.38
 50
90.0
 41
0.8
  7
HZ
 72
     1
 11
394068.1966307932
 21
3193277.813820825
 31
0.0
100
AcDbText
 73
     1
  0
LINE
  5
133B
102
{ACAD_REACTORS
330
14CA
102
}
330
18
100
AcDbEntity
  8
ZDMT5
  6
Continuous
100
AcDbLine
 10
394068.6966307932
 20
3193250.313820825
 30
0.0
 11
394068.6966307932
 21
3193285.313820825
 31
0.0
  0
TEXT
  5
133C
102
{ACAD_REACTORS
330
14CA
102
}
330
18
100
AcDbEntity
  8
ZDMT5
  6
Continuous
100
AcDbText
 10
394087.7962432883
 20
3193255.170963682
 30
0.0
 40
3.0
  1
259.2
 50
90.0
 41
0.8
  7
HZ
 72
     1
 11
394088.1962432883
 21
3193260.313820825
 31
0.0
100
AcDbText
 73
     1
  0
TEXT
  5
133D
102
{ACAD_REACTORS
330
14CA
102
}
330
18
100
AcDbEntity
  8
ZDMT5
  6
Continuous
100
AcDbText
 10
394087.7962432883
 20
3193273.642392254
 30
0.0
 40
3.0
  1
1.35
 50
90.0
 41
0.8
  7
HZ
 72
     1
 11
394088.1962432883
 21
3193277.813820825
 31
0.0
100
AcDbText
 73
     1
  0
LINE
  5
133E
102
{ACAD_REACTORS
330
14CA
102
}
330
18
100
AcDbEntity
  8
ZDMT5
  6
Continuous
100
AcDbLine
 10
394088.6962432883
 20
3193250.313820825
 30
0.0
 11
394088.6962432883
 21
3193285.313820825
 31
0.0
  0
TEXT
  5
133F
102
{ACAD_REACTORS
330
14CA
102
}
330
18
100
AcDbEntity
  8
ZDMT5
  6
Continuous
100
AcDbText
 10
394107.8021024303
 20
3193255.170963682
 30
0.0
 40
3.0
  1
261.2
 50
90.0
 41
0.8
  7
HZ
 72
     1
 11
394108.2021024303
 21
3193260.313820825
 31
0.0
100
AcDbText
 73
     1
  0
TEXT
  5
1340
102
{ACAD_REACTORS
330
14CA
102
}
330
18
100
AcDbEntity
  8
ZDMT5
  6
Continuous
100
AcDbText
 10
394107.8021024303
 20
3193273.642392254
 30
0.0
 40
3.0
  1
1.20
 50
90.0
 41
0.8
  7
HZ
 72
     1
 11
394108.2021024303
 21
3193277.813820825
 31
0.0
100
AcDbText
 73
     1
  0
LINE
  5
1341
102
{ACAD_REACTORS
330
14CA
102
}
330
18
100
AcDbEntity
  8
ZDMT5
  6
Continuous
100
AcDbLine
 10
394108.7021024303
 20
3193250.313820825
 30
0.0
 11
394108.7021024303
 21
3193285.313820825
 31
0.0
  0
TEXT
  5
1342
102
{ACAD_REACTORS
330
14CA
102
}
330
18
100
AcDbEntity
  8
ZDMT5
  6
Continuous
100
AcDbText
 10
394127.8017149282
 20
3193255.170963682
 30
0.0
 40
3.0
  1
263.2
 50
90.0
 41
0.8
  7
HZ
 72
     1
 11
394128.2017149283
 21
3193260.313820825
 31
0.0
100
AcDbText
 73
     1
  0
TEXT
  5
1343
102
{ACAD_REACTORS
330
14CA
102
}
330
18
100
AcDbEntity
  8
ZDMT5
  6
Continuous
100
AcDbText
 10
394127.8017149282
 20
3193273.813820825
 30
0.0
 40
3.0
  1
0.95
 50
90.0
 41
0.8
  7
HZ
 72
     1
 11
394128.2017149283
 21
3193277.813820825
 31
0.0
100
AcDbText
 73
     1
  0
LINE
  5
1344
102
{ACAD_REACTORS
330
14CA
102
}
330
18
100
AcDbEntity
  8
ZDMT5
  6
Continuous
100
AcDbLine
 10
394128.7017149283
 20
3193250.313820825
 30
0.0
 11
394128.7017149283
 21
3193285.313820825
 31
0.0
  0
TEXT
  5
1345
102
{ACAD_REACTORS
330
14CA
102
}
330
18
100
AcDbEntity
  8
ZDMT5
  6
Continuous
100
AcDbText
 10
394147.8013274237
 20
3193255.170963682
 30
0.0
 40
3.0
  1
265.2
 50
90.0
 41
0.8
  7
HZ
 72
     1
 11
394148.2013274237
 21
3193260.313820825
 31
0.0
100
AcDbText
 73
     1
  0
TEXT
  5
1346
102
{ACAD_REACTORS
330
14CA
102
}
330
18
100
AcDbEntity
  8
ZDMT5
  6
Continuous
100
AcDbText
 10
394147.8013274237
 20
3193274.156677968
 30
0.0
 40
3.0
  1
0.71
 50
90.0
 41
0.8
  7
HZ
 72
     1
 11
394148.2013274237
 21
3193277.813820825
 31
0.0
100
AcDbText
 73
     1
  0
LINE
  5
1347
102
{ACAD_REACTORS
330
14CA
102
}
330
18
100
AcDbEntity
  8
ZDMT5
  6
Continuous
100
AcDbLine
 10
394148.7013274237
 20
3193250.313820825
 30
0.0
 11
394148.7013274237
 21
3193285.313820825
 31
0.0
  0
TEXT
  5
1348
102
{ACAD_REACTORS
330
14CA
102
}
330
18
100
AcDbEntity
  8
ZDMT5
  6
Continuous
100
AcDbText
 10
394167.8009399187
 20
3193255.170963682
 30
0.0
 40
3.0
  1
267.2
 50
90.0
 41
0.8
  7
HZ
 72
     1
 11
394168.2009399188
 21
3193260.313820825
 31
0.0
100
AcDbText
 73
     1
  0
TEXT
  5
1349
102
{ACAD_REACTORS
330
14CA
102
}
330
18
100
AcDbEntity
  8
ZDMT5
  6
Continuous
100
AcDbText
 10
394167.8009399187
 20
3193273.813820825
 30
0.0
 40
3.0
  1
0.48
 50
90.0
 41
0.8
  7
HZ
 72
     1
 11
394168.2009399188
 21
3193277.813820825
 31
0.0
100
AcDbText
 73
     1
  0
LINE
  5
134A
102
{ACAD_REACTORS
330
14CA
102
}
330
18
100
AcDbEntity
  8
ZDMT5
  6
Continuous
100
AcDbLine
 10
394168.7009399188
 20
3193250.313820825
 30
0.0
 11
394168.7009399188
 21
3193285.313820825
 31
0.0
  0
TEXT
  5
134B
102
{ACAD_REACTORS
330
14CA
102
}
330
18
100
AcDbEntity
  8
ZDMT5
  6
Continuous
100
AcDbText
 10
394187.7989923238
 20
3193255.170963682
 30
0.0
 40
3.0
  1
269.2
 50
90.0
 41
0.8
  7
HZ
 72
     1
 11
394188.1989923238
 21
3193260.313820825
 31
0.0
100
AcDbText
 73
     1
  0
TEXT
  5
134C
102
{ACAD_REACTORS
330
14CA
102
}
330
18
100
AcDbEntity
  8
ZDMT5
  6
Continuous
100
AcDbText
 10
394187.7989923238
 20
3193273.813820825
 30
0.0
 40
3.0
  1
0.53
 50
90.0
 41
0.8
  7
HZ
 72
     1
 11
394188.1989923238
 21
3193277.813820825
 31
0.0
100
AcDbText
 73
     1
  0
LINE
  5
134D
102
{ACAD_REACTORS
330
14CA
102
}
330
18
100
AcDbEntity
  8
ZDMT5
  6
Continuous
100
AcDbLine
 10
394188.6989923238
 20
3193250.313820825
 30
0.0
 11
394188.6989923238
 21
3193285.313820825
 31
0.0
  0
TEXT
  5
134E
102
{ACAD_REACTORS
330
14CA
102
}
330
18
100
AcDbEntity
  8
ZDMT5
  6
Continuous
100
AcDbText
 10
394207.7986048222
 20
3193255.170963682
 30
0.0
 40
3.0
  1
271.2
 50
90.0
 41
0.8
  7
HZ
 72
     1
 11
394208.1986048222
 21
3193260.313820825
 31
0.0
100
AcDbText
 73
     1
  0
TEXT
  5
134F
102
{ACAD_REACTORS
330
14CA
102
}
330
18
100
AcDbEntity
  8
ZDMT5
  6
Continuous
100
AcDbText
 10
394207.7986048222
 20
3193273.813820825
 30
0.0
 40
3.0
  1
0.36
 50
90.0
 41
0.8
  7
HZ
 72
     1
 11
394208.1986048222
 21
3193277.813820825
 31
0.0
100
AcDbText
 73
     1
  0
LINE
  5
1350
102
{ACAD_REACTORS
330
14CA
102
}
330
18
100
AcDbEntity
  8
ZDMT5
  6
Continuous
100
AcDbLine
 10
394208.6986048222
 20
3193250.313820825
 30
0.0
 11
394208.6986048222
 21
3193285.313820825
 31
0.0
  0
TEXT
  5
1351
102
{ACAD_REACTORS
330
14CA
102
}
330
18
100
AcDbEntity
  8
ZDMT5
  6
Continuous
100
AcDbText
 10
394227.7982173173
 20
3193255.170963682
 30
0.0
 40
3.0
  1
273.2
 50
90.0
 41
0.8
  7
HZ
 72
     1
 11
394228.1982173173
 21
3193260.313820825
 31
0.0
100
AcDbText
 73
     1
  0
TEXT
  5
1352
102
{ACAD_REACTORS
330
14CA
102
}
330
18
100
AcDbEntity
  8
ZDMT5
  6
Continuous
100
AcDbText
 10
394227.7982173173
 20
3193273.813820825
 30
0.0
 40
3.0
  1
0.40
 50
90.0
 41
0.8
  7
HZ
 72
     1
 11
394228.1982173173
 21
3193277.813820825
 31
0.0
100
AcDbText
 73
     1
  0
LINE
  5
1353
102
{ACAD_REACTORS
330
14CA
102
}
330
18
100
AcDbEntity
  8
ZDMT5
  6
Continuous
100
AcDbLine
 10
394228.6982173173
 20
3193250.313820825
 30
0.0
 11
394228.6982173173
 21
3193285.313820825
 31
0.0
  0
TEXT
  5
1354
102
{ACAD_REACTORS
330
14CA
102
}
330
18
100
AcDbEntity
  8
ZDMT5
  6
Continuous
100
AcDbText
 10
394247.7978298152
 20
3193255.170963682
 30
0.0
 40
3.0
  1
275.2
 50
90.0
 41
0.8
  7
HZ
 72
     1
 11
394248.1978298152
 21
3193260.313820825
 31
0.0
100
AcDbText
 73
     1
  0
TEXT
  5
1355
102
{ACAD_REACTORS
330
14CA
102
}
330
18
100
AcDbEntity
  8
ZDMT5
  6
Continuous
100
AcDbText
 10
394247.7978298152
 20
3193273.756677968
 30
0.0
 40
3.0
  1
0.44
 50
90.0
 41
0.8
  7
HZ
 72
     1
 11
394248.1978298152
 21
3193277.813820825
 31
0.0
100
AcDbText
 73
     1
  0
LINE
  5
1356
102
{ACAD_REACTORS
330
14CA
102
}
330
18
100
AcDbEntity
  8
ZDMT5
  6
Continuous
100
AcDbLine
 10
394248.6978298152
 20
3193250.313820825
 30
0.0
 11
394248.6978298152
 21
3193285.313820825
 31
0.0
  0
TEXT
  5
1357
102
{ACAD_REACTORS
330
14CA
102
}
330
18
100
AcDbEntity
  8
ZDMT5
  6
Continuous
100
AcDbText
 10
394267.8036889572
 20
3193255.170963682
 30
0.0
 40
3.0
  1
277.2
 50
90.0
 41
0.8
  7
HZ
 72
     1
 11
394268.2036889573
 21
3193260.313820825
 31
0.0
100
AcDbText
 73
     1
  0
TEXT
  5
1358
102
{ACAD_REACTORS
330
14CA
102
}
330
18
100
AcDbEntity
  8
ZDMT5
  6
Continuous
100
AcDbText
 10
394267.8036889572
 20
3193273.870963682
 30
0.0
 40
3.0
  1
0.49
 50
90.0
 41
0.8
  7
HZ
 72
     1
 11
394268.2036889573
 21
3193277.813820825
 31
0.0
100
AcDbText
 73
     1
  0
LINE
  5
1359
102
{ACAD_REACTORS
330
14CA
102
}
330
18
100
AcDbEntity
  8
ZDMT5
  6
Continuous
100
AcDbLine
 10
394268.7036889573
 20
3193250.313820825
 30
0.0
 11
394268.7036889573
 21
3193285.313820825
 31
0.0
  0
TEXT
  5
135A
102
{ACAD_REACTORS
330
14CA
102
}
330
18
100
AcDbEntity
  8
ZDMT5
  6
Continuous
100
AcDbText
 10
394287.8033014523
 20
3193255.170963682
 30
0.0
 40
3.0
  1
279.2
 50
90.0
 41
0.8
  7
HZ
 72
     1
 11
394288.2033014523
 21
3193260.313820825
 31
0.0
100
AcDbText
 73
     1
  0
TEXT
  5
135B
102
{ACAD_REACTORS
330
14CA
102
}
330
18
100
AcDbEntity
  8
ZDMT5
  6
Continuous
100
AcDbText
 10
394287.8033014523
 20
3193273.813820825
 30
0.0
 40
3.0
  1
0.53
 50
90.0
 41
0.8
  7
HZ
 72
     1
 11
394288.2033014523
 21
3193277.813820825
 31
0.0
100
AcDbText
 73
     1
  0
LINE
  5
135C
102
{ACAD_REACTORS
330
14CA
102
}
330
18
100
AcDbEntity
  8
ZDMT5
  6
Continuous
100
AcDbLine
 10
394288.7033014523
 20
3193250.313820825
 30
0.0
 11
394288.7033014523
 21
3193285.313820825
 31
0.0
  0
TEXT
  5
135D
102
{ACAD_REACTORS
330
14CA
102
}
330
18
100
AcDbEntity
  8
ZDMT5
  6
Continuous
100
AcDbText
 10
394307.7951047715
 20
3193255.170963682
 30
0.0
 40
3.0
  1
281.2
 50
90.0
 41
0.8
  7
HZ
 72
     1
 11
394308.1951047715
 21
3193260.313820825
 31
0.0
100
AcDbText
 73
     1
  0
TEXT
  5
135E
102
{ACAD_REACTORS
330
14CA
102
}
330
18
100
AcDbEntity
  8
ZDMT5
  6
Continuous
100
AcDbText
 10
394307.7951047715
 20
3193273.813820825
 30
0.0
 40
3.0
  1
0.57
 50
90.0
 41
0.8
  7
HZ
 72
     1
 11
394308.1951047715
 21
3193277.813820825
 31
0.0
100
AcDbText
 73
     1
  0
LINE
  5
135F
102
{ACAD_REACTORS
330
14CA
102
}
330
18
100
AcDbEntity
  8
ZDMT5
  6
Continuous
100
AcDbLine
 10
394308.6951047715
 20
3193250.313820825
 30
0.0
 11
394308.6951047715
 21
3193285.313820825
 31
0.0
  0
TEXT
  5
1360
102
{ACAD_REACTORS
330
14CA
102
}
330
18
100
AcDbEntity
  8
ZDMT5
  6
Continuous
100
AcDbText
 10
394327.7947172699
 20
3193255.170963682
 30
0.0
 40
3.0
  1
283.2
 50
90.0
 41
0.8
  7
HZ
 72
     1
 11
394328.1947172699
 21
3193260.313820825
 31
0.0
100
AcDbText
 73
     1
  0
TEXT
  5
1361
102
{ACAD_REACTORS
330
14CA
102
}
330
18
100
AcDbEntity
  8
ZDMT5
  6
Continuous
100
AcDbText
 10
394327.7947172699
 20
3193273.813820825
 30
0.0
 40
3.0
  1
0.62
 50
90.0
 41
0.8
  7
HZ
 72
     1
 11
394328.1947172699
 21
3193277.813820825
 31
0.0
100
AcDbText
 73
     1
  0
LINE
  5
1362
102
{ACAD_REACTORS
330
14CA
102
}
330
18
100
AcDbEntity
  8
ZDMT5
  6
Continuous
100
AcDbLine
 10
394328.6947172699
 20
3193250.313820825
 30
0.0
 11
394328.6947172699
 21
3193285.313820825
 31
0.0
  0
TEXT
  5
1363
102
{ACAD_REACTORS
330
14CA
102
}
330
18
100
AcDbEntity
  8
ZDMT5
  6
Continuous
100
AcDbText
 10
394347.8005764115
 20
3193255.170963682
 30
0.0
 40
3.0
  1
285.2
 50
90.0
 41
0.8
  7
HZ
 72
     1
 11
394348.2005764115
 21
3193260.313820825
 31
0.0
100
AcDbText
 73
     1
  0
TEXT
  5
1364
102
{ACAD_REACTORS
330
14CA
102
}
330
18
100
AcDbEntity
  8
ZDMT5
  6
Continuous
100
AcDbText
 10
394347.8005764115
 20
3193273.813820825
 30
0.0
 40
3.0
  1
0.65
 50
90.0
 41
0.8
  7
HZ
 72
     1
 11
394348.2005764115
 21
3193277.813820825
 31
0.0
100
AcDbText
 73
     1
  0
LINE
  5
1365
102
{ACAD_REACTORS
330
14CA
102
}
330
18
100
AcDbEntity
  8
ZDMT5
  6
Continuous
100
AcDbLine
 10
394348.7005764115
 20
3193250.313820825
 30
0.0
 11
394348.7005764115
 21
3193285.313820825
 31
0.0
  0
TEXT
  5
1366
102
{ACAD_REACTORS
330
14CA
102
}
330
18
100
AcDbEntity
  8
ZDMT5
  6
Continuous
100
AcDbText
 10
394367.800188907
 20
3193255.170963682
 30
0.0
 40
3.0
  1
287.2
 50
90.0
 41
0.8
  7
HZ
 72
     1
 11
394368.200188907
 21
3193260.313820825
 31
0.0
100
AcDbText
 73
     1
  0
TEXT
  5
1367
102
{ACAD_REACTORS
330
14CA
102
}
330
18
100
AcDbEntity
  8
ZDMT5
  6
Continuous
100
AcDbText
 10
394367.800188907
 20
3193273.756677968
 30
0.0
 40
3.0
  1
0.64
 50
90.0
 41
0.8
  7
HZ
 72
     1
 11
394368.200188907
 21
3193277.813820825
 31
0.0
100
AcDbText
 73
     1
  0
LINE
  5
1368
102
{ACAD_REACTORS
330
14CA
102
}
330
18
100
AcDbEntity
  8
ZDMT5
  6
Continuous
100
AcDbLine
 10
394368.700188907
 20
3193250.313820825
 30
0.0
 11
394368.700188907
 21
3193285.313820825
 31
0.0
  0
TEXT
  5
1369
102
{ACAD_REACTORS
330
14CA
102
}
330
18
100
AcDbEntity
  8
ZDMT5
  6
Continuous
100
AcDbText
 10
394387.799801402
 20
3193255.170963682
 30
0.0
 40
3.0
  1
289.2
 50
90.0
 41
0.8
  7
HZ
 72
     1
 11
394388.1998014021
 21
3193260.313820825
 31
0.0
100
AcDbText
 73
     1
  0
TEXT
  5
136A
102
{ACAD_REACTORS
330
14CA
102
}
330
18
100
AcDbEntity
  8
ZDMT5
  6
Continuous
100
AcDbText
 10
394387.799801402
 20
3193273.756677968
 30
0.0
 40
3.0
  1
0.64
 50
90.0
 41
0.8
  7
HZ
 72
     1
 11
394388.1998014021
 21
3193277.813820825
 31
0.0
100
AcDbText
 73
     1
  0
LINE
  5
136B
102
{ACAD_REACTORS
330
14CA
102
}
330
18
100
AcDbEntity
  8
ZDMT5
  6
Continuous
100
AcDbLine
 10
394388.6998014021
 20
3193250.313820825
 30
0.0
 11
394388.6998014021
 21
3193285.313820825
 31
0.0
  0
TEXT
  5
136C
102
{ACAD_REACTORS
330
14CA
102
}
330
18
100
AcDbEntity
  8
ZDMT5
  6
Continuous
100
AcDbText
 10
394407.7994138999
 20
3193255.170963682
 30
0.0
 40
3.0
  1
291.2
 50
90.0
 41
0.8
  7
HZ
 72
     1
 11
394408.1994139
 21
3193260.313820825
 31
0.0
100
AcDbText
 73
     1
  0
TEXT
  5
136D
102
{ACAD_REACTORS
330
14CA
102
}
330
18
100
AcDbEntity
  8
ZDMT5
  6
Continuous
100
AcDbText
 10
394407.7994138999
 20
3193273.813820825
 30
0.0
 40
3.0
  1
0.63
 50
90.0
 41
0.8
  7
HZ
 72
     1
 11
394408.1994139
 21
3193277.813820825
 31
0.0
100
AcDbText
 73
     1
  0
LINE
  5
136E
102
{ACAD_REACTORS
330
14CA
102
}
330
18
100
AcDbEntity
  8
ZDMT5
  6
Continuous
100
AcDbLine
 10
394408.6994139
 20
3193250.313820825
 30
0.0
 11
394408.6994139
 21
3193285.313820825
 31
0.0
  0
TEXT
  5
136F
102
{ACAD_REACTORS
330
14CA
102
}
330
18
100
AcDbEntity
  8
ZDMT5
  6
Continuous
100
AcDbText
 10
394427.805273042
 20
3193255.170963682
 30
0.0
 40
3.0
  1
293.2
 50
90.0
 41
0.8
  7
HZ
 72
     1
 11
394428.205273042
 21
3193260.313820825
 31
0.0
100
AcDbText
 73
     1
  0
TEXT
  5
1370
102
{ACAD_REACTORS
330
14CA
102
}
330
18
100
AcDbEntity
  8
ZDMT5
  6
Continuous
100
AcDbText
 10
394427.805273042
 20
3193273.813820825
 30
0.0
 40
3.0
  1
0.63
 50
90.0
 41
0.8
  7
HZ
 72
     1
 11
394428.205273042
 21
3193277.813820825
 31
0.0
100
AcDbText
 73
     1
  0
LINE
  5
1371
102
{ACAD_REACTORS
330
14CA
102
}
330
18
100
AcDbEntity
  8
ZDMT5
  6
Continuous
100
AcDbLine
 10
394428.705273042
 20
3193250.313820825
 30
0.0
 11
394428.705273042
 21
3193285.313820825
 31
0.0
  0
TEXT
  5
1372
102
{ACAD_REACTORS
330
14CA
102
}
330
18
100
AcDbEntity
  8
ZDMT5
  6
Continuous
100
AcDbText
 10
394447.7970763612
 20
3193255.170963682
 30
0.0
 40
3.0
  1
295.2
 50
90.0
 41
0.8
  7
HZ
 72
     1
 11
394448.1970763612
 21
3193260.313820825
 31
0.0
100
AcDbText
 73
     1
  0
TEXT
  5
1373
102
{ACAD_REACTORS
330
14CA
102
}
330
18
100
AcDbEntity
  8
ZDMT5
  6
Continuous
100
AcDbText
 10
394447.7970763612
 20
3193273.813820825
 30
0.0
 40
3.0
  1
0.62
 50
90.0
 41
0.8
  7
HZ
 72
     1
 11
394448.1970763612
 21
3193277.813820825
 31
0.0
100
AcDbText
 73
     1
  0
LINE
  5
1374
102
{ACAD_REACTORS
330
14CA
102
}
330
18
100
AcDbEntity
  8
ZDMT5
  6
Continuous
100
AcDbLine
 10
394448.6970763612
 20
3193250.313820825
 30
0.0
 11
394448.6970763612
 21
3193285.313820825
 31
0.0
  0
TEXT
  5
1375
102
{ACAD_REACTORS
330
14CA
102
}
330
18
100
AcDbEntity
  8
ZDMT5
  6
Continuous
100
AcDbText
 10
394467.7966888567
 20
3193255.170963682
 30
0.0
 40
3.0
  1
297.2
 50
90.0
 41
0.8
  7
HZ
 72
     1
 11
394468.1966888568
 21
3193260.313820825
 31
0.0
100
AcDbText
 73
     1
  0
TEXT
  5
1376
102
{ACAD_REACTORS
330
14CA
102
}
330
18
100
AcDbEntity
  8
ZDMT5
  6
Continuous
100
AcDbText
 10
394467.7966888567
 20
3193274.156677968
 30
0.0
 40
3.0
  1
0.61
 50
90.0
 41
0.8
  7
HZ
 72
     1
 11
394468.1966888568
 21
3193277.813820825
 31
0.0
100
AcDbText
 73
     1
  0
LINE
  5
1377
102
{ACAD_REACTORS
330
14CA
102
}
330
18
100
AcDbEntity
  8
ZDMT5
  6
Continuous
100
AcDbLine
 10
394468.6966888568
 20
3193250.313820825
 30
0.0
 11
394468.6966888568
 21
3193285.313820825
 31
0.0
  0
TEXT
  5
1378
102
{ACAD_REACTORS
330
14CA
102
}
330
18
100
AcDbEntity
  8
ZDMT5
  6
Continuous
100
AcDbText
 10
394487.8025479983
 20
3193255.170963682
 30
0.0
 40
3.0
  1
299.2
 50
90.0
 41
0.8
  7
HZ
 72
     1
 11
394488.2025479983
 21
3193260.313820825
 31
0.0
100
AcDbText
 73
     1
  0
TEXT
  5
1379
102
{ACAD_REACTORS
330
14CA
102
}
330
18
100
AcDbEntity
  8
ZDMT5
  6
Continuous
100
AcDbText
 10
394487.8025479983
 20
3193273.813820825
 30
0.0
 40
3.0
  1
0.65
 50
90.0
 41
0.8
  7
HZ
 72
     1
 11
394488.2025479983
 21
3193277.813820825
 31
0.0
100
AcDbText
 73
     1
  0
LINE
  5
137A
102
{ACAD_REACTORS
330
14CA
102
}
330
18
100
AcDbEntity
  8
ZDMT5
  6
Continuous
100
AcDbLine
 10
394488.7025479983
 20
3193250.313820825
 30
0.0
 11
394488.7025479983
 21
3193285.313820825
 31
0.0
  0
TEXT
  5
137B
102
{ACAD_REACTORS
330
14CA
102
}
330
18
100
AcDbEntity
  8
ZDMT5
  6
Continuous
100
AcDbText
 10
394507.8021604962
 20
3193255.170963682
 30
0.0
 40
3.0
  1
301.2
 50
90.0
 41
0.8
  7
HZ
 72
     1
 11
394508.2021604963
 21
3193260.313820825
 31
0.0
100
AcDbText
 73
     1
  0
TEXT
  5
137C
102
{ACAD_REACTORS
330
14CA
102
}
330
18
100
AcDbEntity
  8
ZDMT5
  6
Continuous
100
AcDbText
 10
394507.8021604962
 20
3193273.813820825
 30
0.0
 40
3.0
  1
0.68
 50
90.0
 41
0.8
  7
HZ
 72
     1
 11
394508.2021604963
 21
3193277.813820825
 31
0.0
100
AcDbText
 73
     1
  0
LINE
  5
137D
102
{ACAD_REACTORS
330
14CA
102
}
330
18
100
AcDbEntity
  8
ZDMT5
  6
Continuous
100
AcDbLine
 10
394508.7021604963
 20
3193250.313820825
 30
0.0
 11
394508.7021604963
 21
3193285.313820825
 31
0.0
  0
TEXT
  5
137E
102
{ACAD_REACTORS
330
14CA
102
}
330
18
100
AcDbEntity
  8
ZDMT5
  6
Continuous
100
AcDbText
 10
394527.8017729917
 20
3193255.170963682
 30
0.0
 40
3.0
  1
303.2
 50
90.0
 41
0.8
  7
HZ
 72
     1
 11
394528.2017729917
 21
3193260.313820825
 31
0.0
100
AcDbText
 73
     1
  0
TEXT
  5
137F
102
{ACAD_REACTORS
330
14CA
102
}
330
18
100
AcDbEntity
  8
ZDMT5
  6
Continuous
100
AcDbText
 10
394527.8017729917
 20
3193273.756677968
 30
0.0
 40
3.0
  1
0.74
 50
90.0
 41
0.8
  7
HZ
 72
     1
 11
394528.2017729917
 21
3193277.813820825
 31
0.0
100
AcDbText
 73
     1
  0
LINE
  5
1380
102
{ACAD_REACTORS
330
14CA
102
}
330
18
100
AcDbEntity
  8
ZDMT5
  6
Continuous
100
AcDbLine
 10
394528.7017729917
 20
3193250.313820825
 30
0.0
 11
394528.7017729917
 21
3193285.313820825
 31
0.0
  0
TEXT
  5
1381
102
{ACAD_REACTORS
330
14CA
102
}
330
18
100
AcDbEntity
  8
ZDMT5
  6
Continuous
100
AcDbText
 10
394547.8013854867
 20
3193255.170963682
 30
0.0
 40
3.0
  1
305.2
 50
90.0
 41
0.8
  7
HZ
 72
     1
 11
394548.2013854868
 21
3193260.313820825
 31
0.0
100
AcDbText
 73
     1
  0
TEXT
  5
1382
102
{ACAD_REACTORS
330
14CA
102
}
330
18
100
AcDbEntity
  8
ZDMT5
  6
Continuous
100
AcDbText
 10
394547.8013854867
 20
3193273.813820825
 30
0.0
 40
3.0
  1
0.78
 50
90.0
 41
0.8
  7
HZ
 72
     1
 11
394548.2013854868
 21
3193277.813820825
 31
0.0
100
AcDbText
 73
     1
  0
LINE
  5
1383
102
{ACAD_REACTORS
330
14CA
102
}
330
18
100
AcDbEntity
  8
ZDMT5
  6
Continuous
100
AcDbLine
 10
394548.7013854868
 20
3193250.313820825
 30
0.0
 11
394548.7013854868
 21
3193285.313820825
 31
0.0
  0
TEXT
  5
1384
102
{ACAD_REACTORS
330
14CA
102
}
330
18
100
AcDbEntity
  8
ZDMT5
  6
Continuous
100
AcDbText
 10
394567.7994378918
 20
3193255.170963682
 30
0.0
 40
3.0
  1
307.2
 50
90.0
 41
0.8
  7
HZ
 72
     1
 11
394568.1994378918
 21
3193260.313820825
 31
0.0
100
AcDbText
 73
     1
  0
TEXT
  5
1385
102
{ACAD_REACTORS
330
14CA
102
}
330
18
100
AcDbEntity
  8
ZDMT5
  6
Continuous
100
AcDbText
 10
394567.7994378918
 20
3193273.756677968
 30
0.0
 40
3.0
  1
0.74
 50
90.0
 41
0.8
  7
HZ
 72
     1
 11
394568.1994378918
 21
3193277.813820825
 31
0.0
100
AcDbText
 73
     1
  0
LINE
  5
1386
102
{ACAD_REACTORS
330
14CA
102
}
330
18
100
AcDbEntity
  8
ZDMT5
  6
Continuous
100
AcDbLine
 10
394568.6994378918
 20
3193250.313820825
 30
0.0
 11
394568.6994378918
 21
3193285.313820825
 31
0.0
  0
TEXT
  5
1387
102
{ACAD_REACTORS
330
14CA
102
}
330
18
100
AcDbEntity
  8
ZDMT5
  6
Continuous
100
AcDbText
 10
394587.7990503902
 20
3193255.170963682
 30
0.0
 40
3.0
  1
309.2
 50
90.0
 41
0.8
  7
HZ
 72
     1
 11
394588.1990503902
 21
3193260.313820825
 31
0.0
100
AcDbText
 73
     1
  0
TEXT
  5
1388
102
{ACAD_REACTORS
330
14CA
102
}
330
18
100
AcDbEntity
  8
ZDMT5
  6
Continuous
100
AcDbText
 10
394587.7990503902
 20
3193273.756677968
 30
0.0
 40
3.0
  1
0.74
 50
90.0
 41
0.8
  7
HZ
 72
     1
 11
394588.1990503902
 21
3193277.813820825
 31
0.0
100
AcDbText
 73
     1
  0
LINE
  5
1389
102
{ACAD_REACTORS
330
14CA
102
}
330
18
100
AcDbEntity
  8
ZDMT5
  6
Continuous
100
AcDbLine
 10
394588.6990503902
 20
3193250.313820825
 30
0.0
 11
394588.6990503902
 21
3193285.313820825
 31
0.0
  0
TEXT
  5
138A
102
{ACAD_REACTORS
330
14CA
102
}
330
18
100
AcDbEntity
  8
ZDMT5
  6
Continuous
100
AcDbText
 10
394607.7986628853
 20
3193255.170963682
 30
0.0
 40
3.0
  1
311.2
 50
90.0
 41
0.8
  7
HZ
 72
     1
 11
394608.1986628853
 21
3193260.313820825
 31
0.0
100
AcDbText
 73
     1
  0
TEXT
  5
138B
102
{ACAD_REACTORS
330
14CA
102
}
330
18
100
AcDbEntity
  8
ZDMT5
  6
Continuous
100
AcDbText
 10
394607.7986628853
 20
3193274.156677968
 30
0.0
 40
3.0
  1
0.71
 50
90.0
 41
0.8
  7
HZ
 72
     1
 11
394608.1986628853
 21
3193277.813820825
 31
0.0
100
AcDbText
 73
     1
  0
LINE
  5
138C
102
{ACAD_REACTORS
330
14CA
102
}
330
18
100
AcDbEntity
  8
ZDMT5
  6
Continuous
100
AcDbLine
 10
394608.6986628853
 20
3193250.313820825
 30
0.0
 11
394608.6986628853
 21
3193285.313820825
 31
0.0
  0
TEXT
  5
138D
102
{ACAD_REACTORS
330
14CA
102
}
330
18
100
AcDbEntity
  8
ZDMT5
  6
Continuous
100
AcDbText
 10
394627.7982753807
 20
3193255.170963682
 30
0.0
 40
3.0
  1
313.2
 50
90.0
 41
0.8
  7
HZ
 72
     1
 11
394628.1982753808
 21
3193260.313820825
 31
0.0
100
AcDbText
 73
     1
  0
TEXT
  5
138E
102
{ACAD_REACTORS
330
14CA
102
}
330
18
100
AcDbEntity
  8
ZDMT5
  6
Continuous
100
AcDbText
 10
394627.7982753807
 20
3193273.870963682
 30
0.0
 40
3.0
  1
0.69
 50
90.0
 41
0.8
  7
HZ
 72
     1
 11
394628.1982753808
 21
3193277.813820825
 31
0.0
100
AcDbText
 73
     1
  0
LINE
  5
138F
102
{ACAD_REACTORS
330
14CA
102
}
330
18
100
AcDbEntity
  8
ZDMT5
  6
Continuous
100
AcDbLine
 10
394628.6982753808
 20
3193250.313820825
 30
0.0
 11
394628.6982753808
 21
3193285.313820825
 31
0.0
  0
TEXT
  5
1390
102
{ACAD_REACTORS
330
14CA
102
}
330
18
100
AcDbEntity
  8
ZDMT5
  6
Continuous
100
AcDbText
 10
394647.8041345223
 20
3193255.170963682
 30
0.0
 40
3.0
  1
315.2
 50
90.0
 41
0.8
  7
HZ
 72
     1
 11
394648.2041345224
 21
3193260.313820825
 31
0.0
100
AcDbText
 73
     1
  0
TEXT
  5
1391
102
{ACAD_REACTORS
330
14CA
102
}
330
18
100
AcDbEntity
  8
ZDMT5
  6
Continuous
100
AcDbText
 10
394647.8041345223
 20
3193273.813820825
 30
0.0
 40
3.0
  1
0.68
 50
90.0
 41
0.8
  7
HZ
 72
     1
 11
394648.2041345224
 21
3193277.813820825
 31
0.0
100
AcDbText
 73
     1
  0
LINE
  5
1392
102
{ACAD_REACTORS
330
14CA
102
}
330
18
100
AcDbEntity
  8
ZDMT5
  6
Continuous
100
AcDbLine
 10
394648.7041345224
 20
3193250.313820825
 30
0.0
 11
394648.7041345224
 21
3193285.313820825
 31
0.0
  0
TEXT
  5
1393
102
{ACAD_REACTORS
330
14CA
102
}
330
18
100
AcDbEntity
  8
ZDMT5
  6
Continuous
100
AcDbText
 10
394667.8037470203
 20
3193255.170963682
 30
0.0
 40
3.0
  1
317.2
 50
90.0
 41
0.8
  7
HZ
 72
     1
 11
394668.2037470203
 21
3193260.313820825
 31
0.0
100
AcDbText
 73
     1
  0
TEXT
  5
1394
102
{ACAD_REACTORS
330
14CA
102
}
330
18
100
AcDbEntity
  8
ZDMT5
  6
Continuous
100
AcDbText
 10
394667.8037470203
 20
3193273.813820825
 30
0.0
 40
3.0
  1
0.73
 50
90.0
 41
0.8
  7
HZ
 72
     1
 11
394668.2037470203
 21
3193277.813820825
 31
0.0
100
AcDbText
 73
     1
  0
LINE
  5
1395
102
{ACAD_REACTORS
330
14CA
102
}
330
18
100
AcDbEntity
  8
ZDMT5
  6
Continuous
100
AcDbLine
 10
394668.7037470203
 20
3193250.313820825
 30
0.0
 11
394668.7037470203
 21
3193285.313820825
 31
0.0
  0
TEXT
  5
1396
102
{ACAD_REACTORS
330
14CA
102
}
330
18
100
AcDbEntity
  8
ZDMT5
  6
Continuous
100
AcDbText
 10
394687.79555034
 20
3193255.170963682
 30
0.0
 40
3.0
  1
319.2
 50
90.0
 41
0.8
  7
HZ
 72
     1
 11
394688.19555034
 21
3193260.313820825
 31
0.0
100
AcDbText
 73
     1
  0
TEXT
  5
1397
102
{ACAD_REACTORS
330
14CA
102
}
330
18
100
AcDbEntity
  8
ZDMT5
  6
Continuous
100
AcDbText
 10
394687.79555034
 20
3193273.756677968
 30
0.0
 40
3.0
  1
0.84
 50
90.0
 41
0.8
  7
HZ
 72
     1
 11
394688.19555034
 21
3193277.813820825
 31
0.0
100
AcDbText
 73
     1
  0
LINE
  5
1398
102
{ACAD_REACTORS
330
14CA
102
}
330
18
100
AcDbEntity
  8
ZDMT5
  6
Continuous
100
AcDbLine
 10
394688.69555034
 20
3193250.313820825
 30
0.0
 11
394688.69555034
 21
3193285.313820825
 31
0.0
  0
TEXT
  5
1399
102
{ACAD_REACTORS
330
14CA
102
}
330
18
100
AcDbEntity
  8
ZDMT5
  6
Continuous
100
AcDbText
 10
394707.7951628379
 20
3193255.170963682
 30
0.0
 40
3.0
  1
321.2
 50
90.0
 41
0.8
  7
HZ
 72
     1
 11
394708.1951628379
 21
3193260.313820825
 31
0.0
100
AcDbText
 73
     1
  0
TEXT
  5
139A
102
{ACAD_REACTORS
330
14CA
102
}
330
18
100
AcDbEntity
  8
ZDMT5
  6
Continuous
100
AcDbText
 10
394707.7951628379
 20
3193273.813820825
 30
0.0
 40
3.0
  1
0.92
 50
90.0
 41
0.8
  7
HZ
 72
     1
 11
394708.1951628379
 21
3193277.813820825
 31
0.0
100
AcDbText
 73
     1
  0
LINE
  5
139B
102
{ACAD_REACTORS
330
14CA
102
}
330
18
100
AcDbEntity
  8
ZDMT5
  6
Continuous
100
AcDbLine
 10
394708.6951628379
 20
3193250.313820825
 30
0.0
 11
394708.6951628379
 21
3193285.313820825
 31
0.0
  0
TEXT
  5
139C
102
{ACAD_REACTORS
330
14CA
102
}
330
18
100
AcDbEntity
  8
ZDMT5
  6
Continuous
100
AcDbText
 10
394727.8010219795
 20
3193255.170963682
 30
0.0
 40
3.0
  1
323.2
 50
90.0
 41
0.8
  7
HZ
 72
     1
 11
394728.2010219795
 21
3193260.313820825
 31
0.0
100
AcDbText
 73
     1
  0
TEXT
  5
139D
102
{ACAD_REACTORS
330
14CA
102
}
330
18
100
AcDbEntity
  8
ZDMT5
  6
Continuous
100
AcDbText
 10
394727.8010219795
 20
3193273.813820825
 30
0.0
 40
3.0
  1
0.93
 50
90.0
 41
0.8
  7
HZ
 72
     1
 11
394728.2010219795
 21
3193277.813820825
 31
0.0
100
AcDbText
 73
     1
  0
LINE
  5
139E
102
{ACAD_REACTORS
330
14CA
102
}
330
18
100
AcDbEntity
  8
ZDMT5
  6
Continuous
100
AcDbLine
 10
394728.7010219795
 20
3193250.313820825
 30
0.0
 11
394728.7010219795
 21
3193285.313820825
 31
0.0
  0
TEXT
  5
139F
102
{ACAD_REACTORS
330
14CA
102
}
330
18
100
AcDbEntity
  8
ZDMT5
  6
Continuous
100
AcDbText
 10
394747.800634475
 20
3193255.170963682
 30
0.0
 40
3.0
  1
325.2
 50
90.0
 41
0.8
  7
HZ
 72
     1
 11
394748.200634475
 21
3193260.313820825
 31
0.0
100
AcDbText
 73
     1
  0
TEXT
  5
13A0
102
{ACAD_REACTORS
330
14CA
102
}
330
18
100
AcDbEntity
  8
ZDMT5
  6
Continuous
100
AcDbText
 10
394747.800634475
 20
3193273.642392254
 30
0.0
 40
3.0
  1
1.12
 50
90.0
 41
0.8
  7
HZ
 72
     1
 11
394748.200634475
 21
3193277.813820825
 31
0.0
100
AcDbText
 73
     1
  0
LINE
  5
13A1
102
{ACAD_REACTORS
330
14CA
102
}
330
18
100
AcDbEntity
  8
ZDMT5
  6
Continuous
100
AcDbLine
 10
394748.700634475
 20
3193250.313820825
 30
0.0
 11
394748.700634475
 21
3193285.313820825
 31
0.0
  0
TEXT
  5
13A2
102
{ACAD_REACTORS
330
14CA
102
}
330
18
100
AcDbEntity
  8
ZDMT5
  6
Continuous
100
AcDbText
 10
394767.80024697
 20
3193255.170963682
 30
0.0
 40
3.0
  1
327.2
 50
90.0
 41
0.8
  7
HZ
 72
     1
 11
394768.2002469701
 21
3193260.313820825
 31
0.0
100
AcDbText
 73
     1
  0
TEXT
  5
13A3
102
{ACAD_REACTORS
330
14CA
102
}
330
18
100
AcDbEntity
  8
ZDMT5
  6
Continuous
100
AcDbText
 10
394767.80024697
 20
3193273.642392254
 30
0.0
 40
3.0
  1
1.36
 50
90.0
 41
0.8
  7
HZ
 72
     1
 11
394768.2002469701
 21
3193277.813820825
 31
0.0
100
AcDbText
 73
     1
  0
LINE
  5
13A4
102
{ACAD_REACTORS
330
14CA
102
}
330
18
100
AcDbEntity
  8
ZDMT5
  6
Continuous
100
AcDbLine
 10
394768.7002469701
 20
3193250.313820825
 30
0.0
 11
394768.7002469701
 21
3193285.313820825
 31
0.0
  0
TEXT
  5
13A5
102
{ACAD_REACTORS
330
14CA
102
}
330
18
100
AcDbEntity
  8
ZDMT5
  6
Continuous
100
AcDbText
 10
394787.7998594684
 20
3193255.170963682
 30
0.0
 40
3.0
  1
329.2
 50
90.0
 41
0.8
  7
HZ
 72
     1
 11
394788.1998594684
 21
3193260.313820825
 31
0.0
100
AcDbText
 73
     1
  0
TEXT
  5
13A6
102
{ACAD_REACTORS
330
14CA
102
}
330
18
100
AcDbEntity
  8
ZDMT5
  6
Continuous
100
AcDbText
 10
394787.7998594684
 20
3193273.585249397
 30
0.0
 40
3.0
  1
1.54
 50
90.0
 41
0.8
  7
HZ
 72
     1
 11
394788.1998594684
 21
3193277.813820825
 31
0.0
100
AcDbText
 73
     1
  0
LINE
  5
13A7
102
{ACAD_REACTORS
330
14CA
102
}
330
18
100
AcDbEntity
  8
ZDMT5
  6
Continuous
100
AcDbLine
 10
394788.6998594684
 20
3193250.313820825
 30
0.0
 11
394788.6998594684
 21
3193285.313820825
 31
0.0
  0
TEXT
  5
13A8
102
{ACAD_REACTORS
330
14CA
102
}
330
18
100
AcDbEntity
  8
ZDMT5
  6
Continuous
100
AcDbText
 10
394807.80571861
 20
3193255.170963682
 30
0.0
 40
3.0
  1
331.2
 50
90.0
 41
0.8
  7
HZ
 72
     1
 11
394808.20571861
 21
3193260.313820825
 31
0.0
100
AcDbText
 73
     1
  0
TEXT
  5
13A9
102
{ACAD_REACTORS
330
14CA
102
}
330
18
100
AcDbEntity
  8
ZDMT5
  6
Continuous
100
AcDbText
 10
394807.80571861
 20
3193273.813820825
 30
0.0
 40
3.0
  1
2.02
 50
90.0
 41
0.8
  7
HZ
 72
     1
 11
394808.20571861
 21
3193277.813820825
 31
0.0
100
AcDbText
 73
     1
  0
LINE
  5
13AA
102
{ACAD_REACTORS
330
14CA
102
}
330
18
100
AcDbEntity
  8
ZDMT5
  6
Continuous
100
AcDbLine
 10
394808.70571861
 20
3193250.313820825
 30
0.0
 11
394808.70571861
 21
3193285.313820825
 31
0.0
  0
TEXT
  5
13AB
102
{ACAD_REACTORS
330
14CA
102
}
330
18
100
AcDbEntity
  8
ZDMT5
  6
Continuous
100
AcDbText
 10
394827.7975219292
 20
3193255.170963682
 30
0.0
 40
3.0
  1
333.2
 50
90.0
 41
0.8
  7
HZ
 72
     1
 11
394828.1975219292
 21
3193260.313820825
 31
0.0
100
AcDbText
 73
     1
  0
TEXT
  5
13AC
102
{ACAD_REACTORS
330
14CA
102
}
330
18
100
AcDbEntity
  8
ZDMT5
  6
Continuous
100
AcDbText
 10
394827.7975219292
 20
3193274.156677968
 30
0.0
 40
3.0
  1
2.51
 50
90.0
 41
0.8
  7
HZ
 72
     1
 11
394828.1975219292
 21
3193277.813820825
 31
0.0
100
AcDbText
 73
     1
  0
LINE
  5
13AD
102
{ACAD_REACTORS
330
14CA
102
}
330
18
100
AcDbEntity
  8
ZDMT5
  6
Continuous
100
AcDbLine
 10
394828.6975219292
 20
3193250.313820825
 30
0.0
 11
394828.6975219292
 21
3193285.313820825
 31
0.0
  0
TEXT
  5
13AE
102
{ACAD_REACTORS
330
14CA
102
}
330
18
100
AcDbEntity
  8
ZDMT5
  6
Continuous
100
AcDbText
 10
394847.7971344247
 20
3193255.170963682
 30
0.0
 40
3.0
  1
335.2
 50
90.0
 41
0.8
  7
HZ
 72
     1
 11
394848.1971344248
 21
3193260.313820825
 31
0.0
100
AcDbText
 73
     1
  0
TEXT
  5
13AF
102
{ACAD_REACTORS
330
14CA
102
}
330
18
100
AcDbEntity
  8
ZDMT5
  6
Continuous
100
AcDbText
 10
394847.7971344247
 20
3193273.813820825
 30
0.0
 40
3.0
  1
2.87
 50
90.0
 41
0.8
  7
HZ
 72
     1
 11
394848.1971344248
 21
3193277.813820825
 31
0.0
100
AcDbText
 73
     1
  0
LINE
  5
13B0
102
{ACAD_REACTORS
330
14CA
102
}
330
18
100
AcDbEntity
  8
ZDMT5
  6
Continuous
100
AcDbLine
 10
394848.6971344248
 20
3193250.313820825
 30
0.0
 11
394848.6971344248
 21
3193285.313820825
 31
0.0
  0
TEXT
  5
13B1
102
{ACAD_REACTORS
330
14CA
102
}
330
18
100
AcDbEntity
  8
ZDMT5
  6
Continuous
100
AcDbText
 10
394867.7967469227
 20
3193255.170963682
 30
0.0
 40
3.0
  1
337.2
 50
90.0
 41
0.8
  7
HZ
 72
     1
 11
394868.1967469227
 21
3193260.313820825
 31
0.0
100
AcDbText
 73
     1
  0
TEXT
  5
13B2
102
{ACAD_REACTORS
330
14CA
102
}
330
18
100
AcDbEntity
  8
ZDMT5
  6
Continuous
100
AcDbText
 10
394867.7967469227
 20
3193273.813820825
 30
0.0
 40
3.0
  1
3.08
 50
90.0
 41
0.8
  7
HZ
 72
     1
 11
394868.1967469227
 21
3193277.813820825
 31
0.0
100
AcDbText
 73
     1
  0
LINE
  5
13B3
102
{ACAD_REACTORS
330
14CA
102
}
330
18
100
AcDbEntity
  8
ZDMT5
  6
Continuous
100
AcDbLine
 10
394868.6967469227
 20
3193250.313820825
 30
0.0
 11
394868.6967469227
 21
3193285.313820825
 31
0.0
  0
TEXT
  5
13B4
102
{ACAD_REACTORS
330
14CA
102
}
330
18
100
AcDbEntity
  8
ZDMT5
  6
Continuous
100
AcDbText
 10
394887.8026060647
 20
3193255.170963682
 30
0.0
 40
3.0
  1
339.2
 50
90.0
 41
0.8
  7
HZ
 72
     1
 11
394888.2026060647
 21
3193260.313820825
 31
0.0
100
AcDbText
 73
     1
  0
TEXT
  5
13B5
102
{ACAD_REACTORS
330
14CA
102
}
330
18
100
AcDbEntity
  8
ZDMT5
  6
Continuous
100
AcDbText
 10
394887.8026060647
 20
3193273.870963682
 30
0.0
 40
3.0
  1
3.49
 50
90.0
 41
0.8
  7
HZ
 72
     1
 11
394888.2026060647
 21
3193277.813820825
 31
0.0
100
AcDbText
 73
     1
  0
LINE
  5
13B6
102
{ACAD_REACTORS
330
14CA
102
}
330
18
100
AcDbEntity
  8
ZDMT5
  6
Continuous
100
AcDbLine
 10
394888.7026060647
 20
3193250.313820825
 30
0.0
 11
394888.7026060647
 21
3193285.313820825
 31
0.0
  0
TEXT
  5
13B7
102
{ACAD_REACTORS
330
14CA
102
}
330
18
100
AcDbEntity
  8
ZDMT5
  6
Continuous
100
AcDbText
 10
394907.8022185597
 20
3193255.170963682
 30
0.0
 40
3.0
  1
341.2
 50
90.0
 41
0.8
  7
HZ
 72
     1
 11
394908.2022185597
 21
3193260.313820825
 31
0.0
100
AcDbText
 73
     1
  0
TEXT
  5
13B8
102
{ACAD_REACTORS
330
14CA
102
}
330
18
100
AcDbEntity
  8
ZDMT5
  6
Continuous
100
AcDbText
 10
394907.8022185597
 20
3193273.813820825
 30
0.0
 40
3.0
  1
4.42
 50
90.0
 41
0.8
  7
HZ
 72
     1
 11
394908.2022185597
 21
3193277.813820825
 31
0.0
100
AcDbText
 73
     1
  0
LINE
  5
13B9
102
{ACAD_REACTORS
330
14CA
102
}
330
18
100
AcDbEntity
  8
ZDMT5
  6
Continuous
100
AcDbLine
 10
394908.7022185597
 20
3193250.313820825
 30
0.0
 11
394908.7022185597
 21
3193285.313820825
 31
0.0
  0
TEXT
  5
13BA
102
{ACAD_REACTORS
330
14CA
102
}
330
18
100
AcDbEntity
  8
ZDMT5
  6
Continuous
100
AcDbText
 10
394927.8018310548
 20
3193255.170963682
 30
0.0
 40
3.0
  1
343.2
 50
90.0
 41
0.8
  7
HZ
 72
     1
 11
394928.2018310548
 21
3193260.313820825
 31
0.0
100
AcDbText
 73
     1
  0
TEXT
  5
13BB
102
{ACAD_REACTORS
330
14CA
102
}
330
18
100
AcDbEntity
  8
ZDMT5
  6
Continuous
100
AcDbText
 10
394927.8018310548
 20
3193273.813820825
 30
0.0
 40
3.0
  1
4.72
 50
90.0
 41
0.8
  7
HZ
 72
     1
 11
394928.2018310548
 21
3193277.813820825
 31
0.0
100
AcDbText
 73
     1
  0
LINE
  5
13BC
102
{ACAD_REACTORS
330
14CA
102
}
330
18
100
AcDbEntity
  8
ZDMT5
  6
Continuous
100
AcDbLine
 10
394928.7018310548
 20
3193250.313820825
 30
0.0
 11
394928.7018310548
 21
3193285.313820825
 31
0.0
  0
TEXT
  5
13BD
102
{ACAD_REACTORS
330
14CA
102
}
330
18
100
AcDbEntity
  8
ZDMT5
  6
Continuous
100
AcDbText
 10
394947.7936343774
 20
3193255.170963682
 30
0.0
 40
3.0
  1
345.2
 50
90.0
 41
0.8
  7
HZ
 72
     1
 11
394948.1936343774
 21
3193260.313820825
 31
0.0
100
AcDbText
 73
     1
  0
TEXT
  5
13BE
102
{ACAD_REACTORS
330
14CA
102
}
330
18
100
AcDbEntity
  8
ZDMT5
  6
Continuous
100
AcDbText
 10
394947.7936343774
 20
3193273.813820825
 30
0.0
 40
3.0
  1
4.98
 50
90.0
 41
0.8
  7
HZ
 72
     1
 11
394948.1936343774
 21
3193277.813820825
 31
0.0
100
AcDbText
 73
     1
  0
LINE
  5
13BF
102
{ACAD_REACTORS
330
14CA
102
}
330
18
100
AcDbEntity
  8
ZDMT5
  6
Continuous
100
AcDbLine
 10
394948.6936343774
 20
3193250.313820825
 30
0.0
 11
394948.6936343774
 21
3193285.313820825
 31
0.0
  0
TEXT
  5
13C0
102
{ACAD_REACTORS
330
14CA
102
}
330
18
100
AcDbEntity
  8
ZDMT5
  6
Continuous
100
AcDbText
 10
394967.7994935189
 20
3193255.170963682
 30
0.0
 40
3.0
  1
347.2
 50
90.0
 41
0.8
  7
HZ
 72
     1
 11
394968.199493519
 21
3193260.313820825
 31
0.0
100
AcDbText
 73
     1
  0
TEXT
  5
13C1
102
{ACAD_REACTORS
330
14CA
102
}
330
18
100
AcDbEntity
  8
ZDMT5
  6
Continuous
100
AcDbText
 10
394967.7994935189
 20
3193273.813820825
 30
0.0
 40
3.0
  1
5.10
 50
90.0
 41
0.8
  7
HZ
 72
     1
 11
394968.199493519
 21
3193277.813820825
 31
0.0
100
AcDbText
 73
     1
  0
LINE
  5
13C2
102
{ACAD_REACTORS
330
14CA
102
}
330
18
100
AcDbEntity
  8
ZDMT5
  6
Continuous
100
AcDbLine
 10
394968.699493519
 20
3193250.313820825
 30
0.0
 11
394968.699493519
 21
3193285.313820825
 31
0.0
  0
TEXT
  5
13C3
102
{ACAD_REACTORS
330
14CA
102
}
330
18
100
AcDbEntity
  8
ZDMT5
  6
Continuous
100
AcDbText
 10
394987.799106014
 20
3193255.170963682
 30
0.0
 40
3.0
  1
349.2
 50
90.0
 41
0.8
  7
HZ
 72
     1
 11
394988.199106014
 21
3193260.313820825
 31
0.0
100
AcDbText
 73
     1
  0
TEXT
  5
13C4
102
{ACAD_REACTORS
330
14CA
102
}
330
18
100
AcDbEntity
  8
ZDMT5
  6
Continuous
100
AcDbText
 10
394987.799106014
 20
3193274.156677968
 30
0.0
 40
3.0
  1
5.21
 50
90.0
 41
0.8
  7
HZ
 72
     1
 11
394988.199106014
 21
3193277.813820825
 31
0.0
100
AcDbText
 73
     1
  0
LINE
  5
13C5
102
{ACAD_REACTORS
330
14CA
102
}
330
18
100
AcDbEntity
  8
ZDMT5
  6
Continuous
100
AcDbLine
 10
394988.699106014
 20
3193250.313820825
 30
0.0
 11
394988.699106014
 21
3193285.313820825
 31
0.0
  0
TEXT
  5
13C6
102
{ACAD_REACTORS
330
14CA
102
}
330
18
100
AcDbEntity
  8
ZDMT5
  6
Continuous
100
AcDbText
 10
395007.7987185094
 20
3193255.170963682
 30
0.0
 40
3.0
  1
351.2
 50
90.0
 41
0.8
  7
HZ
 72
     1
 11
395008.1987185095
 21
3193260.313820825
 31
0.0
100
AcDbText
 73
     1
  0
TEXT
  5
13C7
102
{ACAD_REACTORS
330
14CA
102
}
330
18
100
AcDbEntity
  8
ZDMT5
  6
Continuous
100
AcDbText
 10
395007.7987185094
 20
3193273.813820825
 30
0.0
 40
3.0
  1
5.32
 50
90.0
 41
0.8
  7
HZ
 72
     1
 11
395008.1987185095
 21
3193277.813820825
 31
0.0
100
AcDbText
 73
     1
  0
LINE
  5
13C8
102
{ACAD_REACTORS
330
14CA
102
}
330
18
100
AcDbEntity
  8
ZDMT5
  6
Continuous
100
AcDbLine
 10
395008.6987185095
 20
3193250.313820825
 30
0.0
 11
395008.6987185095
 21
3193285.313820825
 31
0.0
  0
TEXT
  5
13C9
102
{ACAD_REACTORS
330
14CA
102
}
330
18
100
AcDbEntity
  8
ZDMT5
  6
Continuous
100
AcDbText
 10
395027.804577651
 20
3193255.170963682
 30
0.0
 40
3.0
  1
353.2
 50
90.0
 41
0.8
  7
HZ
 72
     1
 11
395028.204577651
 21
3193260.313820825
 31
0.0
100
AcDbText
 73
     1
  0
TEXT
  5
13CA
102
{ACAD_REACTORS
330
14CA
102
}
330
18
100
AcDbEntity
  8
ZDMT5
  6
Continuous
100
AcDbText
 10
395027.804577651
 20
3193273.756677968
 30
0.0
 40
3.0
  1
5.64
 50
90.0
 41
0.8
  7
HZ
 72
     1
 11
395028.204577651
 21
3193277.813820825
 31
0.0
100
AcDbText
 73
     1
  0
LINE
  5
13CB
102
{ACAD_REACTORS
330
14CA
102
}
330
18
100
AcDbEntity
  8
ZDMT5
  6
Continuous
100
AcDbLine
 10
395028.704577651
 20
3193250.313820825
 30
0.0
 11
395028.704577651
 21
3193285.313820825
 31
0.0
  0
TEXT
  5
13CC
102
{ACAD_REACTORS
330
14CA
102
}
330
18
100
AcDbEntity
  8
ZDMT5
  6
Continuous
100
AcDbText
 10
395047.8041901494
 20
3193255.170963682
 30
0.0
 40
3.0
  1
355.2
 50
90.0
 41
0.8
  7
HZ
 72
     1
 11
395048.2041901494
 21
3193260.313820825
 31
0.0
100
AcDbText
 73
     1
  0
TEXT
  5
13CD
102
{ACAD_REACTORS
330
14CA
102
}
330
18
100
AcDbEntity
  8
ZDMT5
  6
Continuous
100
AcDbText
 10
395047.8041901494
 20
3193273.813820825
 30
0.0
 40
3.0
  1
5.46
 50
90.0
 41
0.8
  7
HZ
 72
     1
 11
395048.2041901494
 21
3193277.813820825
 31
0.0
100
AcDbText
 73
     1
  0
LINE
  5
13CE
102
{ACAD_REACTORS
330
14CA
102
}
330
18
100
AcDbEntity
  8
ZDMT5
  6
Continuous
100
AcDbLine
 10
395048.7041901494
 20
3193250.313820825
 30
0.0
 11
395048.7041901494
 21
3193285.313820825
 31
0.0
  0
TEXT
  5
13CF
102
{ACAD_REACTORS
330
14CA
102
}
330
18
100
AcDbEntity
  8
ZDMT5
  6
Continuous
100
AcDbText
 10
395067.7959934687
 20
3193255.170963682
 30
0.0
 40
3.0
  1
357.2
 50
90.0
 41
0.8
  7
HZ
 72
     1
 11
395068.1959934687
 21
3193260.313820825
 31
0.0
100
AcDbText
 73
     1
  0
TEXT
  5
13D0
102
{ACAD_REACTORS
330
14CA
102
}
330
18
100
AcDbEntity
  8
ZDMT5
  6
Continuous
100
AcDbText
 10
395067.7959934687
 20
3193273.813820825
 30
0.0
 40
3.0
  1
5.17
 50
90.0
 41
0.8
  7
HZ
 72
     1
 11
395068.1959934687
 21
3193277.813820825
 31
0.0
100
AcDbText
 73
     1
  0
LINE
  5
13D1
102
{ACAD_REACTORS
330
14CA
102
}
330
18
100
AcDbEntity
  8
ZDMT5
  6
Continuous
100
AcDbLine
 10
395068.6959934687
 20
3193250.313820825
 30
0.0
 11
395068.6959934687
 21
3193285.313820825
 31
0.0
  0
TEXT
  5
13D2
102
{ACAD_REACTORS
330
14CA
102
}
330
18
100
AcDbEntity
  8
ZDMT5
  6
Continuous
100
AcDbText
 10
395087.7956059637
 20
3193255.170963682
 30
0.0
 40
3.0
  1
359.2
 50
90.0
 41
0.8
  7
HZ
 72
     1
 11
395088.1956059638
 21
3193260.313820825
 31
0.0
100
AcDbText
 73
     1
  0
TEXT
  5
13D3
102
{ACAD_REACTORS
330
14CA
102
}
330
18
100
AcDbEntity
  8
ZDMT5
  6
Continuous
100
AcDbText
 10
395087.7956059637
 20
3193274.156677968
 30
0.0
 40
3.0
  1
5.51
 50
90.0
 41
0.8
  7
HZ
 72
     1
 11
395088.1956059638
 21
3193277.813820825
 31
0.0
100
AcDbText
 73
     1
  0
LINE
  5
13D4
102
{ACAD_REACTORS
330
14CA
102
}
330
18
100
AcDbEntity
  8
ZDMT5
  6
Continuous
100
AcDbLine
 10
395088.6956059638
 20
3193250.313820825
 30
0.0
 11
395088.6956059638
 21
3193285.313820825
 31
0.0
  0
TEXT
  5
13D5
102
{ACAD_REACTORS
330
14CA
102
}
330
18
100
AcDbEntity
  8
ZDMT5
  6
Continuous
100
AcDbText
 10
395107.8014651057
 20
3193255.170963682
 30
0.0
 40
3.0
  1
361.2
 50
90.0
 41
0.8
  7
HZ
 72
     1
 11
395108.2014651058
 21
3193260.313820825
 31
0.0
100
AcDbText
 73
     1
  0
TEXT
  5
13D6
102
{ACAD_REACTORS
330
14CA
102
}
330
18
100
AcDbEntity
  8
ZDMT5
  6
Continuous
100
AcDbText
 10
395107.8014651057
 20
3193273.756677968
 30
0.0
 40
3.0
  1
6.03
 50
90.0
 41
0.8
  7
HZ
 72
     1
 11
395108.2014651058
 21
3193277.813820825
 31
0.0
100
AcDbText
 73
     1
  0
LINE
  5
13D7
102
{ACAD_REACTORS
330
14CA
102
}
330
18
100
AcDbEntity
  8
ZDMT5
  6
Continuous
100
AcDbLine
 10
395108.7014651058
 20
3193250.313820825
 30
0.0
 11
395108.7014651058
 21
3193285.313820825
 31
0.0
  0
TEXT
  5
13D8
102
{ACAD_REACTORS
330
14CA
102
}
330
18
100
AcDbEntity
  8
ZDMT5
  6
Continuous
100
AcDbText
 10
395127.8010776037
 20
3193255.170963682
 30
0.0
 40
3.0
  1
363.2
 50
90.0
 41
0.8
  7
HZ
 72
     1
 11
395128.2010776037
 21
3193260.313820825
 31
0.0
100
AcDbText
 73
     1
  0
TEXT
  5
13D9
102
{ACAD_REACTORS
330
14CA
102
}
330
18
100
AcDbEntity
  8
ZDMT5
  6
Continuous
100
AcDbText
 10
395127.8010776037
 20
3193273.756677968
 30
0.0
 40
3.0
  1
6.55
 50
90.0
 41
0.8
  7
HZ
 72
     1
 11
395128.2010776037
 21
3193277.813820825
 31
0.0
100
AcDbText
 73
     1
  0
LINE
  5
13DA
102
{ACAD_REACTORS
330
14CA
102
}
330
18
100
AcDbEntity
  8
ZDMT5
  6
Continuous
100
AcDbLine
 10
395128.7010776037
 20
3193250.313820825
 30
0.0
 11
395128.7010776037
 21
3193285.313820825
 31
0.0
  0
TEXT
  5
13DB
102
{ACAD_REACTORS
330
14CA
102
}
330
18
100
AcDbEntity
  8
ZDMT5
  6
Continuous
100
AcDbText
 10
395147.8006900987
 20
3193255.170963682
 30
0.0
 40
3.0
  1
365.2
 50
90.0
 41
0.8
  7
HZ
 72
     1
 11
395148.2006900987
 21
3193260.313820825
 31
0.0
100
AcDbText
 73
     1
  0
TEXT
  5
13DC
102
{ACAD_REACTORS
330
14CA
102
}
330
18
100
AcDbEntity
  8
ZDMT5
  6
Continuous
100
AcDbText
 10
395147.8006900987
 20
3193273.756677968
 30
0.0
 40
3.0
  1
6.98
 50
90.0
 41
0.8
  7
HZ
 72
     1
 11
395148.2006900987
 21
3193277.813820825
 31
0.0
100
AcDbText
 73
     1
  0
LINE
  5
13DD
102
{ACAD_REACTORS
330
14CA
102
}
330
18
100
AcDbEntity
  8
ZDMT5
  6
Continuous
100
AcDbLine
 10
395148.7006900987
 20
3193250.313820825
 30
0.0
 11
395148.7006900987
 21
3193285.313820825
 31
0.0
  0
TEXT
  5
13DE
102
{ACAD_REACTORS
330
14CA
102
}
330
18
100
AcDbEntity
  8
ZDMT5
  6
Continuous
100
AcDbText
 10
395167.8003025942
 20
3193255.170963682
 30
0.0
 40
3.0
  1
367.2
 50
90.0
 41
0.8
  7
HZ
 72
     1
 11
395168.2003025942
 21
3193260.313820825
 31
0.0
100
AcDbText
 73
     1
  0
TEXT
  5
13DF
102
{ACAD_REACTORS
330
14CA
102
}
330
18
100
AcDbEntity
  8
ZDMT5
  6
Continuous
100
AcDbText
 10
395167.8003025942
 20
3193273.756677968
 30
0.0
 40
3.0
  1
7.44
 50
90.0
 41
0.8
  7
HZ
 72
     1
 11
395168.2003025942
 21
3193277.813820825
 31
0.0
100
AcDbText
 73
     1
  0
LINE
  5
13E0
102
{ACAD_REACTORS
330
14CA
102
}
330
18
100
AcDbEntity
  8
ZDMT5
  6
Continuous
100
AcDbLine
 10
395168.7003025942
 20
3193250.313820825
 30
0.0
 11
395168.7003025942
 21
3193285.313820825
 31
0.0
  0
TEXT
  5
13E1
102
{ACAD_REACTORS
330
14CA
102
}
330
18
100
AcDbEntity
  8
ZDMT5
  6
Continuous
100
AcDbText
 10
395187.8061617358
 20
3193255.170963682
 30
0.0
 40
3.0
  1
369.2
 50
90.0
 41
0.8
  7
HZ
 72
     1
 11
395188.2061617358
 21
3193260.313820825
 31
0.0
100
AcDbText
 73
     1
  0
TEXT
  5
13E2
102
{ACAD_REACTORS
330
14CA
102
}
330
18
100
AcDbEntity
  8
ZDMT5
  6
Continuous
100
AcDbText
 10
395187.8061617358
 20
3193273.756677968
 30
0.0
 40
3.0
  1
7.94
 50
90.0
 41
0.8
  7
HZ
 72
     1
 11
395188.2061617358
 21
3193277.813820825
 31
0.0
100
AcDbText
 73
     1
  0
LINE
  5
13E3
102
{ACAD_REACTORS
330
14CA
102
}
330
18
100
AcDbEntity
  8
ZDMT5
  6
Continuous
100
AcDbLine
 10
395188.7061617358
 20
3193250.313820825
 30
0.0
 11
395188.7061617358
 21
3193285.313820825
 31
0.0
  0
TEXT
  5
13E4
102
{ACAD_REACTORS
330
14CA
102
}
330
18
100
AcDbEntity
  8
ZDMT5
  6
Continuous
100
AcDbText
 10
395207.7979650584
 20
3193255.170963682
 30
0.0
 40
3.0
  1
371.2
 50
90.0
 41
0.8
  7
HZ
 72
     1
 11
395208.1979650584
 21
3193260.313820825
 31
0.0
100
AcDbText
 73
     1
  0
TEXT
  5
13E5
102
{ACAD_REACTORS
330
14CA
102
}
330
18
100
AcDbEntity
  8
ZDMT5
  6
Continuous
100
AcDbText
 10
395207.7979650584
 20
3193273.813820825
 30
0.0
 40
3.0
  1
8.28
 50
90.0
 41
0.8
  7
HZ
 72
     1
 11
395208.1979650584
 21
3193277.813820825
 31
0.0
100
AcDbText
 73
     1
  0
LINE
  5
13E6
102
{ACAD_REACTORS
330
14CA
102
}
330
18
100
AcDbEntity
  8
ZDMT5
  6
Continuous
100
AcDbLine
 10
395208.6979650584
 20
3193250.313820825
 30
0.0
 11
395208.6979650584
 21
3193285.313820825
 31
0.0
  0
TEXT
  5
13E7
102
{ACAD_REACTORS
330
14CA
102
}
330
18
100
AcDbEntity
  8
ZDMT5
  6
Continuous
100
AcDbText
 10
395227.7975775534
 20
3193255.170963682
 30
0.0
 40
3.0
  1
373.2
 50
90.0
 41
0.8
  7
HZ
 72
     1
 11
395228.1975775535
 21
3193260.313820825
 31
0.0
100
AcDbText
 73
     1
  0
TEXT
  5
13E8
102
{ACAD_REACTORS
330
14CA
102
}
330
18
100
AcDbEntity
  8
ZDMT5
  6
Continuous
100
AcDbText
 10
395227.7975775534
 20
3193273.813820825
 30
0.0
 40
3.0
  1
8.75
 50
90.0
 41
0.8
  7
HZ
 72
     1
 11
395228.1975775535
 21
3193277.813820825
 31
0.0
100
AcDbText
 73
     1
  0
LINE
  5
13E9
102
{ACAD_REACTORS
330
14CA
102
}
330
18
100
AcDbEntity
  8
ZDMT5
  6
Continuous
100
AcDbLine
 10
395228.6975775535
 20
3193250.313820825
 30
0.0
 11
395228.6975775535
 21
3193285.313820825
 31
0.0
  0
TEXT
  5
13EA
102
{ACAD_REACTORS
330
14CA
102
}
330
18
100
AcDbEntity
  8
ZDMT5
  6
Continuous
100
AcDbText
 10
395247.7971900514
 20
3193255.170963682
 30
0.0
 40
3.0
  1
375.2
 50
90.0
 41
0.8
  7
HZ
 72
     1
 11
395248.1971900514
 21
3193260.313820825
 31
0.0
100
AcDbText
 73
     1
  0
TEXT
  5
13EB
102
{ACAD_REACTORS
330
14CA
102
}
330
18
100
AcDbEntity
  8
ZDMT5
  6
Continuous
100
AcDbText
 10
395247.7971900514
 20
3193273.813820825
 30
0.0
 40
3.0
  1
9.23
 50
90.0
 41
0.8
  7
HZ
 72
     1
 11
395248.1971900514
 21
3193277.813820825
 31
0.0
100
AcDbText
 73
     1
  0
LINE
  5
13EC
102
{ACAD_REACTORS
330
14CA
102
}
330
18
100
AcDbEntity
  8
ZDMT5
  6
Continuous
100
AcDbLine
 10
395248.6971900514
 20
3193250.313820825
 30
0.0
 11
395248.6971900514
 21
3193285.313820825
 31
0.0
  0
TEXT
  5
13ED
102
{ACAD_REACTORS
330
14CA
102
}
330
18
100
AcDbEntity
  8
ZDMT5
  6
Continuous
100
AcDbText
 10
395267.8030491934
 20
3193255.170963682
 30
0.0
 40
3.0
  1
377.2
 50
90.0
 41
0.8
  7
HZ
 72
     1
 11
395268.2030491934
 21
3193260.313820825
 31
0.0
100
AcDbText
 73
     1
  0
TEXT
  5
13EE
102
{ACAD_REACTORS
330
14CA
102
}
330
18
100
AcDbEntity
  8
ZDMT5
  6
Continuous
100
AcDbText
 10
395267.8030491934
 20
3193273.813820825
 30
0.0
 40
3.0
  1
9.72
 50
90.0
 41
0.8
  7
HZ
 72
     1
 11
395268.2030491934
 21
3193277.813820825
 31
0.0
100
AcDbText
 73
     1
  0
LINE
  5
13EF
102
{ACAD_REACTORS
330
14CA
102
}
330
18
100
AcDbEntity
  8
ZDMT5
  6
Continuous
100
AcDbLine
 10
395268.7030491934
 20
3193250.313820825
 30
0.0
 11
395268.7030491934
 21
3193285.313820825
 31
0.0
  0
TEXT
  5
13F0
102
{ACAD_REACTORS
330
14CA
102
}
330
18
100
AcDbEntity
  8
ZDMT5
  6
Continuous
100
AcDbText
 10
395287.8026616884
 20
3193255.170963682
 30
0.0
 40
3.0
  1
379.2
 50
90.0
 41
0.8
  7
HZ
 72
     1
 11
395288.2026616884
 21
3193260.313820825
 31
0.0
100
AcDbText
 73
     1
  0
TEXT
  5
13F1
102
{ACAD_REACTORS
330
14CA
102
}
330
18
100
AcDbEntity
  8
ZDMT5
  6
Continuous
100
AcDbText
 10
395287.8026616884
 20
3193272.499535111
 30
0.0
 40
3.0
  1
10.22
 50
90.0
 41
0.8
  7
HZ
 72
     1
 11
395288.2026616884
 21
3193277.813820825
 31
0.0
100
AcDbText
 73
     1
  0
LINE
  5
13F2
102
{ACAD_REACTORS
330
14CA
102
}
330
18
100
AcDbEntity
  8
ZDMT5
  6
Continuous
100
AcDbLine
 10
395288.7026616884
 20
3193250.313820825
 30
0.0
 11
395288.7026616884
 21
3193285.313820825
 31
0.0
  0
TEXT
  5
13F3
102
{ACAD_REACTORS
330
14CA
102
}
330
18
100
AcDbEntity
  8
ZDMT5
  6
Continuous
100
AcDbText
 10
395307.802274184
 20
3193255.170963682
 30
0.0
 40
3.0
  1
381.2
 50
90.0
 41
0.8
  7
HZ
 72
     1
 11
395308.202274184
 21
3193260.313820825
 31
0.0
100
AcDbText
 73
     1
  0
TEXT
  5
13F4
102
{ACAD_REACTORS
330
14CA
102
}
330
18
100
AcDbEntity
  8
ZDMT5
  6
Continuous
100
AcDbText
 10
395307.802274184
 20
3193272.442392253
 30
0.0
 40
3.0
  1
10.74
 50
90.0
 41
0.8
  7
HZ
 72
     1
 11
395308.202274184
 21
3193277.813820825
 31
0.0
100
AcDbText
 73
     1
  0
LINE
  5
13F5
102
{ACAD_REACTORS
330
14CA
102
}
330
18
100
AcDbEntity
  8
ZDMT5
  6
Continuous
100
AcDbLine
 10
395308.702274184
 20
3193250.313820825
 30
0.0
 11
395308.702274184
 21
3193285.313820825
 31
0.0
  0
TEXT
  5
13F6
102
{ACAD_REACTORS
330
14CA
102
}
330
18
100
AcDbEntity
  8
ZDMT5
  6
Continuous
100
AcDbText
 10
395327.7940775061
 20
3193255.170963682
 30
0.0
 40
3.0
  1
383.2
 50
90.0
 41
0.8
  7
HZ
 72
     1
 11
395328.1940775061
 21
3193260.313820825
 31
0.0
100
AcDbText
 73
     1
  0
TEXT
  5
13F7
102
{ACAD_REACTORS
330
14CA
102
}
330
18
100
AcDbEntity
  8
ZDMT5
  6
Continuous
100
AcDbText
 10
395327.7940775061
 20
3193272.499535111
 30
0.0
 40
3.0
  1
11.30
 50
90.0
 41
0.8
  7
HZ
 72
     1
 11
395328.1940775061
 21
3193277.813820825
 31
0.0
100
AcDbText
 73
     1
  0
LINE
  5
13F8
102
{ACAD_REACTORS
330
14CA
102
}
330
18
100
AcDbEntity
  8
ZDMT5
  6
Continuous
100
AcDbLine
 10
395328.6940775061
 20
3193250.313820825
 30
0.0
 11
395328.6940775061
 21
3193285.313820825
 31
0.0
  0
TEXT
  5
13F9
102
{ACAD_REACTORS
330
14CA
102
}
330
18
100
AcDbEntity
  8
ZDMT5
  6
Continuous
100
AcDbText
 10
395347.7999366476
 20
3193255.170963682
 30
0.0
 40
3.0
  1
385.2
 50
90.0
 41
0.8
  7
HZ
 72
     1
 11
395348.1999366477
 21
3193260.313820825
 31
0.0
100
AcDbText
 73
     1
  0
TEXT
  5
13FA
102
{ACAD_REACTORS
330
14CA
102
}
330
18
100
AcDbEntity
  8
ZDMT5
  6
Continuous
100
AcDbText
 10
395347.7999366476
 20
3193272.499535111
 30
0.0
 40
3.0
  1
11.83
 50
90.0
 41
0.8
  7
HZ
 72
     1
 11
395348.1999366477
 21
3193277.813820825
 31
0.0
100
AcDbText
 73
     1
  0
LINE
  5
13FB
102
{ACAD_REACTORS
330
14CA
102
}
330
18
100
AcDbEntity
  8
ZDMT5
  6
Continuous
100
AcDbLine
 10
395348.6999366477
 20
3193250.313820825
 30
0.0
 11
395348.6999366477
 21
3193285.313820825
 31
0.0
  0
TEXT
  5
13FC
102
{ACAD_REACTORS
330
14CA
102
}
330
18
100
AcDbEntity
  8
ZDMT5
  6
Continuous
100
AcDbText
 10
395367.7995491431
 20
3193255.170963682
 30
0.0
 40
3.0
  1
387.2
 50
90.0
 41
0.8
  7
HZ
 72
     1
 11
395368.1995491431
 21
3193260.313820825
 31
0.0
100
AcDbText
 73
     1
  0
TEXT
  5
13FD
102
{ACAD_REACTORS
330
14CA
102
}
330
18
100
AcDbEntity
  8
ZDMT5
  6
Continuous
100
AcDbText
 10
395367.7995491431
 20
3193272.442392253
 30
0.0
 40
3.0
  1
12.34
 50
90.0
 41
0.8
  7
HZ
 72
     1
 11
395368.1995491431
 21
3193277.813820825
 31
0.0
100
AcDbText
 73
     1
  0
LINE
  5
13FE
102
{ACAD_REACTORS
330
14CA
102
}
330
18
100
AcDbEntity
  8
ZDMT5
  6
Continuous
100
AcDbLine
 10
395368.6995491431
 20
3193250.313820825
 30
0.0
 11
395368.6995491431
 21
3193285.313820825
 31
0.0
  0
TEXT
  5
13FF
102
{ACAD_REACTORS
330
14CA
102
}
330
18
100
AcDbEntity
  8
ZDMT5
  6
Continuous
100
AcDbText
 10
395476.0091203304
 20
3193255.513820825
 30
0.0
 40
3.0
  1
398.1
 50
90.0
 41
0.8
  7
HZ
 72
     1
 11
395476.4091203305
 21
3193260.313820825
 31
0.0
100
AcDbText
 73
     1
  0
TEXT
  5
1400
102
{ACAD_REACTORS
330
14CA
102
}
330
18
100
AcDbEntity
  8
ZDMT5
  6
Continuous
100
AcDbText
 10
395476.0091203304
 20
3193272.556677968
 30
0.0
 40
3.0
  1
11.69
 50
90.0
 41
0.8
  7
HZ
 72
     1
 11
395476.4091203305
 21
3193277.813820825
 31
0.0
100
AcDbText
 73
     1
  0
LINE
  5
1401
102
{ACAD_REACTORS
330
14CA
102
}
330
18
100
AcDbEntity
  8
ZDMT5
  6
Continuous
100
AcDbLine
 10
395476.9091203305
 20
3193250.313820825
 30
0.0
 11
395476.9091203305
 21
3193285.313820825
 31
0.0
  0
TEXT
  5
1402
102
{ACAD_REACTORS
330
14CA
102
}
330
18
100
AcDbEntity
  8
ZDMT5
  6
Continuous
100
AcDbText
 10
395620.3748349403
 20
3193255.170963682
 30
0.0
 40
3.0
  1
412.5
 50
90.0
 41
0.8
  7
HZ
 72
     1
 11
395620.7748349403
 21
3193260.313820825
 31
0.0
100
AcDbText
 73
     1
  0
TEXT
  5
1403
102
{ACAD_REACTORS
330
14CA
102
}
330
18
100
AcDbEntity
  8
ZDMT5
  6
Continuous
100
AcDbText
 10
395620.3748349403
 20
3193272.499535111
 30
0.0
 40
3.0
  1
12.02
 50
90.0
 41
0.8
  7
HZ
 72
     1
 11
395620.7748349403
 21
3193277.813820825
 31
0.0
100
AcDbText
 73
     1
  0
LINE
  5
1404
102
{ACAD_REACTORS
330
14CA
102
}
330
18
100
AcDbEntity
  8
ZDMT5
  6
Continuous
100
AcDbLine
 10
395621.2748349403
 20
3193250.313820825
 30
0.0
 11
395621.2748349403
 21
3193285.313820825
 31
0.0
  0
TEXT
  5
1405
102
{ACAD_REACTORS
330
14CA
102
}
330
18
100
AcDbEntity
  8
ZDMT5
  6
Continuous
100
AcDbText
 10
395773.8075796246
 20
3193255.170963682
 30
0.0
 40
3.0
  1
427.8
 50
90.0
 41
0.8
  7
HZ
 72
     1
 11
395774.2075796246
 21
3193260.313820825
 31
0.0
100
AcDbText
 73
     1
  0
TEXT
  5
1406
102
{ACAD_REACTORS
330
14CA
102
}
330
18
100
AcDbEntity
  8
ZDMT5
  6
Continuous
100
AcDbText
 10
395773.8075796246
 20
3193272.499535111
 30
0.0
 40
3.0
  1
15.60
 50
90.0
 41
0.8
  7
HZ
 72
     1
 11
395774.2075796246
 21
3193277.813820825
 31
0.0
100
AcDbText
 73
     1
  0
LINE
  5
1407
102
{ACAD_REACTORS
330
14CA
102
}
330
18
100
AcDbEntity
  8
ZDMT5
  6
Continuous
100
AcDbLine
 10
395774.7075796246
 20
3193250.313820825
 30
0.0
 11
395774.7075796246
 21
3193285.313820825
 31
0.0
  0
TEXT
  5
1408
102
{ACAD_REACTORS
330
14CA
102
}
330
18
100
AcDbEntity
  8
ZDMT5
  6
Continuous
100
AcDbText
 10
395999.3776666818
 20
3193255.113820825
 30
0.0
 40
3.0
  1
450.4
 50
90.0
 41
0.8
  7
HZ
 72
     1
 11
395999.7776666818
 21
3193260.313820825
 31
0.0
100
AcDbText
 73
     1
  0
TEXT
  5
1409
102
{ACAD_REACTORS
330
14CA
102
}
330
18
100
AcDbEntity
  8
ZDMT5
  6
Continuous
100
AcDbText
 10
395999.3776666818
 20
3193272.556677968
 30
0.0
 40
3.0
  1
16.59
 50
90.0
 41
0.8
  7
HZ
 72
     1
 11
395999.7776666818
 21
3193277.813820825
 31
0.0
100
AcDbText
 73
     1
  0
LINE
  5
140A
102
{ACAD_REACTORS
330
14CA
102
}
330
18
100
AcDbEntity
  8
ZDMT5
  6
Continuous
100
AcDbLine
 10
396000.2776666818
 20
3193250.313820825
 30
0.0
 11
396000.2776666818
 21
3193285.313820825
 31
0.0
  0
TEXT
  5
140B
102
{ACAD_REACTORS
330
14CA
102
}
330
18
100
AcDbEntity
  8
ZDMT5
  6
Continuous
100
AcDbText
 10
396223.7774388515
 20
3193255.170963682
 30
0.0
 40
3.0
  1
472.8
 50
90.0
 41
0.8
  7
HZ
 72
     1
 11
396224.1774388515
 21
3193260.313820825
 31
0.0
100
AcDbText
 73
     1
  0
TEXT
  5
140C
102
{ACAD_REACTORS
330
14CA
102
}
330
18
100
AcDbEntity
  8
ZDMT5
  6
Continuous
100
AcDbText
 10
396223.7774388515
 20
3193272.442392253
 30
0.0
 40
3.0
  1
16.64
 50
90.0
 41
0.8
  7
HZ
 72
     1
 11
396224.1774388515
 21
3193277.813820825
 31
0.0
100
AcDbText
 73
     1
  0
LINE
  5
140D
102
{ACAD_REACTORS
330
14CA
102
}
330
18
100
AcDbEntity
  8
ZDMT5
  6
Continuous
100
AcDbLine
 10
396224.6774388515
 20
3193250.313820825
 30
0.0
 11
396224.6774388515
 21
3193285.313820825
 31
0.0
  0
TEXT
  5
140E
102
{ACAD_REACTORS
330
14CA
102
}
330
18
100
AcDbEntity
  8
ZDMT5
  6
Continuous
100
AcDbText
 10
396395.925258132
 20
3193255.513820825
 30
0.0
 40
3.0
  1
490.1
 50
90.0
 41
0.8
  7
HZ
 72
     1
 11
396396.3252581321
 21
3193260.313820825
 31
0.0
100
AcDbText
 73
     1
  0
TEXT
  5
140F
102
{ACAD_REACTORS
330
14CA
102
}
330
18
100
AcDbEntity
  8
ZDMT5
  6
Continuous
100
AcDbText
 10
396395.925258132
 20
3193272.499535111
 30
0.0
 40
3.0
  1
19.92
 50
90.0
 41
0.8
  7
HZ
 72
     1
 11
396396.3252581321
 21
3193277.813820825
 31
0.0
100
AcDbText
 73
     1
  0
LINE
  5
1410
102
{ACAD_REACTORS
330
14CA
102
}
330
18
100
AcDbEntity
  8
ZDMT5
  6
Continuous
100
AcDbLine
 10
396396.8252581321
 20
3193250.313820825
 30
0.0
 11
396396.8252581321
 21
3193285.313820825
 31
0.0
  0
TEXT
  5
1411
102
{ACAD_REACTORS
330
14CA
102
}
330
18
100
AcDbEntity
  8
ZDMT5
  6
Continuous
100
AcDbText
 10
396493.2462002506
 20
3193255.170963682
 30
0.0
 40
3.0
  1
499.8
 50
90.0
 41
0.8
  7
HZ
 72
     1
 11
396493.6462002506
 21
3193260.313820825
 31
0.0
100
AcDbText
 73
     1
  0
TEXT
  5
1412
102
{ACAD_REACTORS
330
14CA
102
}
330
18
100
AcDbEntity
  8
ZDMT5
  6
Continuous
100
AcDbText
 10
396493.2462002506
 20
3193272.670963682
 30
0.0
 40
3.0
  1
23.30
 50
90.0
 41
0.8
  7
HZ
 72
     1
 11
396493.6462002506
 21
3193277.813820825
 31
0.0
100
AcDbText
 73
     1
  0
LINE
  5
1413
102
{ACAD_REACTORS
330
14CA
102
}
330
18
100
AcDbEntity
  8
ZDMT5
  6
Continuous
100
AcDbLine
 10
396494.1462002506
 20
3193250.313820825
 30
0.0
 11
396494.1462002506
 21
3193285.313820825
 31
0.0
  0
TEXT
  5
1414
102
{ACAD_REACTORS
330
14CA
102
}
330
18
100
AcDbEntity
  8
ZDMT5
  6
Continuous
100
AcDbText
 10
396600.6864267446
 20
3193255.170963682
 30
0.0
 40
3.0
  1
510.5
 50
90.0
 41
0.8
  7
HZ
 72
     1
 11
396601.0864267446
 21
3193260.313820825
 31
0.0
100
AcDbText
 73
     1
  0
TEXT
  5
1415
102
{ACAD_REACTORS
330
14CA
102
}
330
18
100
AcDbEntity
  8
ZDMT5
  6
Continuous
100
AcDbText
 10
396600.6864267446
 20
3193272.670963682
 30
0.0
 40
3.0
  1
23.30
 50
90.0
 41
0.8
  7
HZ
 72
     1
 11
396601.0864267446
 21
3193277.813820825
 31
0.0
100
AcDbText
 73
     1
  0
LINE
  5
1416
102
{ACAD_REACTORS
330
14CA
102
}
330
18
100
AcDbEntity
  8
ZDMT5
  6
Continuous
100
AcDbLine
 10
396601.5864267446
 20
3193250.313820825
 30
0.0
 11
396601.5864267446
 21
3193285.313820825
 31
0.0
  0
TEXT
  5
1417
102
{ACAD_REACTORS
330
14CA
102
}
330
18
100
AcDbEntity
  8
ZDMT5
  6
Continuous
100
AcDbText
 10
396640.2582189114
 20
3193255.170963682
 30
0.0
 40
3.0
  1
514.5
 50
90.0
 41
0.8
  7
HZ
 72
     1
 11
396640.6582189114
 21
3193260.313820825
 31
0.0
100
AcDbText
 73
     1
  0
TEXT
  5
1418
102
{ACAD_REACTORS
330
14CA
102
}
330
18
100
AcDbEntity
  8
ZDMT5
  6
Continuous
100
AcDbText
 10
396640.2582189114
 20
3193272.442392253
 30
0.0
 40
3.0
  1
19.84
 50
90.0
 41
0.8
  7
HZ
 72
     1
 11
396640.6582189114
 21
3193277.813820825
 31
0.0
100
AcDbText
 73
     1
  0
LINE
  5
1419
102
{ACAD_REACTORS
330
14CA
102
}
330
18
100
AcDbEntity
  8
ZDMT5
  6
Continuous
100
AcDbLine
 10
396641.1582189114
 20
3193250.313820825
 30
0.0
 11
396641.1582189114
 21
3193285.313820825
 31
0.0
  0
TEXT
  5
141A
102
{ACAD_REACTORS
330
14CA
102
}
330
18
100
AcDbEntity
  8
ZDMT5
  6
Continuous
100
AcDbText
 10
396811.7668080139
 20
3193255.170963682
 30
0.0
 40
3.0
  1
531.6
 50
90.0
 41
0.8
  7
HZ
 72
     1
 11
396812.1668080139
 21
3193260.313820825
 31
0.0
100
AcDbText
 73
     1
  0
TEXT
  5
141B
102
{ACAD_REACTORS
330
14CA
102
}
330
18
100
AcDbEntity
  8
ZDMT5
  6
Continuous
100
AcDbText
 10
396811.7668080139
 20
3193272.556677968
 30
0.0
 40
3.0
  1
19.29
 50
90.0
 41
0.8
  7
HZ
 72
     1
 11
396812.1668080139
 21
3193277.813820825
 31
0.0
100
AcDbText
 73
     1
  0
LINE
  5
141C
102
{ACAD_REACTORS
330
14CA
102
}
330
18
100
AcDbEntity
  8
ZDMT5
  6
Continuous
100
AcDbLine
 10
396812.6668080139
 20
3193250.313820825
 30
0.0
 11
396812.6668080139
 21
3193285.313820825
 31
0.0
  0
LINE
  5
141D
102
{ACAD_REACTORS
330
14CA
102
}
330
18
100
AcDbEntity
  8
ZDMT5
  6
X4
100
AcDbLine
 10
391496.2307640212
 20
3193285.313820825
 30
0.0
 11
391496.2307640212
 21
3193615.113820825
 31
0.0
  0
LINE
  5
141E
102
{ACAD_REACTORS
330
14CA
102
}
330
18
100
AcDbEntity
  8
ZDMT5
  6
X4
100
AcDbLine
 10
391665.4326706714
 20
3193285.313820825
 30
0.0
 11
391665.4326706714
 21
3193615.513820825
 31
0.0
  0
LINE
  5
141F
102
{ACAD_REACTORS
330
14CA
102
}
330
18
100
AcDbEntity
  8
ZDMT5
  6
X4
100
AcDbLine
 10
391780.8707269478
 20
3193285.313820825
 30
0.0
 11
391780.8707269478
 21
3193514.313820825
 31
0.0
  0
LINE
  5
1420
102
{ACAD_REACTORS
330
14CA
102
}
330
18
100
AcDbEntity
  8
ZDMT5
  6
X4
100
AcDbLine
 10
392077.3704831786
 20
3193285.313820825
 30
0.0
 11
392077.3704831786
 21
3193499.313820825
 31
0.0
  0
LINE
  5
1421
102
{ACAD_REACTORS
330
14CA
102
}
330
18
100
AcDbEntity
  8
ZDMT5
  6
X4
100
AcDbLine
 10
392256.77820713
 20
3193285.313820825
 30
0.0
 11
392256.77820713
 21
3193447.313820825
 31
0.0
  0
LINE
  5
1422
102
{ACAD_REACTORS
330
14CA
102
}
330
18
100
AcDbEntity
  8
ZDMT5
  6
X4
100
AcDbLine
 10
392368.7014659953
 20
3193285.313820825
 30
0.0
 11
392368.7014659953
 21
3193430.913820825
 31
0.0
  0
LINE
  5
1423
102
{ACAD_REACTORS
330
14CA
102
}
330
18
100
AcDbEntity
  8
ZDMT5
  6
X4
100
AcDbLine
 10
392388.7010784904
 20
3193285.313820825
 30
0.0
 11
392388.7010784904
 21
3193423.813820825
 31
0.0
  0
LINE
  5
1424
102
{ACAD_REACTORS
330
14CA
102
}
330
18
100
AcDbEntity
  8
ZDMT5
  6
X4
100
AcDbLine
 10
392408.6991308954
 20
3193285.313820825
 30
0.0
 11
392408.6991308954
 21
3193419.013820825
 31
0.0
  0
LINE
  5
1425
102
{ACAD_REACTORS
330
14CA
102
}
330
18
100
AcDbEntity
  8
ZDMT5
  6
X4
100
AcDbLine
 10
392428.6987433938
 20
3193285.313820825
 30
0.0
 11
392428.6987433938
 21
3193416.513820825
 31
0.0
  0
LINE
  5
1426
102
{ACAD_REACTORS
330
14CA
102
}
330
18
100
AcDbEntity
  8
ZDMT5
  6
X4
100
AcDbLine
 10
392448.6983558889
 20
3193285.313820825
 30
0.0
 11
392448.6983558889
 21
3193413.113820825
 31
0.0
  0
LINE
  5
1427
102
{ACAD_REACTORS
330
14CA
102
}
330
18
100
AcDbEntity
  8
ZDMT5
  6
X4
100
AcDbLine
 10
392468.6979683844
 20
3193285.313820825
 30
0.0
 11
392468.6979683844
 21
3193409.613820825
 31
0.0
  0
LINE
  5
1428
102
{ACAD_REACTORS
330
14CA
102
}
330
18
100
AcDbEntity
  8
ZDMT5
  6
X4
100
AcDbLine
 10
392488.703827526
 20
3193285.313820825
 30
0.0
 11
392488.703827526
 21
3193407.913820825
 31
0.0
  0
LINE
  5
1429
102
{ACAD_REACTORS
330
14CA
102
}
330
18
100
AcDbEntity
  8
ZDMT5
  6
X4
100
AcDbLine
 10
392508.7034400239
 20
3193285.313820825
 30
0.0
 11
392508.7034400239
 21
3193406.613820825
 31
0.0
  0
LINE
  5
142A
102
{ACAD_REACTORS
330
14CA
102
}
330
18
100
AcDbEntity
  8
ZDMT5
  6
X4
100
AcDbLine
 10
392528.7030525194
 20
3193285.313820825
 30
0.0
 11
392528.7030525194
 21
3193403.713820825
 31
0.0
  0
LINE
  5
142B
102
{ACAD_REACTORS
330
14CA
102
}
330
18
100
AcDbEntity
  8
ZDMT5
  6
X4
100
AcDbLine
 10
392548.6948558386
 20
3193285.313820825
 30
0.0
 11
392548.6948558386
 21
3193398.413820825
 31
0.0
  0
LINE
  5
142C
102
{ACAD_REACTORS
330
14CA
102
}
330
18
100
AcDbEntity
  8
ZDMT5
  6
X4
100
AcDbLine
 10
392568.7007149807
 20
3193285.313820825
 30
0.0
 11
392568.7007149807
 21
3193395.433820825
 31
0.0
  0
LINE
  5
142D
102
{ACAD_REACTORS
330
14CA
102
}
330
18
100
AcDbEntity
  8
ZDMT5
  6
X4
100
AcDbLine
 10
392588.7003274786
 20
3193285.313820825
 30
0.0
 11
392588.7003274786
 21
3193394.143820825
 31
0.0
  0
LINE
  5
142E
102
{ACAD_REACTORS
330
14CA
102
}
330
18
100
AcDbEntity
  8
ZDMT5
  6
X4
100
AcDbLine
 10
392608.6999399737
 20
3193285.313820825
 30
0.0
 11
392608.6999399737
 21
3193389.253820825
 31
0.0
  0
LINE
  5
142F
102
{ACAD_REACTORS
330
14CA
102
}
330
18
100
AcDbEntity
  8
ZDMT5
  6
X4
100
AcDbLine
 10
392628.6995524691
 20
3193285.313820825
 30
0.0
 11
392628.6995524691
 21
3193384.763820825
 31
0.0
  0
LINE
  5
1430
102
{ACAD_REACTORS
330
14CA
102
}
330
18
100
AcDbEntity
  8
ZDMT5
  6
X4
100
AcDbLine
 10
392648.7054116107
 20
3193285.313820825
 30
0.0
 11
392648.7054116107
 21
3193380.273820825
 31
0.0
  0
LINE
  5
1431
102
{ACAD_REACTORS
330
14CA
102
}
330
18
100
AcDbEntity
  8
ZDMT5
  6
X4
100
AcDbLine
 10
392668.6972149328
 20
3193285.313820825
 30
0.0
 11
392668.6972149328
 21
3193375.783820825
 31
0.0
  0
LINE
  5
1432
102
{ACAD_REACTORS
330
14CA
102
}
330
18
100
AcDbEntity
  8
ZDMT5
  6
X4
100
AcDbLine
 10
392688.6968274284
 20
3193285.313820825
 30
0.0
 11
392688.6968274284
 21
3193373.353820825
 31
0.0
  0
LINE
  5
1433
102
{ACAD_REACTORS
330
14CA
102
}
330
18
100
AcDbEntity
  8
ZDMT5
  6
X4
100
AcDbLine
 10
392708.6964399234
 20
3193285.313820825
 30
0.0
 11
392708.6964399234
 21
3193375.893820825
 31
0.0
  0
LINE
  5
1434
102
{ACAD_REACTORS
330
14CA
102
}
330
18
100
AcDbEntity
  8
ZDMT5
  6
X4
100
AcDbLine
 10
392728.7022990654
 20
3193285.313820825
 30
0.0
 11
392728.7022990654
 21
3193370.313820825
 31
0.0
  0
LINE
  5
1435
102
{ACAD_REACTORS
330
14CA
102
}
330
18
100
AcDbEntity
  8
ZDMT5
  6
X4
100
AcDbLine
 10
392748.7019115633
 20
3193285.313820825
 30
0.0
 11
392748.7019115633
 21
3193360.513820825
 31
0.0
  0
LINE
  5
1436
102
{ACAD_REACTORS
330
14CA
102
}
330
18
100
AcDbEntity
  8
ZDMT5
  6
X4
100
AcDbLine
 10
392768.7015240584
 20
3193285.313820825
 30
0.0
 11
392768.7015240584
 21
3193355.213820825
 31
0.0
  0
LINE
  5
1437
102
{ACAD_REACTORS
330
14CA
102
}
330
18
100
AcDbEntity
  8
ZDMT5
  6
X4
100
AcDbLine
 10
392788.693327381
 20
3193285.313820825
 30
0.0
 11
392788.693327381
 21
3193357.913820825
 31
0.0
  0
LINE
  5
1438
102
{ACAD_REACTORS
330
14CA
102
}
330
18
100
AcDbEntity
  8
ZDMT5
  6
X4
100
AcDbLine
 10
392808.6991865226
 20
3193285.313820825
 30
0.0
 11
392808.6991865226
 21
3193358.573820825
 31
0.0
  0
LINE
  5
1439
102
{ACAD_REACTORS
330
14CA
102
}
330
18
100
AcDbEntity
  8
ZDMT5
  6
X4
100
AcDbLine
 10
392828.6987990176
 20
3193285.313820825
 30
0.0
 11
392828.6987990176
 21
3193354.533820825
 31
0.0
  0
LINE
  5
143A
102
{ACAD_REACTORS
330
14CA
102
}
330
18
100
AcDbEntity
  8
ZDMT5
  6
X4
100
AcDbLine
 10
392848.6984115131
 20
3193285.313820825
 30
0.0
 11
392848.6984115131
 21
3193350.493820825
 31
0.0
  0
LINE
  5
143B
102
{ACAD_REACTORS
330
14CA
102
}
330
18
100
AcDbEntity
  8
ZDMT5
  6
X4
100
AcDbLine
 10
392868.698024011
 20
3193285.313820825
 30
0.0
 11
392868.698024011
 21
3193345.753820825
 31
0.0
  0
LINE
  5
143C
102
{ACAD_REACTORS
330
14CA
102
}
330
18
100
AcDbEntity
  8
ZDMT5
  6
X4
100
AcDbLine
 10
392888.703883153
 20
3193285.313820825
 30
0.0
 11
392888.703883153
 21
3193346.783820825
 31
0.0
  0
LINE
  5
143D
102
{ACAD_REACTORS
330
14CA
102
}
330
18
100
AcDbEntity
  8
ZDMT5
  6
X4
100
AcDbLine
 10
392908.7034956481
 20
3193285.313820825
 30
0.0
 11
392908.7034956481
 21
3193345.463820825
 31
0.0
  0
LINE
  5
143E
102
{ACAD_REACTORS
330
14CA
102
}
330
18
100
AcDbEntity
  8
ZDMT5
  6
X4
100
AcDbLine
 10
392928.6952989674
 20
3193285.313820825
 30
0.0
 11
392928.6952989674
 21
3193345.253820825
 31
0.0
  0
LINE
  5
143F
102
{ACAD_REACTORS
330
14CA
102
}
330
18
100
AcDbEntity
  8
ZDMT5
  6
X4
100
AcDbLine
 10
392948.7011581094
 20
3193285.313820825
 30
0.0
 11
392948.7011581094
 21
3193345.033820825
 31
0.0
  0
LINE
  5
1440
102
{ACAD_REACTORS
330
14CA
102
}
330
18
100
AcDbEntity
  8
ZDMT5
  6
X4
100
AcDbLine
 10
392968.7007706073
 20
3193285.313820825
 30
0.0
 11
392968.7007706073
 21
3193344.823820825
 31
0.0
  0
LINE
  5
1441
102
{ACAD_REACTORS
330
14CA
102
}
330
18
100
AcDbEntity
  8
ZDMT5
  6
X4
100
AcDbLine
 10
392988.7003831028
 20
3193285.313820825
 30
0.0
 11
392988.7003831028
 21
3193344.613820825
 31
0.0
  0
LINE
  5
1442
102
{ACAD_REACTORS
330
14CA
102
}
330
18
100
AcDbEntity
  8
ZDMT5
  6
X4
100
AcDbLine
 10
393008.6999955978
 20
3193285.313820825
 30
0.0
 11
393008.6999955978
 21
3193344.403820825
 31
0.0
  0
LINE
  5
1443
102
{ACAD_REACTORS
330
14CA
102
}
330
18
100
AcDbEntity
  8
ZDMT5
  6
X4
100
AcDbLine
 10
393028.7058547394
 20
3193285.313820825
 30
0.0
 11
393028.7058547394
 21
3193344.193820825
 31
0.0
  0
LINE
  5
1444
102
{ACAD_REACTORS
330
14CA
102
}
330
18
100
AcDbEntity
  8
ZDMT5
  6
X4
100
AcDbLine
 10
393048.697658062
 20
3193285.313820825
 30
0.0
 11
393048.697658062
 21
3193343.983820825
 31
0.0
  0
LINE
  5
1445
102
{ACAD_REACTORS
330
14CA
102
}
330
18
100
AcDbEntity
  8
ZDMT5
  6
X4
100
AcDbLine
 10
393068.6972705571
 20
3193285.313820825
 30
0.0
 11
393068.6972705571
 21
3193343.773820825
 31
0.0
  0
LINE
  5
1446
102
{ACAD_REACTORS
330
14CA
102
}
330
18
100
AcDbEntity
  8
ZDMT5
  6
X4
100
AcDbLine
 10
393088.6968830521
 20
3193285.313820825
 30
0.0
 11
393088.6968830521
 21
3193343.563820825
 31
0.0
  0
LINE
  5
1447
102
{ACAD_REACTORS
330
14CA
102
}
330
18
100
AcDbEntity
  8
ZDMT5
  6
X4
100
AcDbLine
 10
393108.7027421941
 20
3193285.313820825
 30
0.0
 11
393108.7027421941
 21
3193342.273820825
 31
0.0
  0
LINE
  5
1448
102
{ACAD_REACTORS
330
14CA
102
}
330
18
100
AcDbEntity
  8
ZDMT5
  6
X4
100
AcDbLine
 10
393128.702354692
 20
3193285.313820825
 30
0.0
 11
393128.702354692
 21
3193341.823820825
 31
0.0
  0
LINE
  5
1449
102
{ACAD_REACTORS
330
14CA
102
}
330
18
100
AcDbEntity
  8
ZDMT5
  6
X4
100
AcDbLine
 10
393148.7019671876
 20
3193285.313820825
 30
0.0
 11
393148.7019671876
 21
3193341.433820825
 31
0.0
  0
LINE
  5
144A
102
{ACAD_REACTORS
330
14CA
102
}
330
18
100
AcDbEntity
  8
ZDMT5
  6
X4
100
AcDbLine
 10
393168.6937705068
 20
3193285.313820825
 30
0.0
 11
393168.6937705068
 21
3193341.963820825
 31
0.0
  0
LINE
  5
144B
102
{ACAD_REACTORS
330
14CA
102
}
330
18
100
AcDbEntity
  8
ZDMT5
  6
X4
100
AcDbLine
 10
393188.6996296484
 20
3193285.313820825
 30
0.0
 11
393188.6996296484
 21
3193341.693820825
 31
0.0
  0
LINE
  5
144C
102
{ACAD_REACTORS
330
14CA
102
}
330
18
100
AcDbEntity
  8
ZDMT5
  6
X4
100
AcDbLine
 10
393208.6992421467
 20
3193285.313820825
 30
0.0
 11
393208.6992421467
 21
3193341.493820825
 31
0.0
  0
LINE
  5
144D
102
{ACAD_REACTORS
330
14CA
102
}
330
18
100
AcDbEntity
  8
ZDMT5
  6
X4
100
AcDbLine
 10
393228.6988546418
 20
3193285.313820825
 30
0.0
 11
393228.6988546418
 21
3193341.863820825
 31
0.0
  0
LINE
  5
144E
102
{ACAD_REACTORS
330
14CA
102
}
330
18
100
AcDbEntity
  8
ZDMT5
  6
X4
100
AcDbLine
 10
393248.6984671397
 20
3193285.313820825
 30
0.0
 11
393248.6984671397
 21
3193341.873820825
 31
0.0
  0
LINE
  5
144F
102
{ACAD_REACTORS
330
14CA
102
}
330
18
100
AcDbEntity
  8
ZDMT5
  6
X4
100
AcDbLine
 10
393268.7043262818
 20
3193285.313820825
 30
0.0
 11
393268.7043262818
 21
3193341.893820825
 31
0.0
  0
LINE
  5
1450
102
{ACAD_REACTORS
330
14CA
102
}
330
18
100
AcDbEntity
  8
ZDMT5
  6
X4
100
AcDbLine
 10
393288.7039387768
 20
3193285.313820825
 30
0.0
 11
393288.7039387768
 21
3193341.903820825
 31
0.0
  0
LINE
  5
1451
102
{ACAD_REACTORS
330
14CA
102
}
330
18
100
AcDbEntity
  8
ZDMT5
  6
X4
100
AcDbLine
 10
393308.6957420965
 20
3193285.313820825
 30
0.0
 11
393308.6957420965
 21
3193341.913820825
 31
0.0
  0
LINE
  5
1452
102
{ACAD_REACTORS
330
14CA
102
}
330
18
100
AcDbEntity
  8
ZDMT5
  6
X4
100
AcDbLine
 10
393328.6953545944
 20
3193285.313820825
 30
0.0
 11
393328.6953545944
 21
3193341.583820825
 31
0.0
  0
LINE
  5
1453
102
{ACAD_REACTORS
330
14CA
102
}
330
18
100
AcDbEntity
  8
ZDMT5
  6
X4
100
AcDbLine
 10
393348.701213736
 20
3193285.313820825
 30
0.0
 11
393348.701213736
 21
3193341.263820825
 31
0.0
  0
LINE
  5
1454
102
{ACAD_REACTORS
330
14CA
102
}
330
18
100
AcDbEntity
  8
ZDMT5
  6
X4
100
AcDbLine
 10
393368.7008262315
 20
3193285.313820825
 30
0.0
 11
393368.7008262315
 21
3193341.023820825
 31
0.0
  0
LINE
  5
1455
102
{ACAD_REACTORS
330
14CA
102
}
330
18
100
AcDbEntity
  8
ZDMT5
  6
X4
100
AcDbLine
 10
393388.7004387266
 20
3193285.313820825
 30
0.0
 11
393388.7004387266
 21
3193340.783820825
 31
0.0
  0
LINE
  5
1456
102
{ACAD_REACTORS
330
14CA
102
}
330
18
100
AcDbEntity
  8
ZDMT5
  6
X4
100
AcDbLine
 10
393408.7062978686
 20
3193285.313820825
 30
0.0
 11
393408.7062978686
 21
3193340.543820825
 31
0.0
  0
LINE
  5
1457
102
{ACAD_REACTORS
330
14CA
102
}
330
18
100
AcDbEntity
  8
ZDMT5
  6
X4
100
AcDbLine
 10
393428.6981011907
 20
3193285.313820825
 30
0.0
 11
393428.6981011907
 21
3193340.303820825
 31
0.0
  0
LINE
  5
1458
102
{ACAD_REACTORS
330
14CA
102
}
330
18
100
AcDbEntity
  8
ZDMT5
  6
X4
100
AcDbLine
 10
393448.6977136857
 20
3193285.313820825
 30
0.0
 11
393448.6977136857
 21
3193340.063820825
 31
0.0
  0
LINE
  5
1459
102
{ACAD_REACTORS
330
14CA
102
}
330
18
100
AcDbEntity
  8
ZDMT5
  6
X4
100
AcDbLine
 10
393468.6973261812
 20
3193285.313820825
 30
0.0
 11
393468.6973261812
 21
3193339.893820825
 31
0.0
  0
LINE
  5
145A
102
{ACAD_REACTORS
330
14CA
102
}
330
18
100
AcDbEntity
  8
ZDMT5
  6
X4
100
AcDbLine
 10
393488.7031853228
 20
3193285.313820825
 30
0.0
 11
393488.7031853228
 21
3193336.813820825
 31
0.0
  0
LINE
  5
145B
102
{ACAD_REACTORS
330
14CA
102
}
330
18
100
AcDbEntity
  8
ZDMT5
  6
X4
100
AcDbLine
 10
393508.7027978208
 20
3193285.313820825
 30
0.0
 11
393508.7027978208
 21
3193332.713820825
 31
0.0
  0
LINE
  5
145C
102
{ACAD_REACTORS
330
14CA
102
}
330
18
100
AcDbEntity
  8
ZDMT5
  6
X4
100
AcDbLine
 10
393528.7024103163
 20
3193285.313820825
 30
0.0
 11
393528.7024103163
 21
3193326.813820825
 31
0.0
  0
LINE
  5
145D
102
{ACAD_REACTORS
330
14CA
102
}
330
18
100
AcDbEntity
  8
ZDMT5
  6
X4
100
AcDbLine
 10
393548.6942136355
 20
3193285.313820825
 30
0.0
 11
393548.6942136355
 21
3193323.113820825
 31
0.0
  0
LINE
  5
145E
102
{ACAD_REACTORS
330
14CA
102
}
330
18
100
AcDbEntity
  8
ZDMT5
  6
X4
100
AcDbLine
 10
393568.7000727771
 20
3193285.313820825
 30
0.0
 11
393568.7000727771
 21
3193317.223820825
 31
0.0
  0
LINE
  5
145F
102
{ACAD_REACTORS
330
14CA
102
}
330
18
100
AcDbEntity
  8
ZDMT5
  6
X4
100
AcDbLine
 10
393588.6996852755
 20
3193285.313820825
 30
0.0
 11
393588.6996852755
 21
3193319.313820825
 31
0.0
  0
LINE
  5
1460
102
{ACAD_REACTORS
330
14CA
102
}
330
18
100
AcDbEntity
  8
ZDMT5
  6
X4
100
AcDbLine
 10
393608.6992977705
 20
3193285.313820825
 30
0.0
 11
393608.6992977705
 21
3193322.113820825
 31
0.0
  0
LINE
  5
1461
102
{ACAD_REACTORS
330
14CA
102
}
330
18
100
AcDbEntity
  8
ZDMT5
  6
X4
100
AcDbLine
 10
393628.698910266
 20
3193285.313820825
 30
0.0
 11
393628.698910266
 21
3193330.813820825
 31
0.0
  0
LINE
  5
1462
102
{ACAD_REACTORS
330
14CA
102
}
330
18
100
AcDbEntity
  8
ZDMT5
  6
X4
100
AcDbLine
 10
393648.7047694076
 20
3193285.313820825
 30
0.0
 11
393648.7047694076
 21
3193336.513820825
 31
0.0
  0
LINE
  5
1463
102
{ACAD_REACTORS
330
14CA
102
}
330
18
100
AcDbEntity
  8
ZDMT5
  6
X4
100
AcDbLine
 10
393668.7043819055
 20
3193285.313820825
 30
0.0
 11
393668.7043819055
 21
3193338.713820825
 31
0.0
  0
LINE
  5
1464
102
{ACAD_REACTORS
330
14CA
102
}
330
18
100
AcDbEntity
  8
ZDMT5
  6
X4
100
AcDbLine
 10
393688.6961852252
 20
3193285.313820825
 30
0.0
 11
393688.6961852252
 21
3193339.213820825
 31
0.0
  0
LINE
  5
1465
102
{ACAD_REACTORS
330
14CA
102
}
330
18
100
AcDbEntity
  8
ZDMT5
  6
X4
100
AcDbLine
 10
393708.6957977202
 20
3193285.313820825
 30
0.0
 11
393708.6957977202
 21
3193339.413820825
 31
0.0
  0
LINE
  5
1466
102
{ACAD_REACTORS
330
14CA
102
}
330
18
100
AcDbEntity
  8
ZDMT5
  6
X4
100
AcDbLine
 10
393728.7016568623
 20
3193285.313820825
 30
0.0
 11
393728.7016568623
 21
3193344.933820825
 31
0.0
  0
LINE
  5
1467
102
{ACAD_REACTORS
330
14CA
102
}
330
18
100
AcDbEntity
  8
ZDMT5
  6
X4
100
AcDbLine
 10
393748.7012693602
 20
3193285.313820825
 30
0.0
 11
393748.7012693602
 21
3193344.763820825
 31
0.0
  0
LINE
  5
1468
102
{ACAD_REACTORS
330
14CA
102
}
330
18
100
AcDbEntity
  8
ZDMT5
  6
X4
100
AcDbLine
 10
393768.7008818553
 20
3193285.313820825
 30
0.0
 11
393768.7008818553
 21
3193342.593820825
 31
0.0
  0
LINE
  5
1469
102
{ACAD_REACTORS
330
14CA
102
}
330
18
100
AcDbEntity
  8
ZDMT5
  6
X4
100
AcDbLine
 10
393788.7004943537
 20
3193285.313820825
 30
0.0
 11
393788.7004943537
 21
3193342.853820825
 31
0.0
  0
LINE
  5
146A
102
{ACAD_REACTORS
330
14CA
102
}
330
18
100
AcDbEntity
  8
ZDMT5
  6
X4
100
AcDbLine
 10
393808.6985467587
 20
3193285.313820825
 30
0.0
 11
393808.6985467587
 21
3193342.513820825
 31
0.0
  0
LINE
  5
146B
102
{ACAD_REACTORS
330
14CA
102
}
330
18
100
AcDbEntity
  8
ZDMT5
  6
X4
100
AcDbLine
 10
393828.6981592537
 20
3193285.313820825
 30
0.0
 11
393828.6981592537
 21
3193345.993820825
 31
0.0
  0
LINE
  5
146C
102
{ACAD_REACTORS
330
14CA
102
}
330
18
100
AcDbEntity
  8
ZDMT5
  6
X4
100
AcDbLine
 10
393848.6977717493
 20
3193285.313820825
 30
0.0
 11
393848.6977717493
 21
3193339.363820825
 31
0.0
  0
LINE
  5
146D
102
{ACAD_REACTORS
330
14CA
102
}
330
18
100
AcDbEntity
  8
ZDMT5
  6
X4
100
AcDbLine
 10
393868.6973842472
 20
3193285.313820825
 30
0.0
 11
393868.6973842472
 21
3193350.493820825
 31
0.0
  0
LINE
  5
146E
102
{ACAD_REACTORS
330
14CA
102
}
330
18
100
AcDbEntity
  8
ZDMT5
  6
X4
100
AcDbLine
 10
393888.7032433893
 20
3193285.313820825
 30
0.0
 11
393888.7032433893
 21
3193351.433820825
 31
0.0
  0
LINE
  5
146F
102
{ACAD_REACTORS
330
14CA
102
}
330
18
100
AcDbEntity
  8
ZDMT5
  6
X4
100
AcDbLine
 10
393908.7028558843
 20
3193285.313820825
 30
0.0
 11
393908.7028558843
 21
3193351.833820825
 31
0.0
  0
LINE
  5
1470
102
{ACAD_REACTORS
330
14CA
102
}
330
18
100
AcDbEntity
  8
ZDMT5
  6
X4
100
AcDbLine
 10
393928.6946592035
 20
3193285.313820825
 30
0.0
 11
393928.6946592035
 21
3193353.793820825
 31
0.0
  0
LINE
  5
1471
102
{ACAD_REACTORS
330
14CA
102
}
330
18
100
AcDbEntity
  8
ZDMT5
  6
X4
100
AcDbLine
 10
393948.7005183455
 20
3193285.313820825
 30
0.0
 11
393948.7005183455
 21
3193353.083820825
 31
0.0
  0
LINE
  5
1472
102
{ACAD_REACTORS
330
14CA
102
}
330
18
100
AcDbEntity
  8
ZDMT5
  6
X4
100
AcDbLine
 10
393968.7001308435
 20
3193285.313820825
 30
0.0
 11
393968.7001308435
 21
3193351.683820825
 31
0.0
  0
LINE
  5
1473
102
{ACAD_REACTORS
330
14CA
102
}
330
18
100
AcDbEntity
  8
ZDMT5
  6
X4
100
AcDbLine
 10
393988.6997433385
 20
3193285.313820825
 30
0.0
 11
393988.6997433385
 21
3193351.173820825
 31
0.0
  0
LINE
  5
1474
102
{ACAD_REACTORS
330
14CA
102
}
330
18
100
AcDbEntity
  8
ZDMT5
  6
X4
100
AcDbLine
 10
394008.699355834
 20
3193285.313820825
 30
0.0
 11
394008.699355834
 21
3193350.653820825
 31
0.0
  0
LINE
  5
1475
102
{ACAD_REACTORS
330
14CA
102
}
330
18
100
AcDbEntity
  8
ZDMT5
  6
X4
100
AcDbLine
 10
394028.7052149756
 20
3193285.313820825
 30
0.0
 11
394028.7052149756
 21
3193350.143820825
 31
0.0
  0
LINE
  5
1476
102
{ACAD_REACTORS
330
14CA
102
}
330
18
100
AcDbEntity
  8
ZDMT5
  6
X4
100
AcDbLine
 10
394048.704827474
 20
3193285.313820825
 30
0.0
 11
394048.704827474
 21
3193349.633820825
 31
0.0
  0
LINE
  5
1477
102
{ACAD_REACTORS
330
14CA
102
}
330
18
100
AcDbEntity
  8
ZDMT5
  6
X4
100
AcDbLine
 10
394068.6966307932
 20
3193285.313820825
 30
0.0
 11
394068.6966307932
 21
3193349.123820825
 31
0.0
  0
LINE
  5
1478
102
{ACAD_REACTORS
330
14CA
102
}
330
18
100
AcDbEntity
  8
ZDMT5
  6
X4
100
AcDbLine
 10
394088.6962432883
 20
3193285.313820825
 30
0.0
 11
394088.6962432883
 21
3193348.823820825
 31
0.0
  0
LINE
  5
1479
102
{ACAD_REACTORS
330
14CA
102
}
330
18
100
AcDbEntity
  8
ZDMT5
  6
X4
100
AcDbLine
 10
394108.7021024303
 20
3193285.313820825
 30
0.0
 11
394108.7021024303
 21
3193347.333820825
 31
0.0
  0
LINE
  5
147A
102
{ACAD_REACTORS
330
14CA
102
}
330
18
100
AcDbEntity
  8
ZDMT5
  6
X4
100
AcDbLine
 10
394128.7017149283
 20
3193285.313820825
 30
0.0
 11
394128.7017149283
 21
3193344.833820825
 31
0.0
  0
LINE
  5
147B
102
{ACAD_REACTORS
330
14CA
102
}
330
18
100
AcDbEntity
  8
ZDMT5
  6
X4
100
AcDbLine
 10
394148.7013274237
 20
3193285.313820825
 30
0.0
 11
394148.7013274237
 21
3193342.393820825
 31
0.0
  0
LINE
  5
147C
102
{ACAD_REACTORS
330
14CA
102
}
330
18
100
AcDbEntity
  8
ZDMT5
  6
X4
100
AcDbLine
 10
394168.7009399188
 20
3193285.313820825
 30
0.0
 11
394168.7009399188
 21
3193340.133820825
 31
0.0
  0
LINE
  5
147D
102
{ACAD_REACTORS
330
14CA
102
}
330
18
100
AcDbEntity
  8
ZDMT5
  6
X4
100
AcDbLine
 10
394188.6989923238
 20
3193285.313820825
 30
0.0
 11
394188.6989923238
 21
3193340.583820825
 31
0.0
  0
LINE
  5
147E
102
{ACAD_REACTORS
330
14CA
102
}
330
18
100
AcDbEntity
  8
ZDMT5
  6
X4
100
AcDbLine
 10
394208.6986048222
 20
3193285.313820825
 30
0.0
 11
394208.6986048222
 21
3193338.953820825
 31
0.0
  0
LINE
  5
147F
102
{ACAD_REACTORS
330
14CA
102
}
330
18
100
AcDbEntity
  8
ZDMT5
  6
X4
100
AcDbLine
 10
394228.6982173173
 20
3193285.313820825
 30
0.0
 11
394228.6982173173
 21
3193339.263820825
 31
0.0
  0
LINE
  5
1480
102
{ACAD_REACTORS
330
14CA
102
}
330
18
100
AcDbEntity
  8
ZDMT5
  6
X4
100
AcDbLine
 10
394248.6978298152
 20
3193285.313820825
 30
0.0
 11
394248.6978298152
 21
3193339.753820825
 31
0.0
  0
LINE
  5
1481
102
{ACAD_REACTORS
330
14CA
102
}
330
18
100
AcDbEntity
  8
ZDMT5
  6
X4
100
AcDbLine
 10
394268.7036889573
 20
3193285.313820825
 30
0.0
 11
394268.7036889573
 21
3193340.173820825
 31
0.0
  0
LINE
  5
1482
102
{ACAD_REACTORS
330
14CA
102
}
330
18
100
AcDbEntity
  8
ZDMT5
  6
X4
100
AcDbLine
 10
394288.7033014523
 20
3193285.313820825
 30
0.0
 11
394288.7033014523
 21
3193340.593820825
 31
0.0
  0
LINE
  5
1483
102
{ACAD_REACTORS
330
14CA
102
}
330
18
100
AcDbEntity
  8
ZDMT5
  6
X4
100
AcDbLine
 10
394308.6951047715
 20
3193285.313820825
 30
0.0
 11
394308.6951047715
 21
3193341.013820825
 31
0.0
  0
LINE
  5
1484
102
{ACAD_REACTORS
330
14CA
102
}
330
18
100
AcDbEntity
  8
ZDMT5
  6
X4
100
AcDbLine
 10
394328.6947172699
 20
3193285.313820825
 30
0.0
 11
394328.6947172699
 21
3193341.503820825
 31
0.0
  0
LINE
  5
1485
102
{ACAD_REACTORS
330
14CA
102
}
330
18
100
AcDbEntity
  8
ZDMT5
  6
X4
100
AcDbLine
 10
394348.7005764115
 20
3193285.313820825
 30
0.0
 11
394348.7005764115
 21
3193341.793820825
 31
0.0
  0
LINE
  5
1486
102
{ACAD_REACTORS
330
14CA
102
}
330
18
100
AcDbEntity
  8
ZDMT5
  6
X4
100
AcDbLine
 10
394368.700188907
 20
3193285.313820825
 30
0.0
 11
394368.700188907
 21
3193341.733820825
 31
0.0
  0
LINE
  5
1487
102
{ACAD_REACTORS
330
14CA
102
}
330
18
100
AcDbEntity
  8
ZDMT5
  6
X4
100
AcDbLine
 10
394388.6998014021
 20
3193285.313820825
 30
0.0
 11
394388.6998014021
 21
3193341.673820825
 31
0.0
  0
LINE
  5
1488
102
{ACAD_REACTORS
330
14CA
102
}
330
18
100
AcDbEntity
  8
ZDMT5
  6
X4
100
AcDbLine
 10
394408.6994139
 20
3193285.313820825
 30
0.0
 11
394408.6994139
 21
3193341.623820825
 31
0.0
  0
LINE
  5
1489
102
{ACAD_REACTORS
330
14CA
102
}
330
18
100
AcDbEntity
  8
ZDMT5
  6
X4
100
AcDbLine
 10
394428.705273042
 20
3193285.313820825
 30
0.0
 11
394428.705273042
 21
3193341.563820825
 31
0.0
  0
LINE
  5
148A
102
{ACAD_REACTORS
330
14CA
102
}
330
18
100
AcDbEntity
  8
ZDMT5
  6
X4
100
AcDbLine
 10
394448.6970763612
 20
3193285.313820825
 30
0.0
 11
394448.6970763612
 21
3193341.503820825
 31
0.0
  0
LINE
  5
148B
102
{ACAD_REACTORS
330
14CA
102
}
330
18
100
AcDbEntity
  8
ZDMT5
  6
X4
100
AcDbLine
 10
394468.6966888568
 20
3193285.313820825
 30
0.0
 11
394468.6966888568
 21
3193341.443820825
 31
0.0
  0
LINE
  5
148C
102
{ACAD_REACTORS
330
14CA
102
}
330
18
100
AcDbEntity
  8
ZDMT5
  6
X4
100
AcDbLine
 10
394488.7025479983
 20
3193285.313820825
 30
0.0
 11
394488.7025479983
 21
3193341.813820825
 31
0.0
  0
LINE
  5
148D
102
{ACAD_REACTORS
330
14CA
102
}
330
18
100
AcDbEntity
  8
ZDMT5
  6
X4
100
AcDbLine
 10
394508.7021604963
 20
3193285.313820825
 30
0.0
 11
394508.7021604963
 21
3193342.153820825
 31
0.0
  0
LINE
  5
148E
102
{ACAD_REACTORS
330
14CA
102
}
330
18
100
AcDbEntity
  8
ZDMT5
  6
X4
100
AcDbLine
 10
394528.7017729917
 20
3193285.313820825
 30
0.0
 11
394528.7017729917
 21
3193342.723820825
 31
0.0
  0
LINE
  5
148F
102
{ACAD_REACTORS
330
14CA
102
}
330
18
100
AcDbEntity
  8
ZDMT5
  6
X4
100
AcDbLine
 10
394548.7013854868
 20
3193285.313820825
 30
0.0
 11
394548.7013854868
 21
3193343.143820825
 31
0.0
  0
LINE
  5
1490
102
{ACAD_REACTORS
330
14CA
102
}
330
18
100
AcDbEntity
  8
ZDMT5
  6
X4
100
AcDbLine
 10
394568.6994378918
 20
3193285.313820825
 30
0.0
 11
394568.6994378918
 21
3193342.683820825
 31
0.0
  0
LINE
  5
1491
102
{ACAD_REACTORS
330
14CA
102
}
330
18
100
AcDbEntity
  8
ZDMT5
  6
X4
100
AcDbLine
 10
394588.6990503902
 20
3193285.313820825
 30
0.0
 11
394588.6990503902
 21
3193342.743820825
 31
0.0
  0
LINE
  5
1492
102
{ACAD_REACTORS
330
14CA
102
}
330
18
100
AcDbEntity
  8
ZDMT5
  6
X4
100
AcDbLine
 10
394608.6986628853
 20
3193285.313820825
 30
0.0
 11
394608.6986628853
 21
3193342.383820825
 31
0.0
  0
LINE
  5
1493
102
{ACAD_REACTORS
330
14CA
102
}
330
18
100
AcDbEntity
  8
ZDMT5
  6
X4
100
AcDbLine
 10
394628.6982753808
 20
3193285.313820825
 30
0.0
 11
394628.6982753808
 21
3193342.213820825
 31
0.0
  0
LINE
  5
1494
102
{ACAD_REACTORS
330
14CA
102
}
330
18
100
AcDbEntity
  8
ZDMT5
  6
X4
100
AcDbLine
 10
394648.7041345224
 20
3193285.313820825
 30
0.0
 11
394648.7041345224
 21
3193342.073820825
 31
0.0
  0
LINE
  5
1495
102
{ACAD_REACTORS
330
14CA
102
}
330
18
100
AcDbEntity
  8
ZDMT5
  6
X4
100
AcDbLine
 10
394668.7037470203
 20
3193285.313820825
 30
0.0
 11
394668.7037470203
 21
3193342.583820825
 31
0.0
  0
LINE
  5
1496
102
{ACAD_REACTORS
330
14CA
102
}
330
18
100
AcDbEntity
  8
ZDMT5
  6
X4
100
AcDbLine
 10
394688.69555034
 20
3193285.313820825
 30
0.0
 11
394688.69555034
 21
3193343.743820825
 31
0.0
  0
LINE
  5
1497
102
{ACAD_REACTORS
330
14CA
102
}
330
18
100
AcDbEntity
  8
ZDMT5
  6
X4
100
AcDbLine
 10
394708.6951628379
 20
3193285.313820825
 30
0.0
 11
394708.6951628379
 21
3193344.483820825
 31
0.0
  0
LINE
  5
1498
102
{ACAD_REACTORS
330
14CA
102
}
330
18
100
AcDbEntity
  8
ZDMT5
  6
X4
100
AcDbLine
 10
394728.7010219795
 20
3193285.313820825
 30
0.0
 11
394728.7010219795
 21
3193344.623820825
 31
0.0
  0
LINE
  5
1499
102
{ACAD_REACTORS
330
14CA
102
}
330
18
100
AcDbEntity
  8
ZDMT5
  6
X4
100
AcDbLine
 10
394748.700634475
 20
3193285.313820825
 30
0.0
 11
394748.700634475
 21
3193346.533820825
 31
0.0
  0
LINE
  5
149A
102
{ACAD_REACTORS
330
14CA
102
}
330
18
100
AcDbEntity
  8
ZDMT5
  6
X4
100
AcDbLine
 10
394768.7002469701
 20
3193285.313820825
 30
0.0
 11
394768.7002469701
 21
3193348.953820825
 31
0.0
  0
LINE
  5
149B
102
{ACAD_REACTORS
330
14CA
102
}
330
18
100
AcDbEntity
  8
ZDMT5
  6
X4
100
AcDbLine
 10
394788.6998594684
 20
3193285.313820825
 30
0.0
 11
394788.6998594684
 21
3193350.703820825
 31
0.0
  0
LINE
  5
149C
102
{ACAD_REACTORS
330
14CA
102
}
330
18
100
AcDbEntity
  8
ZDMT5
  6
X4
100
AcDbLine
 10
394808.70571861
 20
3193285.313820825
 30
0.0
 11
394808.70571861
 21
3193355.543820825
 31
0.0
  0
LINE
  5
149D
102
{ACAD_REACTORS
330
14CA
102
}
330
18
100
AcDbEntity
  8
ZDMT5
  6
X4
100
AcDbLine
 10
394828.6975219292
 20
3193285.313820825
 30
0.0
 11
394828.6975219292
 21
3193360.383820825
 31
0.0
  0
LINE
  5
149E
102
{ACAD_REACTORS
330
14CA
102
}
330
18
100
AcDbEntity
  8
ZDMT5
  6
X4
100
AcDbLine
 10
394848.6971344248
 20
3193285.313820825
 30
0.0
 11
394848.6971344248
 21
3193363.973820825
 31
0.0
  0
LINE
  5
149F
102
{ACAD_REACTORS
330
14CA
102
}
330
18
100
AcDbEntity
  8
ZDMT5
  6
X4
100
AcDbLine
 10
394868.6967469227
 20
3193285.313820825
 30
0.0
 11
394868.6967469227
 21
3193366.103820825
 31
0.0
  0
LINE
  5
14A0
102
{ACAD_REACTORS
330
14CA
102
}
330
18
100
AcDbEntity
  8
ZDMT5
  6
X4
100
AcDbLine
 10
394888.7026060647
 20
3193285.313820825
 30
0.0
 11
394888.7026060647
 21
3193370.243820825
 31
0.0
  0
LINE
  5
14A1
102
{ACAD_REACTORS
330
14CA
102
}
330
18
100
AcDbEntity
  8
ZDMT5
  6
X4
100
AcDbLine
 10
394908.7022185597
 20
3193285.313820825
 30
0.0
 11
394908.7022185597
 21
3193379.553820825
 31
0.0
  0
LINE
  5
14A2
102
{ACAD_REACTORS
330
14CA
102
}
330
18
100
AcDbEntity
  8
ZDMT5
  6
X4
100
AcDbLine
 10
394928.7018310548
 20
3193285.313820825
 30
0.0
 11
394928.7018310548
 21
3193382.483820825
 31
0.0
  0
LINE
  5
14A3
102
{ACAD_REACTORS
330
14CA
102
}
330
18
100
AcDbEntity
  8
ZDMT5
  6
X4
100
AcDbLine
 10
394948.6936343774
 20
3193285.313820825
 30
0.0
 11
394948.6936343774
 21
3193385.133820825
 31
0.0
  0
LINE
  5
14A4
102
{ACAD_REACTORS
330
14CA
102
}
330
18
100
AcDbEntity
  8
ZDMT5
  6
X4
100
AcDbLine
 10
394968.699493519
 20
3193285.313820825
 30
0.0
 11
394968.699493519
 21
3193386.353820825
 31
0.0
  0
LINE
  5
14A5
102
{ACAD_REACTORS
330
14CA
102
}
330
18
100
AcDbEntity
  8
ZDMT5
  6
X4
100
AcDbLine
 10
394988.699106014
 20
3193285.313820825
 30
0.0
 11
394988.699106014
 21
3193387.463820825
 31
0.0
  0
LINE
  5
14A6
102
{ACAD_REACTORS
330
14CA
102
}
330
18
100
AcDbEntity
  8
ZDMT5
  6
X4
100
AcDbLine
 10
395008.6987185095
 20
3193285.313820825
 30
0.0
 11
395008.6987185095
 21
3193388.533820825
 31
0.0
  0
LINE
  5
14A7
102
{ACAD_REACTORS
330
14CA
102
}
330
18
100
AcDbEntity
  8
ZDMT5
  6
X4
100
AcDbLine
 10
395028.704577651
 20
3193285.313820825
 30
0.0
 11
395028.704577651
 21
3193391.673820825
 31
0.0
  0
LINE
  5
14A8
102
{ACAD_REACTORS
330
14CA
102
}
330
18
100
AcDbEntity
  8
ZDMT5
  6
X4
100
AcDbLine
 10
395048.7041901494
 20
3193285.313820825
 30
0.0
 11
395048.7041901494
 21
3193389.883820825
 31
0.0
  0
LINE
  5
14A9
102
{ACAD_REACTORS
330
14CA
102
}
330
18
100
AcDbEntity
  8
ZDMT5
  6
X4
100
AcDbLine
 10
395068.6959934687
 20
3193285.313820825
 30
0.0
 11
395068.6959934687
 21
3193387.043820825
 31
0.0
  0
LINE
  5
14AA
102
{ACAD_REACTORS
330
14CA
102
}
330
18
100
AcDbEntity
  8
ZDMT5
  6
X4
100
AcDbLine
 10
395088.6956059638
 20
3193285.313820825
 30
0.0
 11
395088.6956059638
 21
3193390.413820825
 31
0.0
  0
LINE
  5
14AB
102
{ACAD_REACTORS
330
14CA
102
}
330
18
100
AcDbEntity
  8
ZDMT5
  6
X4
100
AcDbLine
 10
395108.7014651058
 20
3193285.313820825
 30
0.0
 11
395108.7014651058
 21
3193395.603820825
 31
0.0
  0
LINE
  5
14AC
102
{ACAD_REACTORS
330
14CA
102
}
330
18
100
AcDbEntity
  8
ZDMT5
  6
X4
100
AcDbLine
 10
395128.7010776037
 20
3193285.313820825
 30
0.0
 11
395128.7010776037
 21
3193400.793820825
 31
0.0
  0
LINE
  5
14AD
102
{ACAD_REACTORS
330
14CA
102
}
330
18
100
AcDbEntity
  8
ZDMT5
  6
X4
100
AcDbLine
 10
395148.7006900987
 20
3193285.313820825
 30
0.0
 11
395148.7006900987
 21
3193405.113820825
 31
0.0
  0
LINE
  5
14AE
102
{ACAD_REACTORS
330
14CA
102
}
330
18
100
AcDbEntity
  8
ZDMT5
  6
X4
100
AcDbLine
 10
395168.7003025942
 20
3193285.313820825
 30
0.0
 11
395168.7003025942
 21
3193409.703820825
 31
0.0
  0
LINE
  5
14AF
102
{ACAD_REACTORS
330
14CA
102
}
330
18
100
AcDbEntity
  8
ZDMT5
  6
X4
100
AcDbLine
 10
395188.7061617358
 20
3193285.313820825
 30
0.0
 11
395188.7061617358
 21
3193414.713820825
 31
0.0
  0
LINE
  5
14B0
102
{ACAD_REACTORS
330
14CA
102
}
330
18
100
AcDbEntity
  8
ZDMT5
  6
X4
100
AcDbLine
 10
395208.6979650584
 20
3193285.313820825
 30
0.0
 11
395208.6979650584
 21
3193418.103820825
 31
0.0
  0
LINE
  5
14B1
102
{ACAD_REACTORS
330
14CA
102
}
330
18
100
AcDbEntity
  8
ZDMT5
  6
X4
100
AcDbLine
 10
395228.6975775535
 20
3193285.313820825
 30
0.0
 11
395228.6975775535
 21
3193422.803820825
 31
0.0
  0
LINE
  5
14B2
102
{ACAD_REACTORS
330
14CA
102
}
330
18
100
AcDbEntity
  8
ZDMT5
  6
X4
100
AcDbLine
 10
395248.6971900514
 20
3193285.313820825
 30
0.0
 11
395248.6971900514
 21
3193427.613820825
 31
0.0
  0
LINE
  5
14B3
102
{ACAD_REACTORS
330
14CA
102
}
330
18
100
AcDbEntity
  8
ZDMT5
  6
X4
100
AcDbLine
 10
395268.7030491934
 20
3193285.313820825
 30
0.0
 11
395268.7030491934
 21
3193432.503820825
 31
0.0
  0
LINE
  5
14B4
102
{ACAD_REACTORS
330
14CA
102
}
330
18
100
AcDbEntity
  8
ZDMT5
  6
X4
100
AcDbLine
 10
395288.7026616884
 20
3193285.313820825
 30
0.0
 11
395288.7026616884
 21
3193437.503820825
 31
0.0
  0
LINE
  5
14B5
102
{ACAD_REACTORS
330
14CA
102
}
330
18
100
AcDbEntity
  8
ZDMT5
  6
X4
100
AcDbLine
 10
395308.702274184
 20
3193285.313820825
 30
0.0
 11
395308.702274184
 21
3193442.763820825
 31
0.0
  0
LINE
  5
14B6
102
{ACAD_REACTORS
330
14CA
102
}
330
18
100
AcDbEntity
  8
ZDMT5
  6
X4
100
AcDbLine
 10
395328.6940775061
 20
3193285.313820825
 30
0.0
 11
395328.6940775061
 21
3193448.273820825
 31
0.0
  0
LINE
  5
14B7
102
{ACAD_REACTORS
330
14CA
102
}
330
18
100
AcDbEntity
  8
ZDMT5
  6
X4
100
AcDbLine
 10
395348.6999366477
 20
3193285.313820825
 30
0.0
 11
395348.6999366477
 21
3193453.613820825
 31
0.0
  0
LINE
  5
14B8
102
{ACAD_REACTORS
330
14CA
102
}
330
18
100
AcDbEntity
  8
ZDMT5
  6
X4
100
AcDbLine
 10
395368.6995491431
 20
3193285.313820825
 30
0.0
 11
395368.6995491431
 21
3193458.683820825
 31
0.0
  0
LINE
  5
14B9
102
{ACAD_REACTORS
330
14CA
102
}
330
18
100
AcDbEntity
  8
ZDMT5
  6
X4
100
AcDbLine
 10
395476.9091203305
 20
3193285.313820825
 30
0.0
 11
395476.9091203305
 21
3193452.213820825
 31
0.0
  0
LINE
  5
14BA
102
{ACAD_REACTORS
330
14CA
102
}
330
18
100
AcDbEntity
  8
ZDMT5
  6
X4
100
AcDbLine
 10
395621.2748349403
 20
3193285.313820825
 30
0.0
 11
395621.2748349403
 21
3193455.513820825
 31
0.0
  0
LINE
  5
14BB
102
{ACAD_REACTORS
330
14CA
102
}
330
18
100
AcDbEntity
  8
ZDMT5
  6
X4
100
AcDbLine
 10
395774.7075796246
 20
3193285.313820825
 30
0.0
 11
395774.7075796246
 21
3193491.313820825
 31
0.0
  0
LINE
  5
14BC
102
{ACAD_REACTORS
330
14CA
102
}
330
18
100
AcDbEntity
  8
ZDMT5
  6
X4
100
AcDbLine
 10
396000.2776666818
 20
3193285.313820825
 30
0.0
 11
396000.2776666818
 21
3193501.213820825
 31
0.0
  0
LINE
  5
14BD
102
{ACAD_REACTORS
330
14CA
102
}
330
18
100
AcDbEntity
  8
ZDMT5
  6
X4
100
AcDbLine
 10
396224.6774388515
 20
3193285.313820825
 30
0.0
 11
396224.6774388515
 21
3193501.713820825
 31
0.0
  0
LINE
  5
14BE
102
{ACAD_REACTORS
330
14CA
102
}
330
18
100
AcDbEntity
  8
ZDMT5
  6
X4
100
AcDbLine
 10
396396.8252581321
 20
3193285.313820825
 30
0.0
 11
396396.8252581321
 21
3193534.513820825
 31
0.0
  0
LINE
  5
14BF
102
{ACAD_REACTORS
330
14CA
102
}
330
18
100
AcDbEntity
  8
ZDMT5
  6
X4
100
AcDbLine
 10
396494.1462002506
 20
3193285.313820825
 30
0.0
 11
396494.1462002506
 21
3193568.313820825
 31
0.0
  0
LINE
  5
14C0
102
{ACAD_REACTORS
330
14CA
102
}
330
18
100
AcDbEntity
  8
ZDMT5
  6
X4
100
AcDbLine
 10
396601.5864267446
 20
3193285.313820825
 30
0.0
 11
396601.5864267446
 21
3193568.313820825
 31
0.0
  0
LINE
  5
14C1
102
{ACAD_REACTORS
330
14CA
102
}
330
18
100
AcDbEntity
  8
ZDMT5
  6
X4
100
AcDbLine
 10
396641.1582189114
 20
3193285.313820825
 30
0.0
 11
396641.1582189114
 21
3193533.713820825
 31
0.0
  0
LINE
  5
14C2
102
{ACAD_REACTORS
330
14CA
102
}
330
18
100
AcDbEntity
  8
ZDMT5
  6
X4
100
AcDbLine
 10
396812.6668080139
 20
3193285.313820825
 30
0.0
 11
396812.6668080139
 21
3193528.213820825
 31
0.0
  0
TEXT
  5
14C3
102
{ACAD_REACTORS
330
14CA
102
}
330
18
100
AcDbEntity
  8
ZDMT5
  6
Continuous
100
AcDbText
 10
396716.3144270615
 20
3193650.313820825
 30
0.0
 40
5.0
  1
比例尺:  横向 1:100  纵向 1:100
 41
0.8
  7
HZ
 72
     2
 11
396807.6668080139
 21
3193650.313820825
 31
0.0
100
AcDbText
  0
LWPOLYLINE
  5
14C4
330
18
100
AcDbEntity
  8
0
  6
Continuous
100
AcDbPolyline
 90
        2
 70
   128
 43
0.0
 10
392768.7015240584
 20
3193250.313820825
 10
392770.6615422298
 20
3193712.539693972
  0
TEXT
  5
14C5
330
18
100
AcDbEntity
  8
ZDH
  6
Continuous
100
AcDbText
 10
392724.2734776038
 20
3193736.66723444
 30
88888.0
 40
20.0
  1
15#
 41
0.8
  7
HZ
 11
0.0
 21
0.0
 31
88888.0
100
AcDbText
  0
LWPOLYLINE
  5
14C6
330
18
100
AcDbEntity
  8
0
  6
Continuous
100
AcDbPolyline
 90
        2
 70
   128
 43
0.0
 10
393834.3869490076
 20
3193250.313820825
 10
393836.346967179
 20
3193712.539693972
  0
TEXT
  5
14C7
330
18
100
AcDbEntity
  8
ZDH
  6
Continuous
100
AcDbText
 10
393788.6834861977
 20
3193722.046984217
 30
88888.0
 40
20.0
  1
16#
 41
0.8
  7
HZ
 11
0.0
 21
0.0
 31
88888.0
100
AcDbText
  0
LWPOLYLINE
  5
14C8
330
18
100
AcDbEntity
  8
0
  6
Continuous
100
AcDbPolyline
 90
        2
 70
   128
 43
0.0
 10
394984.2342992532
 20
3193250.313820825
 10
394986.1943174247
 20
3193712.539693972
  0
TEXT
  5
14C9
330
18
100
AcDbEntity
  8
ZDH
  6
Continuous
100
AcDbText
 10
394919.4857996363
 20
3193722.505555855
 30
88888.0
 40
20.0
  1
17#
 41
0.8
  7
HZ
 11
0.0
 21
0.0
 31
88888.0
100
AcDbText
  0
TEXT
  5
14D0
330
18
100
AcDbEntity
  8
DLSS
  6
Continuous
100
AcDbText
 10
391517.7810083681
 20
3193708.52532892
 30
0.0
 40
20.0
  1
西支桥下
 41
0.8
  7
HZ
 72
     4
 11
391552.4476750348
 21
3193718.52532892
 31
0.0
100
AcDbText
1001
SOUTH
1000
160009
1001
S_GXRQ
1071
1757125665
  0
LWPOLYLINE
100
AcDbEntity
  8
DESIGN_CENTER
 62
1
100
AcDbPolyline
 90
330
 70
0
 10
391496.230764021
 20
3193615.113820825
 10
391665.432670671
 20
3193615.513820825
 10
391780.870726951
 20
3193514.313820825
 10
392077.370483181
 20
3193499.313820825
 10
392256.778207131
 20
3193447.313820825
 10
392276.230764021
 20
3193451.109375625
 10
392296.230764021
 20
3193455.192690895
 10
392316.230764021
 20
3193458.700612505
 10
392336.230764021
 20
3193461.234166295
 10
392356.230764021
 20
3193462.651236585
 10
392368.701465991
 20
3193462.983530875
 10
392376.230764021
 20
3193461.422169095
 10
392388.701078491
 20
3193458.534254545
 10
392396.230764021
 20
3193457.493330525
 10
392408.699130891
 20
3193455.520525605
 10
392416.230764021
 20
3193455.065932445
 10
392428.698743391
 20
3193454.120501415
 10
392436.230764021
 20
3193453.114073075
 10
392448.698355891
 20
3193451.307516815
 10
392456.230764021
 20
3193450.110640765
 10
392468.697968381
 20
3193448.032765495
 10
392476.230764021
 20
3193447.410179595
 10
392488.703827521
 20
3193446.315416235
 10
392496.230764021
 20
3193445.775566025
 10
392508.703440021
 20
3193444.838891785
 10
392516.230764021
 20
3193443.650796355
 10
392528.703052521
 20
3193441.650903775
 10
392536.230764021
 20
3193439.521845855
 10
392548.694855841
 20
3193435.966346845
 10
392556.230764021
 20
3193434.671422645
 10
392568.700714981
 20
3193432.491102945
 10
392576.230764021
 20
3193431.783084865
 10
392588.700327481
 20
3193430.559753875
 10
392596.230764021
 20
3193428.428562115
 10
392608.699939971
 20
3193424.832102785
 10
392616.230764021
 20
3193422.763409895
 10
392628.699552471
 20
3193419.254233995
 10
392636.230764021
 20
3193417.079460305
 10
392648.705411611
 20
3193413.381400825
 10
392656.230764021
 20
3193411.090187425
 10
392668.697214931
 20
3193407.198058405
 10
392676.230764021
 20
3193405.569179765
 10
392688.696827431
 20
3193402.794652985
 10
392696.230764021
 20
3193402.956678755
 10
392708.696439921
 20
3193403.190265535
 10
392716.230764021
 20
3193400.280054715
 10
392728.702299061
 20
3193395.510441405
 10
392736.230764021
 20
3193391.115998785
 10
392748.701911561
 20
3193384.014402055
 10
392756.230764021
 20
3193381.595024345
 10
392768.701524061
 20
3193377.953818135
 10
392769.146595901
 20
3193378.013820825
 10
392776.230764021
 20
3193379.080532255
 10
392788.693327381
 20
3193381.379671795
 10
392796.230764021
 20
3193382.179490935
 10
392808.699186521
 20
3193383.727026315
 10
392816.230764021
 20
3193382.967929875
 10
392828.698799021
 20
3193381.787852435
 10
392836.230764021
 20
3193381.081588765
 10
392848.698411511
 20
3193379.892207255
 10
392856.230764021
 20
3193378.874055385
 10
392868.698024011
 20
3193377.112015215
 10
392876.230764021
 20
3193378.162363525
 10
392888.703883151
 20
3193379.798067245
 10
392896.230764021
 20
3193379.835042235
 10
392908.703495651
 20
3193379.786920775
 10
392916.230764021
 20
3193380.111659095
 10
392928.695298971
 20
3193380.547299405
 10
392936.230764021
 20
3193380.750320885
 10
392948.701158111
 20
3193380.998473405
 10
392956.230764021
 20
3193381.105489865
 10
392968.700770611
 20
3193381.212253385
 10
392976.230764021
 20
3193381.240802995
 10
392988.700383101
 20
3193381.235011925
 10
392996.230764021
 20
3193381.205555235
 10
393008.699995601
 20
3193381.119443375
 10
393016.230764021
 20
3193381.050073395
 10
393028.705854741
 20
3193380.910982765
 10
393036.230764021
 20
3193380.816542685
 10
393048.697658061
 20
3193380.646272125
 10
393056.230764021
 20
3193380.538118465
 10
393068.697270561
 20
3193380.352934635
 10
393076.230764021
 20
3193380.239397085
 10
393088.696883051
 20
3193380.050535295
 10
393096.230764021
 20
3193379.530462295
 10
393108.702742191
 20
3193378.671782585
 10
393116.230764021
 20
3193378.471641995
 10
393128.702354691
 20
3193378.144105905
 10
393136.230764021
 20
3193377.971727785
 10
393148.701967191
 20
3193377.690890635
 10
393156.230764021
 20
3193377.870631325
 10
393168.693770511
 20
3193378.172846645
 10
393176.230764021
 20
3193378.056753845
 10
393188.699629651
 20
3193377.868912545
 10
393196.230764021
 20
3193377.784083295
 10
393208.699242151
 20
3193377.647175555
 10
393216.230764021
 20
3193377.780982035
 10
393228.698854641
 20
3193378.005274885
 10
393236.230764021
 20
3193378.006592605
 10
393248.698467141
 20
3193378.010821785
 10
393256.230764021
 20
3193378.018119735
 10
393268.704326281
 20
3193378.031582635
 10
393276.230764021
 20
3193378.036546135
 10
393288.703938781
 20
3193378.045551465
 10
393296.230764021
 20
3193378.051253265
 10
393308.695742101
 20
3193378.060941975
 10
393316.230764021
 20
3193377.938661285
 10
393328.695354591
 20
3193377.736136505
 10
393336.230764021
 20
3193377.617178295
 10
393348.701213731
 20
3193377.419589145
 10
393356.230764021
 20
3193377.329749025
 10
393368.700826231
 20
3193377.179750295
 10
393376.230764021
 20
3193377.088254695
 10
393388.700438731
 20
3193376.935019755
 10
393396.230764021
 20
3193376.841277945
 10
393408.706297871
 20
3193376.683737025
 10
393416.230764021
 20
3193376.587113855
 10
393428.698101191
 20
3193376.424286665
 10
393436.230764021
 20
3193376.324129275
 10
393448.697713681
 20
3193376.155228465
 10
393456.230764021
 20
3193376.077548945
 10
393468.697326181
 20
3193375.945667135
 10
393476.230764021
 20
3193374.768218445
 10
393488.703185321
 20
3193372.815672925
 10
393496.230764021
 20
3193371.251296855
 10
393508.702797821
 20
3193368.656986745
 10
393516.230764021
 20
3193366.412664415
 10
393528.702410321
 20
3193362.693722175
 10
393536.230764021
 20
3193361.276917465
 10
393548.694213631
 20
3193358.933378435
 10
393556.230764021
 20
3193356.694942425
 10
393568.700072781
 20
3193352.997716325
 10
393576.230764021
 20
3193353.774859235
 10
393588.699685271
 20
3193355.073908695
 10
393596.230764021
 20
3193356.136152765
 10
393608.699297771
 20
3193357.915042495
 10
393616.230764021
 20
3193361.227179485
 10
393628.698910261
 20
3193366.740388815
 10
393636.230764021
 20
3193368.962736965
 10
393648.704769411
 20
3193372.684769405
 10
393656.230764021
 20
3193373.643548955
 10
393668.704381901
 20
3193375.286151535
 10
393676.230764021
 20
3193375.674275635
 10
393688.696185221
 20
3193376.381827285
 10
393696.230764021
 20
3193376.738962935
 10
393708.695797721
 20
3193377.402670465
 10
393716.230764021
 20
3193379.852859555
 10
393728.701656861
 20
3193383.982600735
 10
393736.230764021
 20
3193384.376859805
 10
393748.701269361
 20
3193385.094852035
 10
393756.230764021
 20
3193384.806209865
 10
393768.700881851
 20
3193384.366846645
 10
393776.230764021
 20
3193385.023028905
 10
393788.700494351
 20
3193386.098549515
 10
393796.230764021
 20
3193386.487540595
 10
393808.698546761
 20
3193387.039846235
 10
393816.230764021
 20
3193388.715115425
 10
393828.698159251
 20
3193391.277816435
 10
393834.784114431
 20
3193389.313820825
 10
393836.230764021
 20
3193388.831290905
 10
393848.697771751
 20
3193384.432325945
 10
393856.230764021
 20
3193388.316447645
 10
393868.697384251
 20
3193394.553944855
 10
393876.230764021
 20
3193394.414830295
 10
393888.703243391
 20
3193394.106570725
 10
393896.230764021
 20
3193393.701174755
 10
393908.702855881
 20
3193393.027306805
 10
393916.230764021
 20
3193393.225819865
 10
393928.694659201
 20
3193393.598243845
 10
393936.230764021
 20
3193392.853724455
 10
393948.700518341
 20
3193391.689068145
 10
393956.230764021
 20
3193390.770204625
 10
393968.700130841
 20
3193389.323476095
 10
393976.230764021
 20
3193388.829537605
 10
393988.699743341
 20
3193388.083725375
 10
393996.230764021
 20
3193387.669979565
 10
394008.699355831
 20
3193387.048236515
 10
394016.230764021
 20
3193386.710474975
 10
394028.705214971
 20
3193386.202822185
 10
394036.230764021
 20
3193385.923172575
 10
394048.704827471
 20
3193385.499353665
 10
394056.230764021
 20
3193385.263228575
 10
394068.696630791
 20
3193384.900611775
 10
394076.230764021
 20
3193384.774134145
 10
394088.696243291
 20
3193384.583819975
 10
394096.230764021
 20
3193384.029086205
 10
394108.702102431
 20
3193383.122191655
 10
394116.230764021
 20
3193382.198883025
 10
394128.701714931
 20
3193380.675036375
 10
394136.230764021
 20
3193379.779385505
 10
394148.701327421
 20
3193378.297463545
 10
394156.230764021
 20
3193377.470368555
 10
394168.700939921
 20
3193376.099533295
 10
394176.230764021
 20
3193376.290887285
 10
394188.698992321
 20
3193376.605275455
 10
394196.230764021
 20
3193376.010083665
 10
394208.698604821
 20
3193375.021724595
 10
394216.230764021
 20
3193375.153334465
 10
394228.698217321
 20
3193375.368007195
 10
394236.230764021
 20
3193375.563671955
 10
394248.697829811
 20
3193375.884618435
 10
394256.230764021
 20
3193376.050543185
 10
394268.703688961
 20
3193376.322840565
 10
394276.230764021
 20
3193376.485941295
 10
394288.703301451
 20
3193376.754295025
 10
394296.230764021
 20
3193376.915362035
 10
394308.695104771
 20
3193377.180679245
 10
394316.230764021
 20
3193377.366740105
 10
394328.694717271
 20
3193377.673563195
 10
394336.230764021
 20
3193377.783275125
 10
394348.700576411
 20
3193377.964277395
 10
394356.230764021
 20
3193377.941626305
 10
394368.700188911
 20
3193377.903875285
 10
394376.230764021
 20
3193377.881012735
 10
394388.699801401
 20
3193377.843117115
 10
394396.230764021
 20
3193377.824019455
 10
394408.699413901
 20
3193377.792473915
 10
394416.230764021
 20
3193377.769722035
 10
394428.705273041
 20
3193377.732139165
 10
394436.230764021
 20
3193377.709497685
 10
394448.697076361
 20
3193377.672038985
 10
394456.230764021
 20
3193377.649394375
 10
394468.696688861
 20
3193377.611837155
 10
394476.230764021
 20
3193377.750952245
 10
394488.702548001
 20
3193377.980937375
 10
394496.230764021
 20
3193378.108222995
 10
394508.702160501
 20
3193378.318488525
 10
394516.230764021
 20
3193378.531505355
 10
394528.701772991
 20
3193378.883399495
 10
394536.230764021
 20
3193379.038638015
 10
394548.701385491
 20
3193379.294381065
 10
394556.230764021
 20
3193379.116474135
 10
394568.699437891
 20
3193378.820030935
 10
394576.230764021
 20
3193378.835540055
 10
394588.699050391
 20
3193378.858975835
 10
394596.230764021
 20
3193378.713486395
 10
394608.698662881
 20
3193378.470110195
 10
394616.230764021
 20
3193378.393061125
 10
394628.698275381
 20
3193378.262931195
 10
394636.230764021
 20
3193378.194148465
 10
394648.704134521
 20
3193378.077987265
 10
394656.230764021
 20
3193378.251431735
 10
394668.703747021
 20
3193378.537531245
 10
394676.230764021
 20
3193378.954776615
 10
394688.695550341
 20
3193379.646169555
 10
394696.230764021
 20
3193379.906962385
 10
394708.695162841
 20
3193380.341631725
 10
394716.230764021
 20
3193380.381782455
 10
394728.701021981
 20
3193380.455686615
 10
394736.230764021
 20
3193381.173260005
 10
394748.700634471
 20
3193382.374780575
 10
394756.230764021
 20
3193383.302943295
 10
394768.700246971
 20
3193384.860383335
 10
394776.230764021
 20
3193385.564225405
 10
394788.699859471
 20
3193386.758846335
 10
394796.230764021
 20
3193388.664589675
 10
394808.705718611
 20
3193391.860392935
 10
394816.230764021
 20
3193393.816626145
 10
394828.697521931
 20
3193397.106141765
 10
394836.230764021
 20
3193398.655019675
 10
394848.697134421
 20
3193401.275017835
 10
394856.230764021
 20
3193402.344745765
 10
394868.696746921
 20
3193404.176000695
 10
394876.230764021
 20
3193406.076037655
 10
394888.702606061
 20
3193409.279779935
 10
394896.230764021
 20
3193413.191099935
 10
394908.702218561
 20
3193419.715014375
 10
394916.230764021
 20
3193421.268223795
 10
394928.701831051
 20
3193423.854793055
 10
394936.230764021
 20
3193425.301522475
 10
394948.693634381
 20
3193427.657202655
 10
394956.230764021
 20
3193428.490431915
 10
394968.699493521
 20
3193429.748575185
 10
394976.230764021
 20
3193430.354012525
 10
394984.814954681
 20
3193430.913820825
 10
394988.699106011
 20
3193431.109780735
 10
394996.230764021
 20
3193431.382757035
 10
395008.698718511
 20
3193431.619438005
 10
395016.230764021
 20
3193432.456145955
 10
395028.704577651
 20
3193433.738243705
 10
395036.230764021
 20
3193432.626277725
 10
395048.704190151
 20
3193430.758826625
 10
395056.230764021
 20
3193429.242732185
 10
395068.695993471
 20
3193426.758956455
 10
395076.230764021
 20
3193427.626700785
 10
395088.695605961
 20
3193429.119670575
 10
395096.230764021
 20
3193430.748391725
 10
395108.701465101
 20
3193433.515940605
 10
395116.230764021
 20
3193435.232824645
 10
395128.701077601
 20
3193438.151711375
 10
395136.230764021
 20
3193439.630884795
 10
395148.700690101
 20
3193442.151523505
 10
395156.230764021
 20
3193443.814818805
 10
395168.700302591
 20
3193446.630467705
 10
395176.230764021
 20
3193448.520494395
 10
395188.706161731
 20
3193451.699112615
 10
395196.230764021
 20
3193453.030138125
 10
395208.697965061
 20
3193455.265129585
 10
395216.230764021
 20
3193457.118363595
 10
395228.697577551
 20
3193460.192934735
 10
395236.230764021
 20
3193462.086728145
 10
395248.697190051
 20
3193465.200493085
 10
395256.230764021
 20
3193467.087127085
 10
395268.703049191
 20
3193470.156075905
 10
395276.230764021
 20
3193472.002337565
 10
395288.702661691
 20
3193474.965171285
 10
395296.230764021
 20
3193476.775540035
 10
395308.702274181
 20
3193479.629868215
 10
395316.230764021
 20
3193481.340177565
 10
395328.694077501
 20
3193483.972598295
 10
395336.230764021
 20
3193485.357363835
 10
395348.699936651
 20
3193487.393294455
 10
395356.230764021
 20
3193488.348068695
 10
395368.699549141
 20
3193489.623600765
 10
395376.230764021
 20
3193487.835715155
 10
395396.230764021
 20
3193482.339981515
 10
395416.230764021
 20
3193475.748805515
 10
395436.230764021
 20
3193468.226814735
 10
395456.230764021
 20
3193460.198557135
 10
395476.230764021
 20
3193452.449719685
 10
395476.909120331
 20
3193452.213820825
 10
395621.274834941
 20
3193455.513820825
 10
395774.707579621
 20
3193491.313820825
 10
396000.277666681
 20
3193501.213820825
 10
396224.677438851
 20
3193501.713820825
 10
396396.825258131
 20
3193534.513820825
 10
396494.146200251
 20
3193568.313820825
 10
396601.586426741
 20
3193568.313820825
 10
396641.158218911
 20
3193533.713820825
 10
396812.666808011
 20
3193528.213820825
  0
LINE
100
AcDbEntity
  8
WSE_22_190
 62
4
100
AcDbLine
 10
391496.230764021
 20
3193557.213820825
 30
0
 11
396812.666808014
 21
3193557.213820825
 31
0
  0
CIRCLE
100
AcDbEntity
  8
PIER_CONTROL
 62
6
100
AcDbCircle
 10
392769.146595901
 20
3193378.013820825
 30
0
 40
18.000000
  0
TEXT
100
AcDbEntity
  8
ANNOTATION
 62
6
100
AcDbText
 10
392794.146595901
 20
3193388.013820825
 30
0
 40
22.000000
  1
15# DESIGN Z=4.27m
 50
0.000000
100
AcDbText
  0
CIRCLE
100
AcDbEntity
  8
PIER_CONTROL
 62
6
100
AcDbCircle
 10
393834.784114431
 20
3193389.313820825
 30
0
 40
18.000000
  0
TEXT
100
AcDbEntity
  8
ANNOTATION
 62
6
100
AcDbText
 10
393859.784114431
 20
3193399.313820825
 30
0
 40
22.000000
  1
16# DESIGN Z=5.40m
 50
0.000000
100
AcDbText
  0
CIRCLE
100
AcDbEntity
  8
PIER_CONTROL
 62
6
100
AcDbCircle
 10
394984.814954681
 20
3193430.913820825
 30
0
 40
18.000000
  0
TEXT
100
AcDbEntity
  8
ANNOTATION
 62
6
100
AcDbText
 10
395009.814954681
 20
3193440.913820825
 30
0
 40
22.000000
  1
17# DESIGN Z=9.56m
 50
0.000000
100
AcDbText
  0
ENDSEC
  0
SECTION
  2
OBJECTS
  0
DICTIONARY
  5
C
330
0
100
AcDbDictionary
281
     1
  3
ACAD_CIP_PREVIOUS_PRODUCT_INFO
350
59F
  3
ACAD_COLOR
350
4C4
  3
ACAD_DETAILVIEWSTYLE
350
58F
  3
ACAD_GROUP
350
D
  3
ACAD_LAYOUT
350
241
  3
ACAD_MATERIAL
350
497
  3
ACAD_MLEADERSTYLE
350
4D9
  3
ACAD_MLINESTYLE
350
E
  3
ACAD_PLOTSETTINGS
350
242
  3
ACAD_PLOTSTYLENAME
350
23F
  3
ACAD_SCALELIST
350
4C7
  3
ACAD_SECTIONVIEWSTYLE
350
58D
  3
ACAD_TABLESTYLE
350
4C5
  3
ACAD_VISUALSTYLE
350
4B0
  3
ACDB_RECOMPOSE_DATA
350
14DA
  3
AcDbVariableDictionary
350
362
  0
DICTIONARY
  5
D
102
{ACAD_REACTORS
330
C
102
}
330
0
100
AcDbDictionary
281
     1
  3
*A1
350
88F
  3
*A2
350
EE0
  3
*A3
350
EE1
  3
*A4
350
EE2
  3
*A5
350
EE3
  3
*A6
350
14CA
  0
DICTIONARY
  5
E
102
{ACAD_REACTORS
330
C
102
}
330
0
100
AcDbDictionary
281
     1
  3
STANDARD
350
1B
  0
MLINESTYLE
  5
1B
102
{ACAD_REACTORS
330
E
102
}
330
0
100
AcDbMlineStyle
  2
STANDARD
 70
     0
  3

 62
     0
 51
90.0
 52
90.0
 71
     2
 49
0.5
 62
     0
  6
BYLAYER
 49
-0.5
 62
     0
  6
BYLAYER
  0
ACDBDICTIONARYWDFLT
  5
23F
102
{ACAD_REACTORS
330
C
102
}
330
C
100
AcDbDictionary
281
     1
  3
Normal
350
240
100
AcDbDictionaryWithDefault
340
240
  0
ACDBPLACEHOLDER
  5
240
102
{ACAD_REACTORS
330
23F
102
}
330
23F
  0
DICTIONARY
  5
241
102
{ACAD_REACTORS
330
C
102
}
330
C
100
AcDbDictionary
281
     1
  3
Layout1
350
244
  3
Model
350
243
  0
DICTIONARY
  5
242
102
{ACAD_REACTORS
330
C
102
}
330
C
100
AcDbDictionary
281
     1
  0
LAYOUT
  5
243
102
{ACAD_XDICTIONARY
360
51F
102
}
102
{ACAD_REACTORS
330
241
102
}
330
241
100
AcDbPlotSettings
  1

  2
HP LaserJet 6L PCL
  4

  6

 40
0.0
 41
0.0
 42
0.0
 43
0.0
 44
0.0
 45
0.0
 46
0.0
 47
0.0
 48
0.0
 49
0.0
140
0.0
141
0.0
142
1.0
143
1.0
 70
  1712
 72
     0
 73
     0
 74
     0
  7

 75
     0
147
1.0
148
0.0
149
0.0
 76
     0
 77
     2
 78
   300
333
0
100
AcDbLayout
  1
Model
 70
     1
 71
     0
 10
0.0
 20
0.0
 11
12.0
 21
9.0
 12
0.0
 22
0.0
 32
0.0
 14
0.0
 24
0.0
 34
0.0
 15
0.0
 25
0.0
 35
0.0
146
0.0
 13
0.0
 23
0.0
 33
0.0
 16
1.0
 26
0.0
 36
0.0
 17
0.0
 27
1.0
 37
0.0
 76
     0
330
18
331
495
  0
LAYOUT
  5
244
102
{ACAD_REACTORS
330
241
102
}
330
241
100
AcDbPlotSettings
  1

  2
HP LaserJet 6L PCL
  4

  6

 40
0.0
 41
0.0
 42
0.0
 43
0.0
 44
0.0
 45
0.0
 46
0.0
 47
0.0
 48
0.0
 49
0.0
140
0.0
141
0.0
142
1.0
143
1.0
 70
   688
 72
     0
 73
     0
 74
     5
  7

 75
    16
147
1.0
148
0.0
149
0.0
 76
     0
 77
     2
 78
   300
333
0
100
AcDbLayout
  1
Layout1
 70
     0
 71
     1
 10
0.0
 20
0.0
 11
12.0
 21
9.0
 12
0.0
 22
0.0
 32
0.0
 14
1E+20
 24
1E+20
 34
1E+20
 15
-1E+20
 25
-1E+20
 35
-1E+20
146
0.0
 13
0.0
 23
0.0
 33
0.0
 16
1.0
 26
0.0
 36
0.0
 17
0.0
 27
1.0
 37
0.0
 76
     0
330
15
  0
DICTIONARY
  5
362
102
{ACAD_REACTORS
330
C
102
}
330
C
100
AcDbDictionary
281
     1
  3
CANNOSCALE
350
4ED
  3
CMLEADERSTYLE
350
4EB
  3
CTABLESTYLE
350
4EA
  3
CVIEWDETAILSTYLE
350
6F6
  3
CVIEWSECTIONSTYLE
350
6F7
  3
DIMASSOC
350
363
  3
LAYEREVAL
350
4EF
  3
LAYERNOTIFY
350
4F0
  3
LIGHTINGUNITS
350
4EE
  3
MSLTSCALE
350
4EC
  0
DICTIONARYVAR
  5
363
102
{ACAD_REACTORS
330
362
102
}
330
362
100
DictionaryVariables
280
     0
  1
1
  0
DICTIONARY
  5
497
102
{ACAD_REACTORS
330
C
102
}
330
C
100
AcDbDictionary
281
     1
  3
ByBlock
350
4A0
  3
ByLayer
350
498
  3
Global
350
4A8
  0
DICTIONARY
  5
499
330
498
100
AcDbDictionary
280
     1
281
     1
  3
BUMPTILE
360
49B
  3
DIFFUSETILE
360
49A
  3
OPACITYTILE
360
49E
  3
REFLECTIONTILE
360
49D
  3
REFRACTIONTILE
360
49F
  3
SPECULARTILE
360
49C
  0
XRECORD
  5
49A
102
{ACAD_REACTORS
330
499
102
}
330
499
100
AcDbXrecord
280
     1
270
     1
271
     1
  0
XRECORD
  5
49B
102
{ACAD_REACTORS
330
499
102
}
330
499
100
AcDbXrecord
280
     1
270
     1
271
     1
  0
XRECORD
  5
49C
102
{ACAD_REACTORS
330
499
102
}
330
499
100
AcDbXrecord
280
     1
270
     1
271
     1
  0
XRECORD
  5
49D
102
{ACAD_REACTORS
330
499
102
}
330
499
100
AcDbXrecord
280
     1
270
     1
271
     1
  0
XRECORD
  5
49E
102
{ACAD_REACTORS
330
499
102
}
330
499
100
AcDbXrecord
280
     1
270
     1
271
     1
  0
XRECORD
  5
49F
102
{ACAD_REACTORS
330
499
102
}
330
499
100
AcDbXrecord
280
     1
270
     1
271
     1
  0
DICTIONARY
  5
4A1
330
4A0
100
AcDbDictionary
280
     1
281
     1
  3
BUMPTILE
360
4A3
  3
DIFFUSETILE
360
4A2
  3
OPACITYTILE
360
4A6
  3
REFLECTIONTILE
360
4A5
  3
REFRACTIONTILE
360
4A7
  3
SPECULARTILE
360
4A4
  0
XRECORD
  5
4A2
102
{ACAD_REACTORS
330
4A1
102
}
330
4A1
100
AcDbXrecord
280
     1
270
     1
271
     1
  0
XRECORD
  5
4A3
102
{ACAD_REACTORS
330
4A1
102
}
330
4A1
100
AcDbXrecord
280
     1
270
     1
271
     1
  0
XRECORD
  5
4A4
102
{ACAD_REACTORS
330
4A1
102
}
330
4A1
100
AcDbXrecord
280
     1
270
     1
271
     1
  0
XRECORD
  5
4A5
102
{ACAD_REACTORS
330
4A1
102
}
330
4A1
100
AcDbXrecord
280
     1
270
     1
271
     1
  0
XRECORD
  5
4A6
102
{ACAD_REACTORS
330
4A1
102
}
330
4A1
100
AcDbXrecord
280
     1
270
     1
271
     1
  0
XRECORD
  5
4A7
102
{ACAD_REACTORS
330
4A1
102
}
330
4A1
100
AcDbXrecord
280
     1
270
     1
271
     1
  0
DICTIONARY
  5
4A9
330
4A8
100
AcDbDictionary
280
     1
281
     1
  3
BUMPTILE
360
4AB
  3
DIFFUSETILE
360
4AA
  3
OPACITYTILE
360
4AE
  3
REFLECTIONTILE
360
4AD
  3
REFRACTIONTILE
360
4AF
  3
SPECULARTILE
360
4AC
  0
XRECORD
  5
4AA
102
{ACAD_REACTORS
330
4A9
102
}
330
4A9
100
AcDbXrecord
280
     1
270
     1
271
     1
  0
XRECORD
  5
4AB
102
{ACAD_REACTORS
330
4A9
102
}
330
4A9
100
AcDbXrecord
280
     1
270
     1
271
     1
  0
XRECORD
  5
4AC
102
{ACAD_REACTORS
330
4A9
102
}
330
4A9
100
AcDbXrecord
280
     1
270
     1
271
     1
  0
XRECORD
  5
4AD
102
{ACAD_REACTORS
330
4A9
102
}
330
4A9
100
AcDbXrecord
280
     1
270
     1
271
     1
  0
XRECORD
  5
4AE
102
{ACAD_REACTORS
330
4A9
102
}
330
4A9
100
AcDbXrecord
280
     1
270
     1
271
     1
  0
XRECORD
  5
4AF
102
{ACAD_REACTORS
330
4A9
102
}
330
4A9
100
AcDbXrecord
280
     1
270
     1
271
     1
  0
DICTIONARY
  5
4B0
102
{ACAD_REACTORS
330
C
102
}
330
C
100
AcDbDictionary
281
     1
  3
2dWireframe
350
4B6
  3
3D Hidden
350
4B8
  3
3dWireframe
350
4B7
  3
Basic
350
4B5
  3
Brighten
350
4BC
  3
ColorChange
350
4C0
  3
Conceptual
350
4B9
  3
Dim
350
4BB
  3
EdgeColorOff
350
4C3
  3
Facepattern
350
4BF
  3
Flat
350
4B1
  3
FlatWithEdges
350
4B2
  3
Gouraud
350
4B3
  3
GouraudWithEdges
350
4B4
  3
Hidden
350
587
  3
JitterOff
350
4C1
  3
Linepattern
350
4BE
  3
OverhangOff
350
4C2
  3
Realistic
350
4BA
  3
Shaded
350
58C
  3
Shaded with edges
350
58B
  3
Shades of Gray
350
588
  3
Sketchy
350
589
  3
Thicken
350
4BD
  3
Wireframe
350
586
  3
X-Ray
350
58A
  0
VISUALSTYLE
  5
4B1
102
{ACAD_REACTORS
330
4B0
102
}
330
4B0
100
AcDbVisualStyle
  2
Flat
 70
     0
177
     2
291
     1
 70
    58
 90
        2
176
     1
 90
        1
176
     1
 90
        1
176
     1
 90
        2
176
     1
 40
0.6
176
     1
 40
30.0
176
     1
 62
     7
420
3271557119
176
     1
 90
        0
176
     1
 90
        4
176
     1
 62
     7
176
     1
 62
   257
176
     1
 90
        1
176
     1
 90
        1
176
     1
 40
1.0
176
     1
 90
        8
176
     1
 62
     7
176
     1
 40
1.0
176
     1
 90
        1
176
     1
 90
        6
176
     1
 90
        2
176
     1
 62
     7
176
     1
 90
        5
176
     1
 90
        0
176
     1
 90
        0
176
     1
290
     0
176
     1
 90
       13
176
     1
 40
0.0
176
     1
 90
        0
176
     1
290
     0
176
     1
290
     1
176
     1
290
     1
176
     1
290
     0
290
     0
176
     1
290
     0
290
     0
176
     1
290
     0
176
     1
290
     0
176
     1
 90
       50
176
     1
 40
0.0
176
     1
 40
1.0
176
     1
 90
        0
176
     1
 62
     0
420
3254779904
176
     1
 90
       50
176
     1
 90
        3
176
     1
 62
     5
420
3254780159
176
     1
290
     0
176
     1
 90
       50
176
     1
 90
       50
176
     1
 90
       50
176
     1
290
     0
176
     1
 90
       50
176
     1
 62
     0
176
     0
 40
1.0
176
     0
 90
        2
176
     1
  1
strokes_ogs.tif
176
     1
290
     0
176
     1
 40
1.0
176
     1
 40
1.0
176
     1
  0
VISUALSTYLE
  5
4B2
102
{ACAD_REACTORS
330
4B0
102
}
330
4B0
100
AcDbVisualStyle
  2
FlatWithEdges
 70
     1
177
     2
291
     1
 70
    58
 90
        2
176
     1
 90
        1
176
     1
 90
        1
176
     1
 90
        2
176
     1
 40
0.6
176
     1
 40
30.0
176
     1
 62
     7
420
3271557119
176
     1
 90
        1
176
     1
 90
        4
176
     1
 62
     7
176
     1
 62
   257
176
     1
 90
        1
176
     1
 90
        1
176
     1
 40
1.0
176
     1
 90
        0
176
     1
 62
   257
176
     1
 40
1.0
176
     1
 90
        1
176
     1
 90
        6
176
     1
 90
        2
176
     1
 62
     7
176
     1
 90
        5
176
     1
 90
        0
176
     1
 90
        0
176
     1
290
     0
176
     1
 90
       13
176
     1
 40
0.0
176
     1
 90
        0
176
     1
290
     0
176
     1
290
     1
176
     1
290
     1
176
     1
290
     0
290
     0
176
     1
290
     0
290
     0
176
     1
290
     0
176
     1
290
     0
176
     1
 90
       50
176
     1
 40
0.0
176
     1
 40
1.0
176
     1
 90
        0
176
     1
 62
     0
420
3254779904
176
     1
 90
       50
176
     1
 90
        3
176
     1
 62
     5
420
3254780159
176
     1
290
     0
176
     1
 90
       50
176
     1
 90
       50
176
     1
 90
       50
176
     1
290
     0
176
     1
 90
       50
176
     1
 62
     0
176
     0
 40
1.0
176
     0
 90
        2
176
     1
  1
strokes_ogs.tif
176
     1
290
     0
176
     1
 40
1.0
176
     1
 40
1.0
176
     1
  0
VISUALSTYLE
  5
4B3
102
{ACAD_REACTORS
330
4B0
102
}
330
4B0
100
AcDbVisualStyle
  2
Gouraud
 70
     2
177
     2
291
     1
 70
    58
 90
        2
176
     1
 90
        2
176
     1
 90
        1
176
     1
 90
        2
176
     1
 40
0.6
176
     1
 40
30.0
176
     1
 62
     7
420
3271557119
176
     1
 90
        0
176
     1
 90
        4
176
     1
 62
     7
176
     1
 62
   257
176
     1
 90
        1
176
     1
 90
        1
176
     1
 40
1.0
176
     1
 90
        0
176
     1
 62
     7
176
     1
 40
1.0
176
     1
 90
        1
176
     1
 90
        6
176
     1
 90
        2
176
     1
 62
     7
176
     1
 90
        5
176
     1
 90
        0
176
     1
 90
        0
176
     1
290
     0
176
     1
 90
       13
176
     1
 40
0.0
176
     1
 90
        0
176
     1
290
     0
176
     1
290
     1
176
     1
290
     1
176
     1
290
     0
290
     0
176
     1
290
     0
290
     0
176
     1
290
     0
176
     1
290
     0
176
     1
 90
       50
176
     1
 40
0.0
176
     1
 40
1.0
176
     1
 90
        0
176
     1
 62
     0
420
3254779904
176
     1
 90
       50
176
     1
 90
        3
176
     1
 62
     5
420
3254780159
176
     1
290
     0
176
     1
 90
       50
176
     1
 90
       50
176
     1
 90
       50
176
     1
290
     0
176
     1
 90
       50
176
     1
 62
     0
176
     0
 40
1.0
176
     0
 90
        2
176
     1
  1
strokes_ogs.tif
176
     1
290
     0
176
     1
 40
1.0
176
     1
 40
1.0
176
     1
  0
VISUALSTYLE
  5
4B4
102
{ACAD_REACTORS
330
4B0
102
}
330
4B0
100
AcDbVisualStyle
  2
GouraudWithEdges
 70
     3
177
     2
291
     1
 70
    58
 90
        2
176
     1
 90
        2
176
     1
 90
        1
176
     1
 90
        2
176
     1
 40
0.6
176
     1
 40
30.0
176
     1
 62
     7
420
3271557119
176
     1
 90
        1
176
     1
 90
        4
176
     1
 62
     7
176
     1
 62
   257
176
     1
 90
        1
176
     1
 90
        1
176
     1
 40
1.0
176
     1
 90
        0
176
     1
 62
   257
176
     1
 40
1.0
176
     1
 90
        1
176
     1
 90
        6
176
     1
 90
        2
176
     1
 62
     7
176
     1
 90
        5
176
     1
 90
        0
176
     1
 90
        0
176
     1
290
     0
176
     1
 90
       13
176
     1
 40
0.0
176
     1
 90
        0
176
     1
290
     0
176
     1
290
     1
176
     1
290
     1
176
     1
290
     0
290
     0
176
     1
290
     0
290
     0
176
     1
290
     0
176
     1
290
     0
176
     1
 90
       50
176
     1
 40
0.0
176
     1
 40
1.0
176
     1
 90
        0
176
     1
 62
     0
420
3254779904
176
     1
 90
       50
176
     1
 90
        3
176
     1
 62
     5
420
3254780159
176
     1
290
     0
176
     1
 90
       50
176
     1
 90
       50
176
     1
 90
       50
176
     1
290
     0
176
     1
 90
       50
176
     1
 62
     0
176
     0
 40
1.0
176
     0
 90
        2
176
     1
  1
strokes_ogs.tif
176
     1
290
     0
176
     1
 40
1.0
176
     1
 40
1.0
176
     1
  0
VISUALSTYLE
  5
4B5
102
{ACAD_REACTORS
330
4B0
102
}
330
4B0
100
AcDbVisualStyle
  2
Basic
 70
     7
177
     2
291
     1
 70
    58
 90
        1
176
     1
 90
        0
176
     1
 90
        1
176
     1
 90
        0
176
     1
 40
0.6
176
     1
 40
30.0
176
     1
 62
     7
420
3271557119
176
     1
 90
        0
176
     1
 90
        4
176
     1
 62
     7
176
     1
 62
   257
176
     1
 90
        1
176
     1
 90
        1
176
     1
 40
1.0
176
     1
 90
        8
176
     1
 62
     7
176
     1
 40
1.0
176
     1
 90
        1
176
     1
 90
        6
176
     1
 90
        2
176
     1
 62
     7
176
     1
 90
        5
176
     1
 90
        0
176
     1
 90
        0
176
     1
290
     0
176
     1
 90
        1
176
     1
 40
0.0
176
     1
 90
        0
176
     1
290
     0
176
     1
290
     1
176
     1
290
     1
176
     1
290
     0
290
     0
176
     1
290
     0
290
     0
176
     1
290
     0
176
     1
290
     0
176
     1
 90
       50
176
     1
 40
0.0
176
     1
 40
1.0
176
     1
 90
        0
176
     1
 62
     0
420
3254779904
176
     1
 90
       50
176
     1
 90
        3
176
     1
 62
     5
420
3254780159
176
     1
290
     0
176
     1
 90
       50
176
     1
 90
       50
176
     1
 90
       50
176
     1
290
     0
176
     1
 90
       50
176
     1
 62
     0
176
     0
 40
1.0
176
     0
 90
        2
176
     1
  1
strokes_ogs.tif
176
     1
290
     0
176
     1
 40
1.0
176
     1
 40
1.0
176
     1
  0
VISUALSTYLE
  5
4B6
102
{ACAD_REACTORS
330
4B0
102
}
330
4B0
100
AcDbVisualStyle
  2
2dWireframe
 70
     4
177
     2
291
     0
 70
    58
 90
        0
176
     1
 90
        2
176
     1
 90
        0
176
     1
 90
        0
176
     1
 40
0.6
176
     1
 40
30.0
176
     1
 62
     7
420
3271557119
176
     1
 90
        1
176
     1
 90
        4
176
     1
 62
     7
176
     1
 62
   257
176
     1
 90
        1
176
     1
 90
        1
176
     1
 40
1.0
176
     1
 90
        0
176
     1
 62
   257
176
     1
 40
1.0
176
     1
 90
        1
176
     1
 90
        6
176
     1
 90
        2
176
     1
 62
     7
176
     1
 90
        5
176
     1
 90
        0
176
     1
 90
        0
176
     1
290
     0
176
     1
 90
        1
176
     1
 40
0.0
176
     1
 90
        0
176
     1
290
     1
176
     1
290
     1
176
     1
290
     0
176
     1
290
     0
290
     0
176
     1
290
     0
290
     0
176
     1
290
     0
176
     1
290
     0
176
     1
 90
       50
176
     1
 40
0.0
176
     1
 40
1.0
176
     1
 90
        0
176
     1
 62
     0
420
3254779904
176
     1
 90
       50
176
     1
 90
        3
176
     1
 62
     5
420
3254780159
176
     1
290
     0
176
     1
 90
       50
176
     1
 90
       50
176
     1
 90
       50
176
     1
290
     0
176
     1
 90
       50
176
     1
 62
     0
176
     0
 40
1.0
176
     0
 90
        2
176
     1
  1
strokes_ogs.tif
176
     1
290
     0
176
     1
 40
1.0
176
     1
 40
1.0
176
     1
  0
VISUALSTYLE
  5
4B7
102
{ACAD_REACTORS
330
4B0
102
}
330
4B0
100
AcDbVisualStyle
  2
3dWireframe
 70
     5
177
     2
291
     0
 70
    58
 90
        0
176
     1
 90
        2
176
     1
 90
        0
176
     1
 90
        0
176
     1
 40
0.6
176
     1
 40
30.0
176
     1
 62
     7
420
3271557119
176
     1
 90
        1
176
     1
 90
        4
176
     1
 62
     7
176
     1
 62
   257
176
     1
 90
        1
176
     1
 90
        1
176
     1
 40
1.0
176
     1
 90
        0
176
     1
 62
   257
176
     1
 40
1.0
176
     1
 90
        1
176
     1
 90
        6
176
     1
 90
        2
176
     1
 62
     7
176
     1
 90
        5
176
     1
 90
        0
176
     1
 90
        0
176
     1
290
     0
176
     1
 90
        1
176
     1
 40
0.0
176
     1
 90
        0
176
     1
290
     0
176
     1
290
     1
176
     1
290
     1
176
     1
290
     0
290
     0
176
     1
290
     0
290
     0
176
     1
290
     0
176
     1
290
     0
176
     1
 90
       50
176
     1
 40
0.0
176
     1
 40
1.0
176
     1
 90
        0
176
     1
 62
     0
420
3254779904
176
     1
 90
       50
176
     1
 90
        3
176
     1
 62
     5
420
3254780159
176
     1
290
     0
176
     1
 90
       50
176
     1
 90
       50
176
     1
 90
       50
176
     1
290
     0
176
     1
 90
       50
176
     1
 62
     0
176
     0
 40
1.0
176
     0
 90
        2
176
     1
  1
strokes_ogs.tif
176
     1
290
     0
176
     1
 40
1.0
176
     1
 40
1.0
176
     1
  0
VISUALSTYLE
  5
4B8
102
{ACAD_REACTORS
330
4B0
102
}
330
4B0
100
AcDbVisualStyle
  2
3D Hidden
 70
     6
177
     2
291
     0
 70
    58
 90
        1
176
     1
 90
        2
176
     1
 90
        2
176
     1
 90
        0
176
     1
 40
0.6
176
     1
 40
30.0
176
     1
 62
     7
420
3271557119
176
     1
 90
        2
176
     1
 90
        2
176
     1
 62
     7
176
     1
 62
   257
176
     1
 90
        2
176
     1
 90
        1
176
     1
 40
179.0
176
     1
 90
        0
176
     1
 62
   257
176
     1
 40
1.0
176
     1
 90
        1
176
     1
 90
        6
176
     1
 90
        2
176
     1
 62
     7
176
     1
 90
        3
176
     1
 90
        0
176
     1
 90
        0
176
     1
290
     0
176
     1
 90
        1
176
     1
 40
0.0
176
     1
 90
        0
176
     1
290
     0
176
     1
290
     1
176
     1
290
     1
176
     1
290
     0
290
     0
176
     1
290
     0
290
     0
176
     1
290
     0
176
     1
290
     0
176
     1
 90
       50
176
     1
 40
0.0
176
     1
 40
1.0
176
     1
 90
        0
176
     1
 62
     0
420
3254779904
176
     1
 90
       50
176
     1
 90
        3
176
     1
 62
     5
420
3254780159
176
     1
290
     0
176
     1
 90
       50
176
     1
 90
       50
176
     1
 90
       50
176
     1
290
     0
176
     1
 90
       50
176
     1
 62
     0
176
     0
 40
1.0
176
     0
 90
        2
176
     1
  1
strokes_ogs.tif
176
     1
290
     0
176
     1
 40
1.0
176
     1
 40
1.0
176
     1
  0
VISUALSTYLE
  5
4B9
102
{ACAD_REACTORS
330
4B0
102
}
330
4B0
100
AcDbVisualStyle
  2
Conceptual
 70
     9
177
     2
291
     0
 70
    58
 90
        3
176
     1
 90
        2
176
     1
 90
        0
176
     1
 90
        0
176
     1
 40
0.6
176
     1
 40
30.0
176
     1
 62
     7
420
3271557119
176
     1
 90
        2
176
     1
 90
        2
176
     1
 62
     7
176
     1
 62
   257
176
     1
 90
        1
176
     1
 90
        1
176
     1
 40
179.0
176
     1
 90
        8
176
     1
 62
     7
176
     1
 40
1.0
176
     1
 90
        1
176
     1
 90
        6
176
     1
 90
        2
176
     1
 62
     7
176
     1
 90
        3
176
     1
 90
        0
176
     1
 90
        0
176
     1
290
     0
176
     1
 90
        1
176
     1
 40
0.0
176
     1
 90
        0
176
     1
290
     0
176
     1
290
     1
176
     1
290
     1
176
     1
290
     0
290
     0
176
     1
290
     0
290
     0
176
     1
290
     0
176
     1
290
     0
176
     1
 90
       50
176
     1
 40
0.0
176
     1
 40
1.0
176
     1
 90
        0
176
     1
 62
     0
420
3254779904
176
     1
 90
       50
176
     1
 90
        3
176
     1
 62
     5
420
3254780159
176
     1
290
     0
176
     1
 90
       50
176
     1
 90
       50
176
     1
 90
       50
176
     1
290
     0
176
     1
 90
       50
176
     1
 62
     0
176
     0
 40
1.0
176
     0
 90
        2
176
     1
  1
strokes_ogs.tif
176
     1
290
     0
176
     1
 40
1.0
176
     1
 40
1.0
176
     1
  0
VISUALSTYLE
  5
4BA
102
{ACAD_REACTORS
330
4B0
102
}
330
4B0
100
AcDbVisualStyle
  2
Realistic
 70
     8
177
     2
291
     0
 70
    58
 90
        2
176
     1
 90
        2
176
     1
 90
        0
176
     1
 90
        0
176
     1
 40
0.6
176
     1
 40
30.0
176
     1
 62
     7
420
3271557119
176
     1
 90
        1
176
     1
 90
        0
176
     1
 62
     7
176
     1
 62
   257
176
     1
 90
        1
176
     1
 90
        1
176
     1
 40
1.0
176
     1
 90
        8
176
     1
 62
   256
420
3262675064
176
     1
 40
1.0
176
     1
 90
        1
176
     1
 90
        6
176
     1
 90
        2
176
     1
 62
     7
176
     1
 90
        5
176
     1
 90
        0
176
     1
 90
        0
176
     1
290
     0
176
     1
 90
       13
176
     1
 40
0.0
176
     1
 90
        0
176
     1
290
     0
176
     1
290
     1
176
     1
290
     1
176
     1
290
     0
290
     0
176
     1
290
     0
290
     0
176
     1
290
     0
176
     1
290
     0
176
     1
 90
       50
176
     1
 40
0.0
176
     1
 40
1.0
176
     1
 90
        0
176
     1
 62
     0
420
3254779904
176
     1
 90
       50
176
     1
 90
        3
176
     1
 62
     5
420
3254780159
176
     1
290
     0
176
     1
 90
       50
176
     1
 90
       50
176
     1
 90
       50
176
     1
290
     0
176
     1
 90
       50
176
     1
 62
     0
176
     0
 40
1.0
176
     0
 90
        2
176
     1
  1
strokes_ogs.tif
176
     1
290
     0
176
     1
 40
1.0
176
     1
 40
1.0
176
     1
  0
VISUALSTYLE
  5
4BB
102
{ACAD_REACTORS
330
4B0
102
}
330
4B0
100
AcDbVisualStyle
  2
Dim
 70
    11
177
     2
291
     1
 70
    58
 90
        2
176
     1
 90
        2
176
     1
 90
        0
176
     1
 90
        0
176
     1
 40
0.6
176
     1
 40
30.0
176
     1
 62
     7
420
3271557119
176
     1
 90
        1
176
     1
 90
        4
176
     1
 62
     7
176
     1
 62
   257
176
     1
 90
        1
176
     1
 90
        1
176
     1
 40
1.0
176
     1
 90
        8
176
     1
 62
     7
176
     1
 40
1.0
176
     1
 90
        1
176
     1
 90
        6
176
     1
 90
        2
176
     1
 62
     7
176
     1
 90
        5
176
     1
 90
        0
176
     1
 90
        0
176
     1
290
     0
176
     1
 90
        1
176
     1
 40
-50.0
176
     1
 90
        0
176
     1
290
     0
176
     1
290
     1
176
     1
290
     1
176
     1
290
     0
290
     0
176
     1
290
     0
290
     0
176
     1
290
     0
176
     1
290
     0
176
     1
 90
       50
176
     1
 40
0.0
176
     1
 40
1.0
176
     1
 90
        0
176
     1
 62
     0
420
3254779904
176
     1
 90
       50
176
     1
 90
        3
176
     1
 62
     5
420
3254780159
176
     1
290
     0
176
     1
 90
       50
176
     1
 90
       50
176
     1
 90
       50
176
     1
290
     0
176
     1
 90
       50
176
     1
 62
     0
176
     0
 40
1.0
176
     0
 90
        2
176
     1
  1
strokes_ogs.tif
176
     1
290
     0
176
     1
 40
1.0
176
     1
 40
1.0
176
     1
  0
VISUALSTYLE
  5
4BC
102
{ACAD_REACTORS
330
4B0
102
}
330
4B0
100
AcDbVisualStyle
  2
Brighten
 70
    12
177
     2
291
     1
 70
    58
 90
        2
176
     1
 90
        2
176
     1
 90
        0
176
     1
 90
        0
176
     1
 40
0.6
176
     1
 40
30.0
176
     1
 62
     7
420
3271557119
176
     1
 90
        1
176
     1
 90
        4
176
     1
 62
     7
176
     1
 62
   257
176
     1
 90
        1
176
     1
 90
        1
176
     1
 40
1.0
176
     1
 90
        8
176
     1
 62
     7
176
     1
 40
1.0
176
     1
 90
        1
176
     1
 90
        6
176
     1
 90
        2
176
     1
 62
     7
176
     1
 90
        5
176
     1
 90
        0
176
     1
 90
        0
176
     1
290
     0
176
     1
 90
        1
176
     1
 40
50.0
176
     1
 90
        0
176
     1
290
     0
176
     1
290
     1
176
     1
290
     1
176
     1
290
     0
290
     0
176
     1
290
     0
290
     0
176
     1
290
     0
176
     1
290
     0
176
     1
 90
       50
176
     1
 40
0.0
176
     1
 40
1.0
176
     1
 90
        0
176
     1
 62
     0
420
3254779904
176
     1
 90
       50
176
     1
 90
        3
176
     1
 62
     5
420
3254780159
176
     1
290
     0
176
     1
 90
       50
176
     1
 90
       50
176
     1
 90
       50
176
     1
290
     0
176
     1
 90
       50
176
     1
 62
     0
176
     0
 40
1.0
176
     0
 90
        2
176
     1
  1
strokes_ogs.tif
176
     1
290
     0
176
     1
 40
1.0
176
     1
 40
1.0
176
     1
  0
VISUALSTYLE
  5
4BD
102
{ACAD_REACTORS
330
4B0
102
}
330
4B0
100
AcDbVisualStyle
  2
Thicken
 70
    13
177
     2
291
     1
 70
    58
 90
        2
176
     1
 90
        2
176
     1
 90
        0
176
     1
 90
        0
176
     1
 40
0.6
176
     1
 40
30.0
176
     1
 62
     7
420
3271557119
176
     1
 90
        1
176
     1
 90
        4
176
     1
 62
     7
176
     1
 62
   257
176
     1
 90
        1
176
     1
 90
        1
176
     1
 40
1.0
176
     1
 90
       12
176
     1
 62
     7
176
     1
 40
1.0
176
     1
 90
        1
176
     1
 90
        6
176
     1
 90
        2
176
     1
 62
     7
176
     1
 90
        5
176
     1
 90
        0
176
     1
 90
        0
176
     1
290
     0
176
     1
 90
        1
176
     1
 40
0.0
176
     1
 90
        0
176
     1
290
     0
176
     1
290
     1
176
     1
290
     1
176
     1
290
     0
290
     0
176
     1
290
     0
290
     0
176
     1
290
     0
176
     1
290
     0
176
     1
 90
       50
176
     1
 40
0.0
176
     1
 40
1.0
176
     1
 90
        0
176
     1
 62
     0
420
3254779904
176
     1
 90
       50
176
     1
 90
        3
176
     1
 62
     5
420
3254780159
176
     1
290
     0
176
     1
 90
       50
176
     1
 90
       50
176
     1
 90
       50
176
     1
290
     0
176
     1
 90
       50
176
     1
 62
     0
176
     0
 40
1.0
176
     0
 90
        2
176
     1
  1
strokes_ogs.tif
176
     1
290
     0
176
     1
 40
1.0
176
     1
 40
1.0
176
     1
  0
VISUALSTYLE
  5
4BE
102
{ACAD_REACTORS
330
4B0
102
}
330
4B0
100
AcDbVisualStyle
  2
Linepattern
 70
    14
177
     2
291
     1
 70
    58
 90
        2
176
     1
 90
        2
176
     1
 90
        0
176
     1
 90
        0
176
     1
 40
0.6
176
     1
 40
30.0
176
     1
 62
     7
420
3271557119
176
     1
 90
        1
176
     1
 90
        4
176
     1
 62
     7
176
     1
 62
   257
176
     1
 90
        7
176
     1
 90
        7
176
     1
 40
1.0
176
     1
 90
        8
176
     1
 62
     7
176
     1
 40
1.0
176
     1
 90
        1
176
     1
 90
        6
176
     1
 90
        2
176
     1
 62
     7
176
     1
 90
        5
176
     1
 90
        0
176
     1
 90
        0
176
     1
290
     0
176
     1
 90
        1
176
     1
 40
0.0
176
     1
 90
        0
176
     1
290
     0
176
     1
290
     1
176
     1
290
     1
176
     1
290
     0
290
     0
176
     1
290
     0
290
     0
176
     1
290
     0
176
     1
290
     0
176
     1
 90
       50
176
     1
 40
0.0
176
     1
 40
1.0
176
     1
 90
        0
176
     1
 62
     0
420
3254779904
176
     1
 90
       50
176
     1
 90
        3
176
     1
 62
     5
420
3254780159
176
     1
290
     0
176
     1
 90
       50
176
     1
 90
       50
176
     1
 90
       50
176
     1
290
     0
176
     1
 90
       50
176
     1
 62
     0
176
     0
 40
1.0
176
     0
 90
        2
176
     1
  1
strokes_ogs.tif
176
     1
290
     0
176
     1
 40
1.0
176
     1
 40
1.0
176
     1
  0
VISUALSTYLE
  5
4BF
102
{ACAD_REACTORS
330
4B0
102
}
330
4B0
100
AcDbVisualStyle
  2
Facepattern
 70
    15
177
     2
291
     1
 70
    58
 90
        2
176
     1
 90
        2
176
     1
 90
        0
176
     1
 90
        0
176
     1
 40
0.6
176
     1
 40
30.0
176
     1
 62
     7
420
3271557119
176
     1
 90
        1
176
     1
 90
        4
176
     1
 62
     7
176
     1
 62
   257
176
     1
 90
        1
176
     1
 90
        1
176
     1
 40
1.0
176
     1
 90
        8
176
     1
 62
     7
176
     1
 40
1.0
176
     1
 90
        1
176
     1
 90
        6
176
     1
 90
        2
176
     1
 62
     7
176
     1
 90
        5
176
     1
 90
        0
176
     1
 90
        0
176
     1
290
     0
176
     1
 90
        1
176
     1
 40
0.0
176
     1
 90
        0
176
     1
290
     0
176
     1
290
     1
176
     1
290
     1
176
     1
290
     0
290
     0
176
     1
290
     0
290
     0
176
     1
290
     0
176
     1
290
     0
176
     1
 90
       50
176
     1
 40
0.0
176
     1
 40
1.0
176
     1
 90
        0
176
     1
 62
     0
420
3254779904
176
     1
 90
       50
176
     1
 90
        3
176
     1
 62
     5
420
3254780159
176
     1
290
     0
176
     1
 90
       50
176
     1
 90
       50
176
     1
 90
       50
176
     1
290
     0
176
     1
 90
       50
176
     1
 62
     0
176
     0
 40
1.0
176
     0
 90
        2
176
     1
  1
strokes_ogs.tif
176
     1
290
     0
176
     1
 40
1.0
176
     1
 40
1.0
176
     1
  0
VISUALSTYLE
  5
4C0
102
{ACAD_REACTORS
330
4B0
102
}
330
4B0
100
AcDbVisualStyle
  2
ColorChange
 70
    16
177
     2
291
     1
 70
    58
 90
        2
176
     1
 90
        2
176
     1
 90
        3
176
     1
 90
        0
176
     1
 40
0.6
176
     1
 40
30.0
176
     1
 62
     9
420
3263201408
176
     1
 90
        1
176
     1
 90
        4
176
     1
 62
     7
176
     1
 62
   257
176
     1
 90
        1
176
     1
 90
        1
176
     1
 40
1.0
176
     1
 90
        8
176
     1
 62
     9
420
3263201408
176
     1
 40
1.0
176
     1
 90
        1
176
     1
 90
        6
176
     1
 90
        2
176
     1
 62
     7
176
     1
 90
        5
176
     1
 90
        0
176
     1
 90
        0
176
     1
290
     0
176
     1
 90
        1
176
     1
 40
0.0
176
     1
 90
        0
176
     1
290
     0
176
     1
290
     1
176
     1
290
     1
176
     1
290
     0
290
     0
176
     1
290
     0
290
     0
176
     1
290
     0
176
     1
290
     0
176
     1
 90
       50
176
     1
 40
0.0
176
     1
 40
1.0
176
     1
 90
        0
176
     1
 62
     0
420
3254779904
176
     1
 90
       50
176
     1
 90
        3
176
     1
 62
     5
420
3254780159
176
     1
290
     0
176
     1
 90
       50
176
     1
 90
       50
176
     1
 90
       50
176
     1
290
     0
176
     1
 90
       50
176
     1
 62
     0
176
     0
 40
1.0
176
     0
 90
        2
176
     1
  1
strokes_ogs.tif
176
     1
290
     0
176
     1
 40
1.0
176
     1
 40
1.0
176
     1
  0
VISUALSTYLE
  5
4C1
102
{ACAD_REACTORS
330
4B0
102
}
330
4B0
100
AcDbVisualStyle
  2
JitterOff
 70
    20
177
     2
291
     1
 70
    58
 90
        2
176
     0
 90
        2
176
     0
 90
        0
176
     0
 90
        0
176
     0
 40
0.6
176
     0
 40
30.0
176
     0
 62
     7
420
3271557119
176
     0
 90
        1
176
     0
 90
        4
176
     0
 62
     7
176
     0
 62
   257
176
     0
 90
        1
176
     0
 90
        1
176
     0
 40
1.0
176
     0
 90
       10
176
     2
 62
     7
176
     0
 40
1.0
176
     0
 90
        1
176
     0
 90
        6
176
     0
 90
        2
176
     0
 62
     7
176
     0
 90
        5
176
     0
 90
        0
176
     0
 90
        0
176
     0
290
     0
176
     0
 90
        1
176
     0
 40
0.0
176
     0
 90
        0
176
     0
290
     0
176
     1
290
     1
176
     1
290
     1
176
     1
290
     0
290
     0
176
     1
290
     0
290
     0
176
     1
290
     0
176
     1
290
     0
176
     1
 90
       50
176
     1
 40
0.0
176
     1
 40
1.0
176
     1
 90
        0
176
     1
 62
     0
420
3254779904
176
     1
 90
       50
176
     1
 90
        3
176
     1
 62
     5
420
3254780159
176
     1
290
     0
176
     1
 90
       50
176
     1
 90
       50
176
     1
 90
       50
176
     1
290
     0
176
     1
 90
       50
176
     1
 62
     0
176
     0
 40
1.0
176
     0
 90
        2
176
     1
  1
strokes_ogs.tif
176
     1
290
     0
176
     1
 40
1.0
176
     1
 40
1.0
176
     1
  0
VISUALSTYLE
  5
4C2
102
{ACAD_REACTORS
330
4B0
102
}
330
4B0
100
AcDbVisualStyle
  2
OverhangOff
 70
    21
177
     2
291
     1
 70
    58
 90
        2
176
     0
 90
        2
176
     0
 90
        0
176
     0
 90
        0
176
     0
 40
0.6
176
     0
 40
30.0
176
     0
 62
     7
420
3271557119
176
     0
 90
        1
176
     0
 90
        4
176
     0
 62
     7
176
     0
 62
   257
176
     0
 90
        1
176
     0
 90
        1
176
     0
 40
1.0
176
     0
 90
        9
176
     2
 62
     7
176
     0
 40
1.0
176
     0
 90
        1
176
     0
 90
        6
176
     0
 90
        2
176
     0
 62
     7
176
     0
 90
        5
176
     0
 90
        0
176
     0
 90
        0
176
     0
290
     0
176
     0
 90
        1
176
     0
 40
0.0
176
     0
 90
        0
176
     0
290
     0
176
     1
290
     1
176
     1
290
     1
176
     1
290
     0
290
     0
176
     1
290
     0
290
     0
176
     1
290
     0
176
     1
290
     0
176
     1
 90
       50
176
     1
 40
0.0
176
     1
 40
1.0
176
     1
 90
        0
176
     1
 62
     0
420
3254779904
176
     1
 90
       50
176
     1
 90
        3
176
     1
 62
     5
420
3254780159
176
     1
290
     0
176
     1
 90
       50
176
     1
 90
       50
176
     1
 90
       50
176
     1
290
     0
176
     1
 90
       50
176
     1
 62
     0
176
     0
 40
1.0
176
     0
 90
        2
176
     1
  1
strokes_ogs.tif
176
     1
290
     0
176
     1
 40
1.0
176
     1
 40
1.0
176
     1
  0
VISUALSTYLE
  5
4C3
102
{ACAD_REACTORS
330
4B0
102
}
330
4B0
100
AcDbVisualStyle
  2
EdgeColorOff
 70
    22
177
     2
291
     1
 70
    58
 90
        2
176
     0
 90
        2
176
     0
 90
        0
176
     0
 90
        0
176
     0
 40
0.6
176
     0
 40
30.0
176
     0
 62
     7
420
3271557119
176
     0
 90
        1
176
     0
 90
        4
176
     0
 62
     7
176
     0
 62
   257
176
     0
 90
        1
176
     0
 90
        1
176
     0
 40
1.0
176
     0
 90
        8
176
     2
 62
     7
176
     0
 40
1.0
176
     0
 90
        1
176
     0
 90
        6
176
     0
 90
        2
176
     0
 62
     7
176
     0
 90
        5
176
     0
 90
        0
176
     0
 90
        0
176
     0
290
     0
176
     0
 90
        1
176
     0
 40
0.0
176
     0
 90
        0
176
     0
290
     0
176
     1
290
     1
176
     1
290
     1
176
     1
290
     0
290
     0
176
     1
290
     0
290
     0
176
     1
290
     0
176
     1
290
     0
176
     1
 90
       50
176
     1
 40
0.0
176
     1
 40
1.0
176
     1
 90
        0
176
     1
 62
     0
420
3254779904
176
     1
 90
       50
176
     1
 90
        3
176
     1
 62
     5
420
3254780159
176
     1
290
     0
176
     1
 90
       50
176
     1
 90
       50
176
     1
 90
       50
176
     1
290
     0
176
     1
 90
       50
176
     1
 62
     0
176
     0
 40
1.0
176
     0
 90
        2
176
     1
  1
strokes_ogs.tif
176
     1
290
     0
176
     1
 40
1.0
176
     1
 40
1.0
176
     1
  0
DICTIONARY
  5
4C4
102
{ACAD_REACTORS
330
C
102
}
330
C
100
AcDbDictionary
281
     1
  0
DICTIONARY
  5
4C5
102
{ACAD_REACTORS
330
C
102
}
330
C
100
AcDbDictionary
281
     1
  3
Standard
350
4C6
  0
TABLESTYLE
  5
4C6
102
{ACAD_REACTORS
330
4C5
102
}
330
4C5
100
AcDbTableStyle
 70
     0
  3
Standard
  1
TABLEFORMAT_BEGIN
 90
        5
170
     1
 91
        0
 92
        0
 62
   257
 93
        1
300
CONTENTFORMAT
  1
CONTENTFORMAT_BEGIN
 90
        0
 91
        0
 92
      512
 93
        0
300

 40
0.0
140
1.0
 94
        1
 62
     0
340
0
144
4.5
309
CONTENTFORMAT_END
171
     1
301
MARGIN
  1
CELLMARGIN_BEGIN
 40
1.5
 40
1.5
 40
1.5
 40
1.5
 40
4.5
 40
4.5
309
CELLMARGIN_END
 94
        6
 95
        1
302
GRIDFORMAT
  1
GRIDFORMAT_BEGIN
 90
        0
 91
        1
 62
     0
 92
       -2
340
0
 93
        0
 40
1.125
309
GRIDFORMAT_END
 95
        2
302
GRIDFORMAT
  1
GRIDFORMAT_BEGIN
 90
        0
 91
        1
 62
     0
 92
       -2
340
0
 93
        0
 40
1.125
309
GRIDFORMAT_END
 95
        4
302
GRIDFORMAT
  1
GRIDFORMAT_BEGIN
 90
        0
 91
        1
 62
     0
 92
       -2
340
0
 93
        0
 40
1.125
309
GRIDFORMAT_END
 95
        8
302
GRIDFORMAT
  1
GRIDFORMAT_BEGIN
 90
        0
 91
        1
 62
     0
 92
       -2
340
0
 93
        0
 40
1.125
309
GRIDFORMAT_END
 95
       16
302
GRIDFORMAT
  1
GRIDFORMAT_BEGIN
 90
        0
 91
        1
 62
     0
 92
       -2
340
0
 93
        0
 40
1.125
309
GRIDFORMAT_END
 95
       32
302
GRIDFORMAT
  1
GRIDFORMAT_BEGIN
 90
        0
 91
        1
 62
     0
 92
       -2
340
0
 93
        0
 40
1.125
309
GRIDFORMAT_END
309
TABLEFORMAT_END
  1
CELLSTYLE_BEGIN
 90
        4
 91
        2
300
Table
309
CELLSTYLE_END
  1
TABLEFORMAT_BEGIN
 90
        5
170
     1
 91
        0
 92
    32768
 62
   257
 93
        1
300
CONTENTFORMAT
  1
CONTENTFORMAT_BEGIN
 90
        0
 91
        0
 92
      512
 93
        0
300

 40
0.0
140
1.0
 94
        5
 62
     0
340
10
144
6.0
309
CONTENTFORMAT_END
171
     1
301
MARGIN
  1
CELLMARGIN_BEGIN
 40
1.5
 40
1.5
 40
1.5
 40
1.5
 40
4.5
 40
4.5
309
CELLMARGIN_END
 94
        6
 95
        1
302
GRIDFORMAT
  1
GRIDFORMAT_BEGIN
 90
        0
 91
        1
 62
     0
 92
       -2
340
0
 93
        0
 40
1.125
309
GRIDFORMAT_END
 95
        2
302
GRIDFORMAT
  1
GRIDFORMAT_BEGIN
 90
        0
 91
        1
 62
     0
 92
       -2
340
0
 93
        0
 40
1.125
309
GRIDFORMAT_END
 95
        4
302
GRIDFORMAT
  1
GRIDFORMAT_BEGIN
 90
        0
 91
        1
 62
     0
 92
       -2
340
0
 93
        0
 40
1.125
309
GRIDFORMAT_END
 95
        8
302
GRIDFORMAT
  1
GRIDFORMAT_BEGIN
 90
        0
 91
        1
 62
     0
 92
       -2
340
0
 93
        0
 40
1.125
309
GRIDFORMAT_END
 95
       16
302
GRIDFORMAT
  1
GRIDFORMAT_BEGIN
 90
        0
 91
        1
 62
     0
 92
       -2
340
0
 93
        0
 40
1.125
309
GRIDFORMAT_END
 95
       32
302
GRIDFORMAT
  1
GRIDFORMAT_BEGIN
 90
        0
 91
        1
 62
     0
 92
       -2
340
0
 93
        0
 40
1.125
309
GRIDFORMAT_END
309
TABLEFORMAT_END
  1
CELLSTYLE_BEGIN
 90
        1
 91
        1
300
_TITLE
309
CELLSTYLE_END
  0
DICTIONARY
  5
4C7
102
{ACAD_REACTORS
330
C
102
}
330
C
100
AcDbDictionary
281
     1
  3
A0
350
4C8
  3
A1
350
4C9
  3
A2
350
4CA
  3
A3
350
4CB
  3
A4
350
4CC
  3
A5
350
4CD
  3
A6
350
4CE
  3
A7
350
4CF
  3
A8
350
4D0
  3
A9
350
4D1
  3
B0
350
4D2
  3
B1
350
4D3
  3
B2
350
4D4
  3
B3
350
4D5
  3
B4
350
4D6
  3
B5
350
4D7
  3
B6
350
4D8
  0
SCALE
  5
4C8
102
{ACAD_REACTORS
330
4C7
102
}
330
4C7
100
AcDbScale
 70
     0
300
1:1
140
1.0
141
1.0
290
     1
  0
SCALE
  5
4C9
102
{ACAD_REACTORS
330
4C7
102
}
330
4C7
100
AcDbScale
 70
     0
300
1:2
140
1.0
141
2.0
290
     0
  0
SCALE
  5
4CA
102
{ACAD_REACTORS
330
4C7
102
}
330
4C7
100
AcDbScale
 70
     0
300
1:4
140
1.0
141
4.0
290
     0
  0
SCALE
  5
4CB
102
{ACAD_REACTORS
330
4C7
102
}
330
4C7
100
AcDbScale
 70
     0
300
1:5
140
1.0
141
5.0
290
     0
  0
SCALE
  5
4CC
102
{ACAD_REACTORS
330
4C7
102
}
330
4C7
100
AcDbScale
 70
     0
300
1:8
140
1.0
141
8.0
290
     0
  0
SCALE
  5
4CD
102
{ACAD_REACTORS
330
4C7
102
}
330
4C7
100
AcDbScale
 70
     0
300
1:10
140
1.0
141
10.0
290
     0
  0
SCALE
  5
4CE
102
{ACAD_REACTORS
330
4C7
102
}
330
4C7
100
AcDbScale
 70
     0
300
1:16
140
1.0
141
16.0
290
     0
  0
SCALE
  5
4CF
102
{ACAD_REACTORS
330
4C7
102
}
330
4C7
100
AcDbScale
 70
     0
300
1:20
140
1.0
141
20.0
290
     0
  0
SCALE
  5
4D0
102
{ACAD_REACTORS
330
4C7
102
}
330
4C7
100
AcDbScale
 70
     0
300
1:30
140
1.0
141
30.0
290
     0
  0
SCALE
  5
4D1
102
{ACAD_REACTORS
330
4C7
102
}
330
4C7
100
AcDbScale
 70
     0
300
1:40
140
1.0
141
40.0
290
     0
  0
SCALE
  5
4D2
102
{ACAD_REACTORS
330
4C7
102
}
330
4C7
100
AcDbScale
 70
     0
300
1:50
140
1.0
141
50.0
290
     0
  0
SCALE
  5
4D3
102
{ACAD_REACTORS
330
4C7
102
}
330
4C7
100
AcDbScale
 70
     0
300
1:100
140
1.0
141
100.0
290
     0
  0
SCALE
  5
4D4
102
{ACAD_REACTORS
330
4C7
102
}
330
4C7
100
AcDbScale
 70
     0
300
2:1
140
2.0
141
1.0
290
     0
  0
SCALE
  5
4D5
102
{ACAD_REACTORS
330
4C7
102
}
330
4C7
100
AcDbScale
 70
     0
300
4:1
140
4.0
141
1.0
290
     0
  0
SCALE
  5
4D6
102
{ACAD_REACTORS
330
4C7
102
}
330
4C7
100
AcDbScale
 70
     0
300
8:1
140
8.0
141
1.0
290
     0
  0
SCALE
  5
4D7
102
{ACAD_REACTORS
330
4C7
102
}
330
4C7
100
AcDbScale
 70
     0
300
10:1
140
10.0
141
1.0
290
     0
  0
SCALE
  5
4D8
102
{ACAD_REACTORS
330
4C7
102
}
330
4C7
100
AcDbScale
 70
     0
300
100:1
140
100.0
141
1.0
290
     0
  0
DICTIONARY
  5
4D9
102
{ACAD_REACTORS
330
C
102
}
330
C
100
AcDbDictionary
281
     1
  3
Standard
350
4DA
  0
MLEADERSTYLE
  5
4DA
102
{ACAD_REACTORS
330
4D9
102
}
330
4D9
100
AcDbMLeaderStyle
179
     2
170
     2
171
     1
172
     0
 90
        2
 40
0.0
 41
0.0
173
     1
 91
-1056964608
340
12
 92
       -2
290
     1
 42
2.0
291
     1
 43
0.36
  3
Standard
341
0
 44
4.0
300

342
10
174
     1
178
     6
175
     1
176
     0
 93
-1056964608
 45
4.0
292
     0
297
     0
 46
4.0
343
0
 94
-1056964608
 47
1.0
 49
1.0
140
1.0
293
     1
141
0.0
294
     1
177
     0
142
1.0
295
     0
296
     1
143
0.125
271
     0
273
     9
272
     9
298
     1
  0
DICTIONARYVAR
  5
4EA
102
{ACAD_REACTORS
330
362
102
}
330
362
100
DictionaryVariables
280
     0
  1
STANDARD
  0
DICTIONARYVAR
  5
4EB
102
{ACAD_REACTORS
330
362
102
}
330
362
100
DictionaryVariables
280
     0
  1
STANDARD
  0
DICTIONARYVAR
  5
4EC
102
{ACAD_REACTORS
330
362
102
}
330
362
100
DictionaryVariables
280
     0
  1
0
  0
DICTIONARYVAR
  5
4ED
102
{ACAD_REACTORS
330
362
102
}
330
362
100
DictionaryVariables
280
     0
  1
1:1
  0
DICTIONARYVAR
  5
4EE
102
{ACAD_REACTORS
330
362
102
}
330
362
100
DictionaryVariables
280
     0
  1
0
  0
DICTIONARYVAR
  5
4EF
102
{ACAD_REACTORS
330
362
102
}
330
362
100
DictionaryVariables
280
     0
  1
1
  0
DICTIONARYVAR
  5
4F0
102
{ACAD_REACTORS
330
362
102
}
330
362
100
DictionaryVariables
280
     0
  1
15
  0
DICTIONARY
  5
519
330
2
100
AcDbDictionary
280
     1
281
     1
  3
ACAD_LAYERSTATES
360
51A
  0
DICTIONARY
  5
51A
102
{ACAD_REACTORS
330
519
102
}
330
519
100
AcDbDictionary
281
     1
  0
DICTIONARY
  5
51F
330
243
100
AcDbDictionary
280
     1
281
     1
  0
DICTIONARY
  5
553
330
F
100
AcDbDictionary
280
     1
281
     1
  3
ADSK_XREC_LAYER_RECONCILED
360
554
  0
XRECORD
  5
554
102
{ACAD_REACTORS
330
553
102
}
330
553
100
AcDbXrecord
280
     1
290
     1
  0
DICTIONARY
  5
555
330
47
100
AcDbDictionary
280
     1
281
     1
  3
ADSK_XREC_LAYER_RECONCILED
360
556
  0
XRECORD
  5
556
102
{ACAD_REACTORS
330
555
102
}
330
555
100
AcDbXrecord
280
     1
290
     1
  0
DICTIONARY
  5
557
330
48
100
AcDbDictionary
280
     1
281
     1
  3
ADSK_XREC_LAYER_RECONCILED
360
558
  0
XRECORD
  5
558
102
{ACAD_REACTORS
330
557
102
}
330
557
100
AcDbXrecord
280
     1
290
     1
  0
DICTIONARY
  5
559
330
49
100
AcDbDictionary
280
     1
281
     1
  3
ADSK_XREC_LAYER_RECONCILED
360
55A
  0
XRECORD
  5
55A
102
{ACAD_REACTORS
330
559
102
}
330
559
100
AcDbXrecord
280
     1
290
     1
  0
DICTIONARY
  5
55B
330
4A
100
AcDbDictionary
280
     1
281
     1
  3
ADSK_XREC_LAYER_RECONCILED
360
55C
  0
XRECORD
  5
55C
102
{ACAD_REACTORS
330
55B
102
}
330
55B
100
AcDbXrecord
280
     1
290
     1
  0
DICTIONARY
  5
55D
330
4B
100
AcDbDictionary
280
     1
281
     1
  3
ADSK_XREC_LAYER_RECONCILED
360
55E
  0
XRECORD
  5
55E
102
{ACAD_REACTORS
330
55D
102
}
330
55D
100
AcDbXrecord
280
     1
290
     1
  0
DICTIONARY
  5
55F
330
4C
100
AcDbDictionary
280
     1
281
     1
  3
ADSK_XREC_LAYER_RECONCILED
360
560
  0
XRECORD
  5
560
102
{ACAD_REACTORS
330
55F
102
}
330
55F
100
AcDbXrecord
280
     1
290
     1
  0
DICTIONARY
  5
561
330
4D
100
AcDbDictionary
280
     1
281
     1
  3
ADSK_XREC_LAYER_RECONCILED
360
562
  0
XRECORD
  5
562
102
{ACAD_REACTORS
330
561
102
}
330
561
100
AcDbXrecord
280
     1
290
     1
  0
DICTIONARY
  5
563
330
4E
100
AcDbDictionary
280
     1
281
     1
  3
ADSK_XREC_LAYER_RECONCILED
360
564
  0
XRECORD
  5
564
102
{ACAD_REACTORS
330
563
102
}
330
563
100
AcDbXrecord
280
     1
290
     1
  0
DICTIONARY
  5
565
330
4F
100
AcDbDictionary
280
     1
281
     1
  3
ADSK_XREC_LAYER_RECONCILED
360
566
  0
XRECORD
  5
566
102
{ACAD_REACTORS
330
565
102
}
330
565
100
AcDbXrecord
280
     1
290
     1
  0
DICTIONARY
  5
567
330
50
100
AcDbDictionary
280
     1
281
     1
  3
ADSK_XREC_LAYER_RECONCILED
360
568
  0
XRECORD
  5
568
102
{ACAD_REACTORS
330
567
102
}
330
567
100
AcDbXrecord
280
     1
290
     1
  0
DICTIONARY
  5
569
330
51
100
AcDbDictionary
280
     1
281
     1
  3
ADSK_XREC_LAYER_RECONCILED
360
56A
  0
XRECORD
  5
56A
102
{ACAD_REACTORS
330
569
102
}
330
569
100
AcDbXrecord
280
     1
290
     1
  0
DICTIONARY
  5
56B
330
52
100
AcDbDictionary
280
     1
281
     1
  3
ADSK_XREC_LAYER_RECONCILED
360
56C
  0
XRECORD
  5
56C
102
{ACAD_REACTORS
330
56B
102
}
330
56B
100
AcDbXrecord
280
     1
290
     1
  0
DICTIONARY
  5
56D
330
53
100
AcDbDictionary
280
     1
281
     1
  3
ADSK_XREC_LAYER_RECONCILED
360
56E
  0
XRECORD
  5
56E
102
{ACAD_REACTORS
330
56D
102
}
330
56D
100
AcDbXrecord
280
     1
290
     1
  0
DICTIONARY
  5
56F
330
54
100
AcDbDictionary
280
     1
281
     1
  3
ADSK_XREC_LAYER_RECONCILED
360
570
  0
XRECORD
  5
570
102
{ACAD_REACTORS
330
56F
102
}
330
56F
100
AcDbXrecord
280
     1
290
     1
  0
DICTIONARY
  5
571
330
55
100
AcDbDictionary
280
     1
281
     1
  3
ADSK_XREC_LAYER_RECONCILED
360
572
  0
XRECORD
  5
572
102
{ACAD_REACTORS
330
571
102
}
330
571
100
AcDbXrecord
280
     1
290
     1
  0
DICTIONARY
  5
573
330
56
100
AcDbDictionary
280
     1
281
     1
  3
ADSK_XREC_LAYER_RECONCILED
360
574
  0
XRECORD
  5
574
102
{ACAD_REACTORS
330
573
102
}
330
573
100
AcDbXrecord
280
     1
290
     1
  0
DICTIONARY
  5
575
330
57
100
AcDbDictionary
280
     1
281
     1
  3
ADSK_XREC_LAYER_RECONCILED
360
576
  0
XRECORD
  5
576
102
{ACAD_REACTORS
330
575
102
}
330
575
100
AcDbXrecord
280
     1
290
     1
  0
DICTIONARY
  5
577
330
15C
100
AcDbDictionary
280
     1
281
     1
  3
ADSK_XREC_LAYER_RECONCILED
360
578
  0
XRECORD
  5
578
102
{ACAD_REACTORS
330
577
102
}
330
577
100
AcDbXrecord
280
     1
290
     1
  0
DICTIONARY
  5
579
330
22C
100
AcDbDictionary
280
     1
281
     1
  3
ADSK_XREC_LAYER_RECONCILED
360
57A
  0
XRECORD
  5
57A
102
{ACAD_REACTORS
330
579
102
}
330
579
100
AcDbXrecord
280
     1
290
     1
  0
DICTIONARY
  5
57B
330
360
100
AcDbDictionary
280
     1
281
     1
  3
ADSK_XREC_LAYER_RECONCILED
360
57C
  0
XRECORD
  5
57C
102
{ACAD_REACTORS
330
57B
102
}
330
57B
100
AcDbXrecord
280
     1
290
     1
  0
DICTIONARY
  5
57D
330
3D6
100
AcDbDictionary
280
     1
281
     1
  3
ADSK_XREC_LAYER_RECONCILED
360
57E
  0
XRECORD
  5
57E
102
{ACAD_REACTORS
330
57D
102
}
330
57D
100
AcDbXrecord
280
     1
290
     1
  0
DICTIONARY
  5
57F
330
3D7
100
AcDbDictionary
280
     1
281
     1
  3
ADSK_XREC_LAYER_RECONCILED
360
580
  0
XRECORD
  5
580
102
{ACAD_REACTORS
330
57F
102
}
330
57F
100
AcDbXrecord
280
     1
290
     1
  0
DICTIONARY
  5
581
330
3D8
100
AcDbDictionary
280
     1
281
     1
  3
ADSK_XREC_LAYER_RECONCILED
360
582
  0
XRECORD
  5
582
102
{ACAD_REACTORS
330
581
102
}
330
581
100
AcDbXrecord
280
     1
290
     1
  0
DICTIONARY
  5
583
330
3D9
100
AcDbDictionary
280
     1
281
     1
  3
ADSK_XREC_LAYER_RECONCILED
360
584
  0
XRECORD
  5
584
102
{ACAD_REACTORS
330
583
102
}
330
583
100
AcDbXrecord
280
     1
290
     1
  0
VISUALSTYLE
  5
586
102
{ACAD_REACTORS
330
4B0
102
}
330
4B0
100
AcDbVisualStyle
  2
Wireframe
 70
     5
177
     2
291
     0
 70
    58
 90
        0
176
     1
 90
        2
176
     1
 90
        0
176
     1
 90
        0
176
     1
 40
0.6
176
     1
 40
30.0
176
     1
 62
     7
420
3271557119
176
     1
 90
        1
176
     1
 90
        4
176
     1
 62
     7
176
     1
 62
   257
176
     1
 90
        1
176
     1
 90
        1
176
     1
 40
1.0
176
     1
 90
        0
176
     1
 62
   257
176
     1
 40
1.0
176
     1
 90
        1
176
     1
 90
        6
176
     1
 90
        2
176
     1
 62
     7
176
     1
 90
        3
176
     1
 90
        0
176
     1
 90
        0
176
     1
290
     0
176
     1
 90
        1
176
     1
 40
0.0
176
     1
 90
        0
176
     1
290
     0
176
     1
290
     1
176
     1
290
     1
176
     1
290
     0
290
     0
176
     1
290
     0
290
     0
176
     1
290
     0
176
     1
290
     0
176
     1
 90
       50
176
     1
 40
0.0
176
     1
 40
1.0
176
     1
 90
        0
176
     1
 62
     0
420
3254779904
176
     1
 90
       50
176
     1
 90
        3
176
     1
 62
     5
420
3254780159
176
     1
290
     0
176
     1
 90
       50
176
     1
 90
       50
176
     1
 90
       50
176
     1
290
     0
176
     1
 90
       50
176
     1
 62
     0
176
     0
 40
1.0
176
     0
 90
        2
176
     1
  1
strokes_ogs.tif
176
     1
290
     0
176
     1
 40
1.0
176
     1
 40
1.0
176
     1
  0
VISUALSTYLE
  5
587
102
{ACAD_REACTORS
330
4B0
102
}
330
4B0
100
AcDbVisualStyle
  2
Hidden
 70
     6
177
     2
291
     0
 70
    58
 90
        1
176
     1
 90
        2
176
     1
 90
        2
176
     1
 90
        0
176
     1
 40
0.6
176
     1
 40
30.0
176
     1
 62
     7
420
3271557119
176
     1
 90
        2
176
     1
 90
        2
176
     1
 62
     7
176
     1
 62
   257
176
     1
 90
        2
176
     1
 90
        1
176
     1
 40
40.0
176
     1
 90
        0
176
     1
 62
   257
176
     1
 40
1.0
176
     1
 90
        1
176
     1
 90
        6
176
     1
 90
        2
176
     1
 62
     7
176
     1
 90
        3
176
     1
 90
        0
176
     1
 90
        0
176
     1
290
     0
176
     1
 90
        1
176
     1
 40
0.0
176
     1
 90
        0
176
     1
290
     0
176
     1
290
     1
176
     1
290
     1
176
     1
290
     0
290
     0
176
     1
290
     0
290
     0
176
     1
290
     0
176
     1
290
     0
176
     1
 90
       50
176
     1
 40
0.0
176
     1
 40
1.0
176
     1
 90
        0
176
     1
 62
     0
420
3254779904
176
     1
 90
       50
176
     1
 90
        3
176
     1
 62
     5
420
3254780159
176
     1
290
     0
176
     1
 90
       50
176
     1
 90
       50
176
     1
 90
       50
176
     1
290
     0
176
     1
 90
       50
176
     1
 62
     0
176
     0
 40
1.0
176
     0
 90
        2
176
     1
  1
strokes_ogs.tif
176
     1
290
     0
176
     1
 40
1.0
176
     1
 40
1.0
176
     1
  0
VISUALSTYLE
  5
588
102
{ACAD_REACTORS
330
4B0
102
}
330
4B0
100
AcDbVisualStyle
  2
Shades of Gray
 70
    23
177
     2
291
     0
 70
    58
 90
        2
176
     1
 90
        2
176
     1
 90
        3
176
     1
 90
        0
176
     1
 40
0.6
176
     1
 40
30.0
176
     1
 62
     7
420
3271557119
176
     1
 90
        2
176
     1
 90
        2
176
     1
 62
     7
176
     1
 62
     7
176
     1
 90
        1
176
     1
 90
        1
176
     1
 40
40.0
176
     1
 90
        8
176
     1
 62
     7
176
     1
 40
1.0
176
     1
 90
        1
176
     1
 90
        6
176
     1
 90
        2
176
     1
 62
     7
176
     1
 90
        3
176
     1
 90
        0
176
     1
 90
        0
176
     1
290
     0
176
     1
 90
        1
176
     1
 40
0.0
176
     1
 90
        0
176
     1
290
     0
176
     1
290
     1
176
     1
290
     1
176
     1
290
     0
290
     0
176
     1
290
     0
290
     0
176
     1
290
     0
176
     1
290
     0
176
     1
 90
       50
176
     1
 40
0.0
176
     1
 40
1.0
176
     1
 90
        0
176
     1
 62
     0
420
3254779904
176
     1
 90
       50
176
     1
 90
        3
176
     1
 62
     5
420
3254780159
176
     1
290
     0
176
     1
 90
       50
176
     1
 90
       50
176
     1
 90
       50
176
     1
290
     0
176
     1
 90
       50
176
     1
 62
     0
176
     0
 40
1.0
176
     0
 90
        2
176
     1
  1
strokes_ogs.tif
176
     1
290
     0
176
     1
 40
1.0
176
     1
 40
1.0
176
     1
  0
VISUALSTYLE
  5
589
102
{ACAD_REACTORS
330
4B0
102
}
330
4B0
100
AcDbVisualStyle
  2
Sketchy
 70
    24
177
     2
291
     0
 70
    58
 90
        1
176
     1
 90
        2
176
     1
 90
        2
176
     1
 90
        0
176
     1
 40
0.6
176
     1
 40
30.0
176
     1
 62
     7
420
3271557119
176
     1
 90
        2
176
     1
 90
        2
176
     1
 62
     7
176
     1
 62
     7
176
     1
 90
        1
176
     1
 90
        1
176
     1
 40
40.0
176
     1
 90
       11
176
     1
 62
     7
176
     1
 40
1.0
176
     1
 90
        1
176
     1
 90
        6
176
     1
 90
        2
176
     1
 62
     7
176
     1
 90
        6
176
     1
 90
        0
176
     1
 90
        0
176
     1
290
     0
176
     1
 90
        1
176
     1
 40
0.0
176
     1
 90
        0
176
     1
290
     0
176
     1
290
     1
176
     1
290
     1
176
     1
290
     0
290
     0
176
     1
290
     0
290
     0
176
     1
290
     0
176
     1
290
     0
176
     1
 90
       50
176
     1
 40
0.0
176
     1
 40
1.0
176
     1
 90
        0
176
     1
 62
     0
420
3254779904
176
     1
 90
       50
176
     1
 90
        3
176
     1
 62
     5
420
3254780159
176
     1
290
     0
176
     1
 90
       50
176
     1
 90
       50
176
     1
 90
       50
176
     1
290
     0
176
     1
 90
       50
176
     1
 62
     0
176
     0
 40
1.0
176
     0
 90
        2
176
     1
  1
strokes_ogs.tif
176
     1
290
     0
176
     1
 40
1.0
176
     1
 40
1.0
176
     1
  0
VISUALSTYLE
  5
58A
102
{ACAD_REACTORS
330
4B0
102
}
330
4B0
100
AcDbVisualStyle
  2
X-Ray
 70
    25
177
     2
291
     0
 70
    58
 90
        2
176
     1
 90
        2
176
     1
 90
        1
176
     1
 90
        1
176
     1
 40
0.5
176
     1
 40
30.0
176
     1
 62
     7
420
3271557119
176
     1
 90
        1
176
     1
 90
        0
176
     1
 62
     7
176
     1
 62
   257
176
     1
 90
        1
176
     1
 90
        1
176
     1
 40
1.0
176
     1
 90
        8
176
     1
 62
     7
176
     1
 40
1.0
176
     1
 90
        1
176
     1
 90
        6
176
     1
 90
        2
176
     1
 62
     7
176
     1
 90
        3
176
     1
 90
        0
176
     1
 90
        0
176
     1
290
     0
176
     1
 90
       13
176
     1
 40
0.0
176
     1
 90
        0
176
     1
290
     0
176
     1
290
     1
176
     1
290
     1
176
     1
290
     0
290
     0
176
     1
290
     0
290
     0
176
     1
290
     0
176
     1
290
     0
176
     1
 90
       50
176
     1
 40
0.0
176
     1
 40
1.0
176
     1
 90
        0
176
     1
 62
     0
420
3254779904
176
     1
 90
       50
176
     1
 90
        3
176
     1
 62
     5
420
3254780159
176
     1
290
     0
176
     1
 90
       50
176
     1
 90
       50
176
     1
 90
       50
176
     1
290
     0
176
     1
 90
       50
176
     1
 62
     0
176
     0
 40
1.0
176
     0
 90
        2
176
     1
  1
strokes_ogs.tif
176
     1
290
     0
176
     1
 40
1.0
176
     1
 40
1.0
176
     1
  0
VISUALSTYLE
  5
58B
102
{ACAD_REACTORS
330
4B0
102
}
330
4B0
100
AcDbVisualStyle
  2
Shaded with edges
 70
    26
177
     2
291
     0
 70
    58
 90
        2
176
     1
 90
        2
176
     1
 90
        1
176
     1
 90
        2
176
     1
 40
0.6
176
     1
 40
30.0
176
     1
 62
     7
420
3271557119
176
     1
 90
        1
176
     1
 90
       10
176
     1
 62
     7
176
     1
 62
   257
176
     1
 90
        2
176
     1
 90
        1
176
     1
 40
1.0
176
     1
 90
        8
176
     1
 62
   257
176
     1
 40
1.0
176
     1
 90
        1
176
     1
 90
        6
176
     1
 90
        2
176
     1
 62
     7
176
     1
 90
        3
176
     1
 90
        0
176
     1
 90
        0
176
     1
290
     0
176
     1
 90
        5
176
     1
 40
0.0
176
     1
 90
        0
176
     1
290
     0
176
     1
290
     1
176
     1
290
     1
176
     1
290
     0
290
     0
176
     1
290
     0
290
     0
176
     1
290
     0
176
     1
290
     0
176
     1
 90
       50
176
     1
 40
0.0
176
     1
 40
1.0
176
     1
 90
        0
176
     1
 62
     0
420
3254779904
176
     1
 90
       50
176
     1
 90
        3
176
     1
 62
     5
420
3254780159
176
     1
290
     0
176
     1
 90
       50
176
     1
 90
       50
176
     1
 90
       50
176
     1
290
     0
176
     1
 90
       50
176
     1
 62
     0
176
     0
 40
1.0
176
     0
 90
        2
176
     1
  1
strokes_ogs.tif
176
     1
290
     0
176
     1
 40
1.0
176
     1
 40
1.0
176
     1
  0
VISUALSTYLE
  5
58C
102
{ACAD_REACTORS
330
4B0
102
}
330
4B0
100
AcDbVisualStyle
  2
Shaded
 70
    27
177
     2
291
     0
 70
    58
 90
        2
176
     1
 90
        2
176
     1
 90
        1
176
     1
 90
        2
176
     1
 40
0.6
176
     1
 40
30.0
176
     1
 62
     7
420
3271557119
176
     1
 90
        0
176
     1
 90
        4
176
     1
 62
     7
176
     1
 62
   257
176
     1
 90
        1
176
     1
 90
        1
176
     1
 40
1.0
176
     1
 90
        8
176
     1
 62
   257
176
     1
 40
1.0
176
     1
 90
        1
176
     1
 90
        6
176
     1
 90
        2
176
     1
 62
   256
420
3262675064
176
     1
 90
        3
176
     1
 90
        0
176
     1
 90
        0
176
     1
290
     0
176
     1
 90
        5
176
     1
 40
0.0
176
     1
 90
        0
176
     1
290
     0
176
     1
290
     1
176
     1
290
     1
176
     1
290
     0
290
     0
176
     1
290
     0
290
     0
176
     1
290
     0
176
     1
290
     0
176
     1
 90
       50
176
     1
 40
0.0
176
     1
 40
1.0
176
     1
 90
        0
176
     1
 62
     0
420
3254779904
176
     1
 90
       50
176
     1
 90
        3
176
     1
 62
     5
420
3254780159
176
     1
290
     0
176
     1
 90
       50
176
     1
 90
       50
176
     1
 90
       50
176
     1
290
     0
176
     1
 90
       50
176
     1
 62
     0
176
     0
 40
1.0
176
     0
 90
        2
176
     1
  1
strokes_ogs.tif
176
     1
290
     0
176
     1
 40
1.0
176
     1
 40
1.0
176
     1
  0
DICTIONARY
  5
58D
102
{ACAD_REACTORS
330
C
102
}
330
C
100
AcDbDictionary
281
     1
  3
Metric50
350
58E
  0
ACDBSECTIONVIEWSTYLE
  5
58E
102
{ACAD_XDICTIONARY
360
6F1
102
}
102
{ACAD_REACTORS
330
58D
102
}
330
58D
100
AcDbModelDocViewStyle
 70
     0
  3
Metric50
290
     0
100
AcDbSectionViewStyle
 70
     0
 71
     0
 90
      102
 71
     1
340
10
 62
     0
 40
5.0
340
0
340
0
 62
     0
 40
5.0
300
I, O, Q, S, X, Z
 40
10.0
 90
        0
 40
2.5
 90
        0
 71
     2
340
14
 90
       25
 62
     0
340
14
 90
       50
 62
     0
 40
5.0
 40
2.5
 40
5.0
 71
     3
340
10
 62
     0
 40
5.0
 90
        0
 40
15.0
 90
        1
300
%<\AcVar ViewSectionStartId>%-%<\AcVar ViewSectionEndId>% (%<\AcVar ViewScale \f "%sn">%)
 71
     4
 62
     0
 62
   257
300
ANSI31
 40
1.0
 90
        0
290
     0
290
     0
 90
        6
 40
0.0
 40
1.570796326794897
 40
0.2617993877991494
 40
1.308996938995747
 40
-0.2617993877991494
 40
1.832595714594046
  0
DICTIONARY
  5
58F
102
{ACAD_REACTORS
330
C
102
}
330
C
100
AcDbDictionary
281
     1
  3
Metric50
350
590
  0
ACDBDETAILVIEWSTYLE
  5
590
102
{ACAD_XDICTIONARY
360
6F3
102
}
102
{ACAD_REACTORS
330
58F
102
}
330
58F
100
AcDbModelDocViewStyle
 70
     0
  3
Metric50
290
     0
100
AcDbDetailViewStyle
 70
     0
 71
     0
 90
        3
 71
     1
340
10
 62
     0
 40
5.0
340
0
 62
     0
 40
5.0
300

 40
0.0
280
     1
 71
     2
340
14
 90
       25
 62
     0
 71
     3
340
10
 62
     0
 40
5.0
 90
        0
 40
15.0
 90
        1
300
%<\AcVar ViewDetailId>% (%<\AcVar ViewScale \f "%sn">%)
 71
     4
340
14
 90
       25
 62
     0
340
14
 90
       25
 62
     0
280
     0
  0
XRECORD
  5
59F
102
{ACAD_REACTORS
330
C
102
}
330
C
100
AcDbXrecord
280
     1
300
ACD
300
2016
300
ACD_F_S
  0
DICTIONARY
  5
6F1
330
58E
100
AcDbDictionary
280
     1
281
     1
  3
ACAD_XREC_ROUNDTRIP
360
14D8
  0
DICTIONARY
  5
6F3
330
590
100
AcDbDictionary
280
     1
281
     1
  3
ACAD_XREC_ROUNDTRIP
360
14D9
  0
DICTIONARYVAR
  5
6F6
102
{ACAD_REACTORS
330
362
102
}
330
362
100
DictionaryVariables
280
     0
  1
Metric50
  0
DICTIONARYVAR
  5
6F7
102
{ACAD_REACTORS
330
362
102
}
330
362
100
DictionaryVariables
280
     0
  1
Metric50
  0
GROUP
  5
88F
102
{ACAD_REACTORS
330
D
102
}
330
D
100
AcDbGroup
300

 70
     0
 71
     1
  0
GROUP
  5
EE0
102
{ACAD_REACTORS
330
D
102
}
330
D
100
AcDbGroup
300

 70
     0
 71
     1
340
BC3
340
BC4
340
BC5
340
BC6
340
BC7
340
BC8
340
BC9
340
BCA
340
BCB
340
BCC
340
BCD
340
BCE
340
BCF
340
BD0
340
BD1
340
BD2
340
BD3
340
BD4
340
BD5
340
BD6
340
BD7
340
BD8
340
BD9
340
BDA
340
BDB
340
BDC
340
BDD
340
BDE
340
BDF
340
BE0
340
BE1
340
BE2
340
BE3
340
BE4
340
BE5
340
BE6
340
BE7
340
BE8
340
BE9
340
BEA
340
BEB
340
BEC
340
BED
340
BEE
340
BEF
340
BF0
340
BF1
340
BF2
340
BF3
340
BF4
340
BF5
340
BF6
340
BF7
340
BF8
340
BF9
340
BFA
340
BFB
340
BFC
340
BFD
340
BFE
340
BFF
340
C00
340
C01
340
C02
340
C03
340
C04
340
C05
340
C06
340
C07
340
C08
340
C09
340
C0A
340
C0B
340
C0C
340
C0D
340
C0E
340
C0F
340
C10
340
C11
340
C12
340
C13
340
C14
340
C15
340
C16
340
C17
340
C18
340
C19
340
C1A
340
C1B
340
C1C
340
C1D
340
C1E
340
C1F
340
C20
340
C21
340
C22
340
C23
340
C24
340
C25
340
C26
340
C27
340
C28
340
C29
340
C2A
340
C2B
340
C2C
340
C2D
340
C2E
340
C2F
340
C30
340
C31
340
C32
340
C33
340
C34
340
C35
340
C36
340
C37
340
C38
340
C39
340
C3A
340
C3B
340
C3C
340
C3D
340
C3E
340
C3F
340
C40
340
C41
340
C42
340
C43
340
C44
340
C45
340
C46
340
C47
340
C48
340
C49
340
C4A
340
C4B
340
C4C
340
C4D
340
C4E
340
C4F
340
C50
340
C51
340
C52
340
C53
340
C54
340
C55
340
C56
340
C57
340
C58
340
C59
340
C5A
340
C5B
340
C5C
340
C5D
340
C5E
340
C5F
340
C60
340
C61
340
C62
340
C63
340
C64
340
C65
340
C66
340
C67
340
C68
340
C69
340
C6A
340
C6B
340
C6C
340
C6D
340
C6E
340
C6F
340
C70
340
C71
340
C72
340
C73
340
C74
340
C75
340
C76
340
C77
340
C78
340
C79
340
C7A
340
C7B
340
C7C
340
C7D
340
C7E
340
C7F
340
C80
340
C81
340
C82
340
C83
340
C84
340
C85
340
C86
340
C87
340
C88
340
C89
340
C8A
340
C8B
  0
GROUP
  5
EE1
102
{ACAD_REACTORS
330
D
102
}
330
D
100
AcDbGroup
300

 70
     0
 71
     1
340
CC8
340
CC9
340
CCA
340
CCB
340
CCC
340
CCD
340
CCE
340
CCF
340
CD0
340
CD1
340
CD2
340
CD3
340
CD4
340
CD5
340
CD6
340
CD7
340
CD8
340
CD9
340
CDA
340
CDB
340
CDC
340
CDD
340
CDE
340
CDF
340
CE0
340
CE1
340
CE2
340
CE3
340
CE4
340
CE5
340
CE6
340
CE7
340
CE8
340
CE9
340
CEA
340
CEB
340
CEC
340
CED
340
CEE
340
CEF
340
CF0
340
CF1
340
CF2
340
CF3
340
CF4
340
CF5
340
CF6
340
CF7
340
CF8
340
CF9
340
CFA
340
CFB
340
CFC
340
CFD
340
CFE
340
CFF
340
D00
340
D01
340
D02
340
D03
340
D04
340
D05
340
D06
340
D07
340
D08
340
D09
340
D0A
340
D0B
340
D0C
340
D0D
340
D0E
340
D0F
340
D10
340
D11
340
D12
340
D13
340
D14
340
D15
340
D16
340
D17
340
D18
340
D19
340
D1A
340
D1B
340
D1C
340
D1D
340
D1E
340
D1F
340
D20
340
D21
340
D22
340
D23
340
D24
340
D25
340
D26
340
D27
340
D28
340
D29
340
D2A
340
D2B
340
D2C
340
D2D
340
D2E
340
D2F
340
D30
340
D31
340
D32
340
D33
340
D34
340
D35
340
D36
340
D37
340
D38
340
D39
340
D3A
340
D3B
340
D3C
340
D3D
340
D3E
340
D3F
340
D40
340
D41
340
D42
340
D43
340
D44
340
D45
340
D46
340
D47
340
D48
340
D49
340
D4A
340
D4B
340
D4C
340
D4D
340
D4E
340
D4F
340
D50
340
D51
340
D52
340
D53
340
D54
340
D55
340
D56
340
D57
340
D58
340
D59
340
D5A
340
D5B
340
D5C
340
D5D
340
D5E
340
D5F
340
C8D
340
C8E
340
C8F
340
C90
340
C91
340
C92
340
C93
340
C94
340
C95
340
C96
340
C97
340
C98
340
C99
340
C9A
340
C9B
340
C9C
340
C9D
340
C9E
340
C9F
340
CA0
340
CA1
340
CA2
340
CA3
340
CA4
340
CA5
340
CA6
340
CA7
340
CA8
340
CA9
340
CAA
340
CAB
340
CAC
340
CAD
340
CAE
340
CAF
340
CB0
340
CB1
340
CB2
340
CB3
340
CB4
340
CB5
340
CB6
340
CB7
340
CB8
340
CB9
340
CBA
340
CBB
340
CBC
340
CBD
340
CBE
340
CBF
340
CC0
340
CC1
340
CC2
340
CC3
340
CC4
340
CC5
340
CC6
340
CC7
  0
GROUP
  5
EE2
102
{ACAD_REACTORS
330
D
102
}
330
D
100
AcDbGroup
300

 70
     0
 71
     1
340
D61
340
D62
340
D63
340
D64
340
D65
340
D66
340
D67
340
D68
340
D69
340
D6A
340
D6B
340
D6C
340
D6D
340
D6E
340
D6F
340
D70
340
D71
340
D72
340
D73
340
D74
340
D75
340
D76
340
D77
340
D78
340
D79
340
D7A
340
D7B
340
D7C
340
D7D
340
D7E
340
D7F
340
D80
340
D81
340
D82
340
D83
340
D84
340
D85
340
D86
340
D87
340
D88
340
D89
340
D8A
340
D8B
340
D8C
340
D8D
340
D8E
340
D8F
340
D90
340
D91
340
D92
340
D93
340
D94
340
D95
340
D96
340
D97
340
D98
340
D99
340
D9A
340
D9B
340
D9C
340
D9D
340
D9E
340
D9F
340
DA0
340
DA1
340
DA2
340
DA3
340
DA4
340
DA5
340
DA6
340
DA7
340
DA8
340
DA9
340
DAA
340
DAB
340
DAC
340
DAD
340
DAE
340
DAF
340
DB0
340
DB1
340
DB2
340
DB3
340
DB4
340
DB5
340
DB6
340
DB7
340
DB8
340
DB9
340
DBA
340
DBB
340
DBC
340
DBD
340
DBE
340
DBF
340
DC0
340
DC1
340
DC2
340
DC3
340
DC4
340
DC5
340
DC6
340
DC7
340
DC8
340
DC9
340
DCA
340
DCB
340
DCC
340
DCD
340
DCE
340
DCF
340
DD0
340
DD1
340
DD2
340
DD3
340
DD4
340
DD5
340
DD6
340
DD7
340
DD8
340
DD9
340
DDA
340
DDB
340
DDC
340
DDD
340
DDE
340
DDF
340
DE0
340
DE1
340
DE2
340
DE3
340
DE4
340
DE5
340
DE6
340
DE7
340
DE8
340
DE9
340
DEA
340
DEB
340
DEC
340
DED
340
DEE
340
DEF
340
DF0
340
DF1
340
DF2
340
DF3
340
DF4
340
DF5
340
DF6
340
DF7
340
DF8
340
DF9
340
DFA
340
DFB
340
DFC
340
DFD
340
DFE
340
DFF
340
E00
340
E01
340
E02
340
E03
340
E04
340
E05
340
E06
340
E07
340
E08
340
E09
340
E0A
340
E0B
340
E0C
340
E0D
340
E0E
340
E0F
340
E10
340
E11
340
E12
340
E13
340
E14
340
E15
340
E16
340
E17
340
E18
340
E19
340
E1A
340
E1B
340
E1C
340
E1D
340
E1E
340
E1F
340
E20
340
E21
340
E22
340
E23
340
E24
340
E25
340
E26
340
E27
340
E28
340
E29
340
E2A
340
E2B
  0
GROUP
  5
EE3
102
{ACAD_REACTORS
330
D
102
}
330
D
100
AcDbGroup
300

 70
     0
 71
     1
340
EA8
340
EA9
340
EAA
340
EAB
340
EAC
340
EAD
340
EAE
340
EAF
340
EB0
340
EB1
340
EB2
340
EB3
340
EB4
340
EB5
340
EB6
340
EB7
340
EB8
340
EB9
340
EBA
340
EBB
340
EBC
340
EBD
340
EBE
340
EBF
340
EC0
340
EC1
340
EC2
340
EC3
340
EC4
340
EC5
340
EC6
340
EC7
340
EC8
340
EC9
340
ECA
340
ECB
340
ECC
340
ECD
340
ECE
340
ECF
340
ED0
340
ED1
340
ED2
340
ED3
340
ED4
340
ED5
340
ED6
340
ED7
340
ED8
340
ED9
340
EDA
340
EDB
340
EDC
340
EDD
340
EDE
340
E2D
340
E2E
340
E2F
340
E30
340
E31
340
E32
340
E33
340
E34
340
E35
340
E36
340
E37
340
E38
340
E39
340
E3A
340
E3B
340
E3C
340
E3D
340
E3E
340
E3F
340
E40
340
E41
340
E42
340
E43
340
E44
340
E45
340
E46
340
E47
340
E48
340
E49
340
E4A
340
E4B
340
E4C
340
E4D
340
E4E
340
E4F
340
E50
340
E51
340
E52
340
E53
340
E54
340
E55
340
E56
340
E57
340
E58
340
E59
340
E5A
340
E5B
340
E5C
340
E5D
340
E5E
340
E5F
340
E60
340
E61
340
E62
340
E63
340
E64
340
E65
340
E66
340
E67
340
E68
340
E69
340
E6A
340
E6B
340
E6C
340
E6D
340
E6E
340
E6F
340
E70
340
E71
340
E72
340
E73
340
E74
340
E75
340
E76
340
E77
340
E78
340
E79
340
E7A
340
E7B
340
E7C
340
E7D
340
E7E
340
E7F
340
E80
340
E81
340
E82
340
E83
340
E84
340
E85
340
E86
340
E87
340
E88
340
E89
340
E8A
340
E8B
340
E8C
340
E8D
340
E8E
340
E8F
340
E90
340
E91
340
E92
340
E93
340
E94
340
E95
340
E96
340
E97
340
E98
340
E99
340
E9A
340
E9B
340
E9C
340
E9D
340
E9E
340
E9F
340
EA0
340
EA1
340
EA2
340
EA3
340
EA4
340
EA5
340
EA6
340
EA7
  0
GROUP
  5
14CA
102
{ACAD_REACTORS
330
D
102
}
330
D
100
AcDbGroup
300

 70
     0
 71
     1
340
1473
340
1474
340
1475
340
1476
340
1477
340
1478
340
1479
340
147A
340
147B
340
147C
340
147D
340
147E
340
147F
340
1480
340
1481
340
1482
340
1483
340
1484
340
1485
340
1486
340
1487
340
1488
340
1489
340
148A
340
148B
340
148C
340
148D
340
148E
340
148F
340
1490
340
1491
340
1492
340
1493
340
1494
340
1495
340
1496
340
1497
340
1498
340
1499
340
149A
340
149B
340
149C
340
149D
340
149E
340
149F
340
14A0
340
14A1
340
14A2
340
14A3
340
14A4
340
14A5
340
14A6
340
14A7
340
14A8
340
14A9
340
14AA
340
14AB
340
14AC
340
14AD
340
14AE
340
14AF
340
14B0
340
14B1
340
14B2
340
14B3
340
14B4
340
14B5
340
14B6
340
14B7
340
14B8
340
14B9
340
14BA
340
14BB
340
14BC
340
14BD
340
14BE
340
14BF
340
14C0
340
14C1
340
14C2
340
14C3
340
11E2
340
11E3
340
11E4
340
11E5
340
11E6
340
11E7
340
11E8
340
11E9
340
11EA
340
11EB
340
11EC
340
11ED
340
11EE
340
11EF
340
11F0
340
11F1
340
11F2
340
11F3
340
11F4
340
11F5
340
11F6
340
11F7
340
11F8
340
11F9
340
11FA
340
11FB
340
11FC
340
11FD
340
11FE
340
11FF
340
1200
340
1201
340
1202
340
1203
340
1204
340
1205
340
1206
340
1207
340
1208
340
1209
340
120A
340
120B
340
120C
340
120D
340
120E
340
120F
340
1210
340
1211
340
1212
340
1213
340
1214
340
1215
340
1216
340
1217
340
1218
340
1219
340
121A
340
121B
340
121C
340
121D
340
121E
340
121F
340
1220
340
1221
340
1222
340
1223
340
1224
340
1225
340
1226
340
1227
340
1228
340
1229
340
122A
340
122B
340
122C
340
122D
340
122E
340
122F
340
1230
340
1231
340
1232
340
1233
340
1234
340
1235
340
1236
340
1237
340
1238
340
1239
340
123A
340
123B
340
123C
340
123D
340
123E
340
123F
340
1240
340
1241
340
1242
340
1243
340
1244
340
1245
340
1246
340
1247
340
1248
340
1249
340
124A
340
124B
340
124C
340
124D
340
124E
340
124F
340
1250
340
1251
340
1252
340
1253
340
1254
340
1255
340
1256
340
1257
340
1258
340
1259
340
125A
340
125B
340
125C
340
125D
340
125E
340
125F
340
1260
340
1261
340
1262
340
1263
340
1264
340
1265
340
1266
340
1267
340
1268
340
1269
340
126A
340
126B
340
126C
340
126D
340
126E
340
126F
340
1270
340
1271
340
1272
340
1273
340
1274
340
1275
340
1276
340
1277
340
1278
340
1279
340
127A
340
127B
340
127C
340
127D
340
127E
340
127F
340
1280
340
1281
340
1282
340
1283
340
1284
340
1285
340
1286
340
1287
340
1288
340
1289
340
128A
340
128B
340
128C
340
128D
340
128E
340
128F
340
1290
340
1291
340
1292
340
1383
340
1384
340
1385
340
1386
340
1387
340
1388
340
1389
340
138A
340
138B
340
138C
340
138D
340
138E
340
138F
340
1390
340
1391
340
1392
340
1393
340
1394
340
1395
340
1396
340
1397
340
1398
340
1399
340
139A
340
139B
340
139C
340
139D
340
139E
340
139F
340
13A0
340
13A1
340
13A2
340
13A3
340
13A4
340
13A5
340
13A6
340
13A7
340
13A8
340
13A9
340
13AA
340
13AB
340
13AC
340
13AD
340
13AE
340
13AF
340
13B0
340
13B1
340
13B2
340
13B3
340
13B4
340
13B5
340
13B6
340
13B7
340
13B8
340
13B9
340
13BA
340
13BB
340
13BC
340
13BD
340
13BE
340
13BF
340
13C0
340
13C1
340
13C2
340
13C3
340
13C4
340
13C5
340
13C6
340
13C7
340
13C8
340
13C9
340
13CA
340
13CB
340
13CC
340
13CD
340
13CE
340
13CF
340
13D0
340
13D1
340
13D2
340
13D3
340
13D4
340
13D5
340
13D6
340
13D7
340
13D8
340
13D9
340
13DA
340
13DB
340
13DC
340
13DD
340
13DE
340
13DF
340
13E0
340
13E1
340
13E2
340
13E3
340
13E4
340
13E5
340
13E6
340
13E7
340
13E8
340
13E9
340
13EA
340
13EB
340
13EC
340
13ED
340
13EE
340
13EF
340
13F0
340
13F1
340
13F2
340
13F3
340
13F4
340
13F5
340
13F6
340
13F7
340
13F8
340
13F9
340
13FA
340
13FB
340
13FC
340
13FD
340
13FE
340
13FF
340
1400
340
1401
340
1402
340
1403
340
1404
340
1405
340
1406
340
1407
340
1408
340
1409
340
140A
340
140B
340
140C
340
140D
340
140E
340
140F
340
1410
340
1411
340
1412
340
1413
340
1414
340
1415
340
1416
340
1417
340
1418
340
1419
340
141A
340
141B
340
141C
340
141D
340
141E
340
141F
340
1420
340
1421
340
1422
340
1423
340
1424
340
1425
340
1426
340
1427
340
1428
340
1429
340
142A
340
142B
340
142C
340
142D
340
142E
340
142F
340
1430
340
1431
340
1432
340
1433
340
1434
340
1435
340
1436
340
1437
340
1438
340
1439
340
143A
340
143B
340
143C
340
143D
340
143E
340
143F
340
1440
340
1441
340
1442
340
1443
340
1444
340
1445
340
1446
340
1447
340
1448
340
1449
340
144A
340
144B
340
144C
340
144D
340
144E
340
144F
340
1450
340
1451
340
1452
340
1453
340
1454
340
1455
340
1456
340
1457
340
1458
340
1459
340
145A
340
145B
340
145C
340
145D
340
145E
340
145F
340
1460
340
1461
340
1462
340
1463
340
1464
340
1465
340
1466
340
1467
340
1468
340
1469
340
146A
340
146B
340
146C
340
146D
340
146E
340
146F
340
1470
340
1471
340
1472
340
1293
340
1294
340
1295
340
1296
340
1297
340
1298
340
1299
340
129A
340
129B
340
129C
340
129D
340
129E
340
129F
340
12A0
340
12A1
340
12A2
340
12A3
340
12A4
340
12A5
340
12A6
340
12A7
340
12A8
340
12A9
340
12AA
340
12AB
340
12AC
340
12AD
340
12AE
340
12AF
340
12B0
340
12B1
340
12B2
340
12B3
340
12B4
340
12B5
340
12B6
340
12B7
340
12B8
340
12B9
340
12BA
340
12BB
340
12BC
340
12BD
340
12BE
340
12BF
340
12C0
340
12C1
340
12C2
340
12C3
340
12C4
340
12C5
340
12C6
340
12C7
340
12C8
340
12C9
340
12CA
340
12CB
340
12CC
340
12CD
340
12CE
340
12CF
340
12D0
340
12D1
340
12D2
340
12D3
340
12D4
340
12D5
340
12D6
340
12D7
340
12D8
340
12D9
340
12DA
340
12DB
340
12DC
340
12DD
340
12DE
340
12DF
340
12E0
340
12E1
340
12E2
340
12E3
340
12E4
340
12E5
340
12E6
340
12E7
340
12E8
340
12E9
340
12EA
340
12EB
340
12EC
340
12ED
340
12EE
340
12EF
340
12F0
340
12F1
340
12F2
340
12F3
340
12F4
340
12F5
340
12F6
340
12F7
340
12F8
340
12F9
340
12FA
340
12FB
340
12FC
340
12FD
340
12FE
340
12FF
340
1300
340
1301
340
1302
340
1303
340
1304
340
1305
340
1306
340
1307
340
1308
340
1309
340
130A
340
130B
340
130C
340
130D
340
130E
340
130F
340
1310
340
1311
340
1312
340
1313
340
1314
340
1315
340
1316
340
1317
340
1318
340
1319
340
131A
340
131B
340
131C
340
131D
340
131E
340
131F
340
1320
340
1321
340
1322
340
1323
340
1324
340
1325
340
1326
340
1327
340
1328
340
1329
340
132A
340
132B
340
132C
340
132D
340
132E
340
132F
340
1330
340
1331
340
1332
340
1333
340
1334
340
1335
340
1336
340
1337
340
1338
340
1339
340
133A
340
133B
340
133C
340
133D
340
133E
340
133F
340
1340
340
1341
340
1342
340
1343
340
1344
340
1345
340
1346
340
1347
340
1348
340
1349
340
134A
340
134B
340
134C
340
134D
340
134E
340
134F
340
1350
340
1351
340
1352
340
1353
340
1354
340
1355
340
1356
340
1357
340
1358
340
1359
340
135A
340
135B
340
135C
340
135D
340
135E
340
135F
340
1360
340
1361
340
1362
340
1363
340
1364
340
1365
340
1366
340
1367
340
1368
340
1369
340
136A
340
136B
340
136C
340
136D
340
136E
340
136F
340
1370
340
1371
340
1372
340
1373
340
1374
340
1375
340
1376
340
1377
340
1378
340
1379
340
137A
340
137B
340
137C
340
137D
340
137E
340
137F
340
1380
340
1381
340
1382
  0
XRECORD
  5
14D8
102
{ACAD_REACTORS
330
6F1
102
}
330
6F1
100
AcDbXrecord
280
     1
102
DISPLAYNAME
  1
Metric50
102
FLAGS
 90
        0
  0
XRECORD
  5
14D9
102
{ACAD_REACTORS
330
6F3
102
}
330
6F3
100
AcDbXrecord
280
     1
102
DISPLAYNAME
  1
Metric50
102
FLAGS
 90
        0
  0
XRECORD
  5
14DA
102
{ACAD_REACTORS
330
C
102
}
330
C
100
AcDbXrecord
280
     1
 90
        1
330
58E
330
590
  0
ENDSEC
  0
SECTION
  2
THUMBNAILIMAGE
 90
     1314
310
1E0500000201E7010000500000000637020000BB040000000000000000000000000000000000000000000000000000000000000000000000000000000000000000000000000000000000000000000000000000000000000000000000000000000000000000000089504E470D0A1A0A0000000D494844520000010000000084
310
080300000048FA052E00000300504C5445000000000000C8C8C80000000000000000000000000000000000000000000000000000330000660000990000CC0000FF0033000033330033660033990033CC0033FF0066000066330066660066990066CC0066FF0099000099330099660099990099CC0099FF00CC0000CC3300CC
310
6600CC9900CCCC00CCFF00FF0000FF3300FF6600FF9900FFCC00FFFF3300003300333300663300993300CC3300FF3333003333333333663333993333CC3333FF3366003366333366663366993366CC3366FF3399003399333399663399993399CC3399FF33CC0033CC3333CC6633CC9933CCCC33CCFF33FF0033FF3333FF66
310
33FF9933FFCC33FFFF6600006600336600666600996600CC6600FF6633006633336633666633996633CC6633FF6666006666336666666666996666CC6666FF6699006699336699666699996699CC6699FF66CC0066CC3366CC6666CC9966CCCC66CCFF66FF0066FF3366FF6666FF9966FFCC66FFFF99000099003399006699
310
00999900CC9900FF9933009933339933669933999933CC9933FF9966009966339966669966999966CC9966FF9999009999339999669999999999CC9999FF99CC0099CC3399CC6699CC9999CCCC99CCFF99FF0099FF3399FF6699FF9999FFCC99FFFFCC0000CC0033CC0066CC0099CC00CCCC00FFCC3300CC3333CC3366CC33
310
99CC33CCCC33FFCC6600CC6633CC6666CC6699CC66CCCC66FFCC9900CC9933CC9966CC9999CC99CCCC99FFCCCC00CCCC33CCCC66CCCC99CCCCCCCCCCFFCCFF00CCFF33CCFF66CCFF99CCFFCCCCFFFFFF0000FF0033FF0066FF0099FF00CCFF00FFFF3300FF3333FF3366FF3399FF33CCFF33FFFF6600FF6633FF6666FF6699
310
FF66CCFF66FFFF9900FF9933FF9966FF9999FF99CCFF99FFFFCC00FFCC33FFCC66FFCC99FFCCCCFFCCFFFFFF00FFFF33FFFF66FFFF99FFFFCCFFFFFF0000000D0D0D1A1A1A2828283535354343435050505D5D5D6B6B6B787878868686939393A1A1A1AEAEAEBBBBBBC9C9C9D6D6D6E4E4E4F1F1F1FFFFFF00000000000000
310
000000000000000000000000000000000000000000000008F1915C000001764944415478DAEDD85D7282301406D02C272FDDFF1B2B611B796FF91189D2419A68C59C33CEC05C6D867E736F44420000000000000000000000000000000000A0AEEE87006AADF4EC8BFD1A558F20341E4048D5A24CE79C82F4862B09400002B8
310
D33F4B7AD54AA50134DF01B15BC43603B89EC7AEC900AED314FBAEC13D60DD01F5EE604F3A02E3BD77D32330E89A1E817A3FE4CE3A02D3B7C1A2D100F2271BF34DC2C134CEBB07F4EB52F6E690430B7B40D8BC238C071F76A57334C0E100C610E203319C2780C747203F1FF685578CC0DE42FFD001D70FC62EFEF603E29347
310
6015C0F4DACAA1AD00961C5ADA0386639C5EABC3D80CB19D3D20EF807533A458E901CB9946203F9D3787A9272E8703973627984277BB4EACF8F0AAFA08EC55EEFE95D5E1B2EC5C993E9EB6975CFEEABD3B60AFB2DD30D91B6967C98F0A60ABF2D400F2D67EC908147D7CAB5218402CEE801B072BA1A4329D970650DA01370E
310
56FA924A8D00AA8DC01FAFBF2FAE0400000000000068C33785CBF5A62AC849EC0000000049454E44AE426082
  0
ENDSEC
  0
EOF
